** Event #0   t=0   Elapsed: 1.1e-05s (0m 00s)  0% completed  (0% total)
     Speed:     ev/sec=0   simsec/sec=0   ev/simsec=0
     Messages:  created: 11   present: 8   in FES: 5
** Event #512   t=2.600972329659   Elapsed: 2.55032s (0m 02s)  0% completed  (0% total)
     Speed:     ev/sec=201.152   simsec/sec=1.01986   ev/simsec=197.234
     Messages:  created: 78   present: 16   in FES: 8
** Event #1024   t=4.986126585564   Elapsed: 4.93536s (0m 04s)  0% completed  (0% total)
     Speed:     ev/sec=214.672   simsec/sec=1.00005   ev/simsec=214.661
     Messages:  created: 139   present: 9   in FES: 5
** Event #1536   t=7.084894401102   Elapsed: 7.03422s (0m 07s)  0% completed  (0% total)
     Speed:     ev/sec=243.942   simsec/sec=0.999957   ev/simsec=243.953
     Messages:  created: 205   present: 13   in FES: 8
** Event #2304   t=9.711061568521   Elapsed: 9.66038s (0m 09s)  0% completed  (0% total)
     Speed:     ev/sec=292.442   simsec/sec=1   ev/simsec=292.441
     Messages:  created: 302   present: 15   in FES: 8
** Event #2816   t=11.796578454087   Elapsed: 11.7459s (0m 11s)  0% completed  (0% total)
     Speed:     ev/sec=245.5   simsec/sec=0.999989   ev/simsec=245.503
     Messages:  created: 365   present: 14   in FES: 7
** Event #3328   t=14.065015831769   Elapsed: 14.0144s (0m 14s)  0% completed  (0% total)
     Speed:     ev/sec=225.699   simsec/sec=0.999969   ev/simsec=225.706
     Messages:  created: 430   present: 17   in FES: 8
** Event #4096   t=16.933981440948   Elapsed: 16.8832s (0m 16s)  0% completed  (0% total)
     Speed:     ev/sec=267.708   simsec/sec=1.00006   ev/simsec=267.692
     Messages:  created: 529   present: 23   in FES: 8
** Event #4864   t=19.139080513045   Elapsed: 19.0883s (0m 19s)  0% completed  (0% total)
     Speed:     ev/sec=348.284   simsec/sec=1   ev/simsec=348.284
     Messages:  created: 630   present: 38   in FES: 8
** Event #5632   t=21.157304964054   Elapsed: 21.1065s (0m 21s)  0% completed  (0% total)
     Speed:     ev/sec=380.547   simsec/sec=1.00004   ev/simsec=380.533
     Messages:  created: 745   present: 89   in FES: 8
** Event #6400   t=23.579799716284   Elapsed: 23.5291s (0m 23s)  0% completed  (0% total)
     Speed:     ev/sec=317.014   simsec/sec=0.999953   ev/simsec=317.029
     Messages:  created: 847   present: 104   in FES: 8
** Event #7168   t=26.06430395687   Elapsed: 26.0135s (0m 26s)  0% completed  (0% total)
     Speed:     ev/sec=309.121   simsec/sec=1.00002   ev/simsec=309.116
     Messages:  created: 937   present: 87   in FES: 8
** Event #7936   t=28.547854802446   Elapsed: 28.497s (0m 28s)  0% completed  (0% total)
     Speed:     ev/sec=309.243   simsec/sec=1.00003   ev/simsec=309.235
     Messages:  created: 1031   present: 82   in FES: 8
** Event #8704   t=30.93846599381   Elapsed: 30.8879s (0m 30s)  0% completed  (0% total)
     Speed:     ev/sec=321.225   simsec/sec=0.999901   ev/simsec=321.257
     Messages:  created: 1121   present: 66   in FES: 8
** Event #9472   t=33.202085898607   Elapsed: 33.1531s (0m 33s)  0% completed  (0% total)
     Speed:     ev/sec=339.036   simsec/sec=0.999283   ev/simsec=339.28
     Messages:  created: 1211   present: 51   in FES: 7
** Event #10240   t=35.881290841169   Elapsed: 35.8306s (0m 35s)  0% completed  (0% total)
     Speed:     ev/sec=286.832   simsec/sec=1.00063   ev/simsec=286.652
     Messages:  created: 1296   present: 22   in FES: 8
** Event #10752   t=38.150375058774   Elapsed: 38.0996s (0m 38s)  0% completed  (0% total)
     Speed:     ev/sec=225.65   simsec/sec=1.00004   ev/simsec=225.642
     Messages:  created: 1358   present: 15   in FES: 8
** Event #11520   t=40.468165723547   Elapsed: 40.4175s (0m 40s)  0% completed  (0% total)
     Speed:     ev/sec=331.339   simsec/sec=0.999966   ev/simsec=331.35
     Messages:  created: 1457   present: 23   in FES: 8
** Event #12288   t=42.580746747554   Elapsed: 42.53s (0m 42s)  0% completed  (0% total)
     Speed:     ev/sec=363.554   simsec/sec=1.00005   ev/simsec=363.536
     Messages:  created: 1561   present: 46   in FES: 8
** Event #13056   t=44.980030002543   Elapsed: 44.9295s (0m 44s)  0% completed  (0% total)
     Speed:     ev/sec=320.073   simsec/sec=0.999928   ev/simsec=320.096
     Messages:  created: 1661   present: 57   in FES: 8
** Event #13824   t=47.668921530725   Elapsed: 47.6184s (0m 47s)  0% completed  (0% total)
     Speed:     ev/sec=285.616   simsec/sec=0.999989   ev/simsec=285.62
     Messages:  created: 1743   present: 18   in FES: 7
** Event #14592   t=49.932711601811   Elapsed: 49.8876s (0m 49s)  0% completed  (0% total)
     Speed:     ev/sec=338.436   simsec/sec=0.997588   ev/simsec=339.254
     Messages:  created: 1839   present: 19   in FES: 7
** Event #15360   t=52.503323521024   Elapsed: 52.4769s (0m 52s)  0% completed  (0% total)
     Speed:     ev/sec=296.614   simsec/sec=0.99281   ev/simsec=298.762
     Messages:  created: 1935   present: 19   in FES: 7
** Event #16128   t=54.877838136788   Elapsed: 54.8417s (0m 54s)  0% completed  (0% total)
     Speed:     ev/sec=324.76   simsec/sec=1.0041   ev/simsec=323.435
     Messages:  created: 2027   present: 13   in FES: 7
** Event #16896   t=57.811103218491   Elapsed: 57.7947s (0m 57s)  0% completed  (0% total)
     Speed:     ev/sec=260.071   simsec/sec=0.993304   ev/simsec=261.824
     Messages:  created: 2123   present: 13   in FES: 6
** Event #17664   t=60.319800242556   Elapsed: 60.2691s (1m 00s)  0% completed  (0% total)
     Speed:     ev/sec=310.386   simsec/sec=1.01389   ev/simsec=306.135
     Messages:  created: 2221   present: 20   in FES: 8
** Event #18176   t=63.603287646842   Elapsed: 63.5525s (1m 03s)  1% completed  (1% total)
     Speed:     ev/sec=155.932   simsec/sec=0.999999   ev/simsec=155.932
     Messages:  created: 2282   present: 11   in FES: 7
** Event #18688   t=65.986950768469   Elapsed: 65.9364s (1m 05s)  1% completed  (1% total)
     Speed:     ev/sec=214.775   simsec/sec=0.999905   ev/simsec=214.795
     Messages:  created: 2346   present: 10   in FES: 6
** Event #19200   t=68.444629546113   Elapsed: 68.394s (1m 08s)  1% completed  (1% total)
     Speed:     ev/sec=208.336   simsec/sec=1.00004   ev/simsec=208.327
     Messages:  created: 2413   present: 19   in FES: 8
** Event #19968   t=71.043950102102   Elapsed: 70.9931s (1m 10s)  1% completed  (1% total)
     Speed:     ev/sec=295.484   simsec/sec=1.00008   ev/simsec=295.462
     Messages:  created: 2508   present: 16   in FES: 7
** Event #20736   t=73.594370542167   Elapsed: 73.5437s (1m 13s)  1% completed  (1% total)
     Speed:     ev/sec=301.115   simsec/sec=0.999961   ev/simsec=301.127
     Messages:  created: 2605   present: 20   in FES: 8
** Event #21504   t=76.754783567577   Elapsed: 76.7042s (1m 16s)  1% completed  (1% total)
     Speed:     ev/sec=242.993   simsec/sec=0.999944   ev/simsec=243.006
     Messages:  created: 2698   present: 12   in FES: 7
** Event #22272   t=78.812037680516   Elapsed: 78.7613s (1m 18s)  1% completed  (1% total)
     Speed:     ev/sec=373.345   simsec/sec=1.00009   ev/simsec=373.313
     Messages:  created: 2808   present: 48   in FES: 8
** Event #23040   t=81.095052854798   Elapsed: 81.0443s (1m 21s)  1% completed  (1% total)
     Speed:     ev/sec=336.406   simsec/sec=1.00003   ev/simsec=336.397
     Messages:  created: 2904   present: 49   in FES: 8
** Event #23808   t=83.563609597308   Elapsed: 83.6001s (1m 23s)  1% completed  (1% total)
     Speed:     ev/sec=300.495   simsec/sec=0.96587   ev/simsec=311.113
     Messages:  created: 2989   present: 23   in FES: 7
** Event #24576   t=86.607499782139   Elapsed: 86.5826s (1m 26s)  1% completed  (1% total)
     Speed:     ev/sec=257.494   simsec/sec=1.02055   ev/simsec=252.309
     Messages:  created: 3082   present: 15   in FES: 7
** Event #25344   t=88.686680629923   Elapsed: 88.6359s (1m 28s)  1% completed  (1% total)
     Speed:     ev/sec=374.049   simsec/sec=1.01265   ev/simsec=369.376
     Messages:  created: 3182   present: 25   in FES: 8
** Event #26112   t=90.728667690152   Elapsed: 90.6779s (1m 30s)  1% completed  (1% total)
     Speed:     ev/sec=376.091   simsec/sec=0.999965   ev/simsec=376.104
     Messages:  created: 3276   present: 21   in FES: 7
** Event #26880   t=93.623338334579   Elapsed: 93.5977s (1m 33s)  1% completed  (1% total)
     Speed:     ev/sec=263.032   simsec/sec=0.991395   ev/simsec=265.315
     Messages:  created: 3368   present: 10   in FES: 6
** Event #27392   t=96.587994907998   Elapsed: 96.5389s (1m 36s)  1% completed  (1% total)
     Speed:     ev/sec=174.078   simsec/sec=1.00797   ev/simsec=172.701
     Messages:  created: 3432   present: 10   in FES: 6
** Event #27904   t=98.729089503926   Elapsed: 98.6785s (1m 38s)  1% completed  (1% total)
     Speed:     ev/sec=239.298   simsec/sec=1.0007   ev/simsec=239.13
     Messages:  created: 3496   present: 9   in FES: 5
** Event #28416   t=101.494726481973   Elapsed: 101.444s (1m 41s)  1% completed  (1% total)
     Speed:     ev/sec=185.143   simsec/sec=1.00008   ev/simsec=185.129
     Messages:  created: 3560   present: 9   in FES: 5
** Event #28928   t=103.805764272563   Elapsed: 103.755s (1m 43s)  1% completed  (1% total)
     Speed:     ev/sec=221.527   simsec/sec=0.999916   ev/simsec=221.545
     Messages:  created: 3625   present: 12   in FES: 7
** Event #29440   t=106.061399862209   Elapsed: 106.011s (1m 46s)  1% completed  (1% total)
     Speed:     ev/sec=226.996   simsec/sec=1.00004   ev/simsec=226.987
     Messages:  created: 3690   present: 14   in FES: 8
** Event #29952   t=108.346193439669   Elapsed: 108.32s (1m 48s)  1% completed  (1% total)
     Speed:     ev/sec=221.715   simsec/sec=0.989399   ev/simsec=224.09
     Messages:  created: 3752   present: 10   in FES: 5
** Event #30720   t=111.674172402109   Elapsed: 111.624s (1m 51s)  1% completed  (1% total)
     Speed:     ev/sec=232.473   simsec/sec=1.00738   ev/simsec=230.771
     Messages:  created: 3849   present: 12   in FES: 7
** Event #31744   t=114.75049864062   Elapsed: 114.7s (1m 54s)  1% completed  (1% total)
     Speed:     ev/sec=332.864   simsec/sec=0.999998   ev/simsec=332.865
     Messages:  created: 3975   present: 10   in FES: 6
** Event #32256   t=117.871550051895   Elapsed: 117.822s (1m 57s)  1% completed  (1% total)
     Speed:     ev/sec=163.974   simsec/sec=0.999555   ev/simsec=164.047
     Messages:  created: 4039   present: 11   in FES: 7
** Event #33024   t=121.750232820258   Elapsed: 121.7s (2m 01s)  1% completed  (1% total)
     Speed:     ev/sec=198.084   simsec/sec=1.0004   ev/simsec=198.005
     Messages:  created: 4135   present: 11   in FES: 7
** Event #33536   t=124.507375726738   Elapsed: 124.457s (2m 04s)  1% completed  (1% total)
     Speed:     ev/sec=185.702   simsec/sec=1.00002   ev/simsec=185.699
     Messages:  created: 4198   present: 10   in FES: 6
** Event #33792   t=126.673043123485   Elapsed: 126.649s (2m 06s)  2% completed  (2% total)
     Speed:     ev/sec=116.78   simsec/sec=0.987915   ev/simsec=118.208
     Messages:  created: 4231   present: 12   in FES: 7
** Event #34560   t=129.271459491895   Elapsed: 129.221s (2m 09s)  2% completed  (2% total)
     Speed:     ev/sec=298.612   simsec/sec=1.01031   ev/simsec=295.565
     Messages:  created: 4326   present: 9   in FES: 5
** Event #35072   t=131.351652659073   Elapsed: 131.301s (2m 11s)  2% completed  (2% total)
     Speed:     ev/sec=246.125   simsec/sec=0.999977   ev/simsec=246.131
     Messages:  created: 4390   present: 9   in FES: 5
** Event #35584   t=133.47105851386   Elapsed: 133.42s (2m 13s)  2% completed  (2% total)
     Speed:     ev/sec=241.568   simsec/sec=0.999962   ev/simsec=241.577
     Messages:  created: 4456   present: 14   in FES: 8
** Event #35840   t=135.594984167841   Elapsed: 135.556s (2m 15s)  2% completed  (2% total)
     Speed:     ev/sec=119.859   simsec/sec=0.994417   ev/simsec=120.532
     Messages:  created: 4487   present: 12   in FES: 7
** Event #36352   t=137.871111235826   Elapsed: 137.821s (2m 17s)  2% completed  (2% total)
     Speed:     ev/sec=226.121   simsec/sec=1.00524   ev/simsec=224.944
     Messages:  created: 4550   present: 10   in FES: 6
** Event #36864   t=141.346543255244   Elapsed: 141.296s (2m 21s)  2% completed  (2% total)
     Speed:     ev/sec=147.328   simsec/sec=1.00006   ev/simsec=147.32
     Messages:  created: 4614   present: 10   in FES: 6
** Event #37120   t=143.911827752481   Elapsed: 143.861s (2m 23s)  2% completed  (2% total)
     Speed:     ev/sec=99.7923   simsec/sec=0.999983   ev/simsec=99.794
     Messages:  created: 4645   present: 10   in FES: 6
** Event #37376   t=146.41124803276   Elapsed: 146.36s (2m 26s)  2% completed  (2% total)
     Speed:     ev/sec=102.423   simsec/sec=0.999995   ev/simsec=102.424
     Messages:  created: 4677   present: 9   in FES: 5
** Event #37888   t=149.390559727417   Elapsed: 149.34s (2m 29s)  2% completed  (2% total)
     Speed:     ev/sec=171.848   simsec/sec=0.999976   ev/simsec=171.852
     Messages:  created: 4741   present: 9   in FES: 5
** Event #38400   t=152.347811943252   Elapsed: 152.297s (2m 32s)  2% completed  (2% total)
     Speed:     ev/sec=173.14   simsec/sec=1.00004   ev/simsec=173.134
     Messages:  created: 4805   present: 10   in FES: 6
** Event #38656   t=154.449060230961   Elapsed: 154.398s (2m 34s)  2% completed  (2% total)
     Speed:     ev/sec=121.83   simsec/sec=0.999978   ev/simsec=121.832
     Messages:  created: 4837   present: 10   in FES: 6
** Event #39424   t=156.769939194255   Elapsed: 156.719s (2m 36s)  2% completed  (2% total)
     Speed:     ev/sec=330.917   simsec/sec=1.00002   ev/simsec=330.909
     Messages:  created: 4946   present: 44   in FES: 8
** Event #40192   t=159.877907869174   Elapsed: 159.829s (2m 39s)  2% completed  (2% total)
     Speed:     ev/sec=246.938   simsec/sec=0.999316   ev/simsec=247.107
     Messages:  created: 5030   present: 13   in FES: 7
** Event #40960   t=162.142216756677   Elapsed: 162.092s (2m 42s)  2% completed  (2% total)
     Speed:     ev/sec=339.473   simsec/sec=1.00088   ev/simsec=339.176
     Messages:  created: 5126   present: 13   in FES: 7
** Event #41472   t=164.423674994165   Elapsed: 164.373s (2m 44s)  2% completed  (2% total)
     Speed:     ev/sec=224.408   simsec/sec=0.999955   ev/simsec=224.418
     Messages:  created: 5189   present: 10   in FES: 6
** Event #41984   t=166.671781108442   Elapsed: 166.621s (2m 46s)  2% completed  (2% total)
     Speed:     ev/sec=227.755   simsec/sec=1.00004   ev/simsec=227.747
     Messages:  created: 5253   present: 10   in FES: 6
** Event #42496   t=168.798524867301   Elapsed: 168.761s (2m 48s)  2% completed  (2% total)
     Speed:     ev/sec=239.314   simsec/sec=0.994062   ev/simsec=240.744
     Messages:  created: 5318   present: 13   in FES: 6
** Event #43264   t=171.90387862117   Elapsed: 171.853s (2m 51s)  2% completed  (2% total)
     Speed:     ev/sec=248.342   simsec/sec=1.00415   ev/simsec=247.315
     Messages:  created: 5413   present: 9   in FES: 5
** Event #44032   t=174.348436243741   Elapsed: 174.298s (2m 54s)  2% completed  (2% total)
     Speed:     ev/sec=314.166   simsec/sec=0.999995   ev/simsec=314.167
     Messages:  created: 5509   present: 13   in FES: 8
** Event #44544   t=176.806764225444   Elapsed: 176.756s (2m 56s)  2% completed  (2% total)
     Speed:     ev/sec=208.271   simsec/sec=0.999998   ev/simsec=208.272
     Messages:  created: 5571   present: 9   in FES: 5
** Event #45312   t=179.465824104961   Elapsed: 179.415s (2m 59s)  2% completed  (2% total)
     Speed:     ev/sec=288.814   simsec/sec=0.999964   ev/simsec=288.824
     Messages:  created: 5668   present: 10   in FES: 6
** Event #46080   t=181.928098018461   Elapsed: 181.877s (3m 01s)  2% completed  (2% total)
     Speed:     ev/sec=311.915   simsec/sec=1.00003   ev/simsec=311.907
     Messages:  created: 5765   present: 14   in FES: 8
** Event #46848   t=184.172824979287   Elapsed: 184.122s (3m 04s)  2% completed  (2% total)
     Speed:     ev/sec=342.143   simsec/sec=1.00002   ev/simsec=342.135
     Messages:  created: 5862   present: 17   in FES: 8
** Event #47872   t=186.568743842372   Elapsed: 186.525s (3m 06s)  2% completed  (2% total)
     Speed:     ev/sec=426.067   simsec/sec=0.996896   ev/simsec=427.393
     Messages:  created: 5989   present: 15   in FES: 7
** Event #48896   t=189.145556509586   Elapsed: 189.095s (3m 09s)  3% completed  (3% total)
     Speed:     ev/sec=398.561   simsec/sec=1.00295   ev/simsec=397.39
     Messages:  created: 6116   present: 12   in FES: 8
** Event #49408   t=191.84664167783   Elapsed: 191.796s (3m 11s)  3% completed  (3% total)
     Speed:     ev/sec=189.545   simsec/sec=0.999955   ev/simsec=189.553
     Messages:  created: 6180   present: 11   in FES: 7
** Event #49920   t=194.075878564456   Elapsed: 194.025s (3m 14s)  3% completed  (3% total)
     Speed:     ev/sec=229.673   simsec/sec=0.999991   ev/simsec=229.675
     Messages:  created: 6244   present: 12   in FES: 7
** Event #50432   t=196.212413689275   Elapsed: 196.162s (3m 16s)  3% completed  (3% total)
     Speed:     ev/sec=239.633   simsec/sec=0.999969   ev/simsec=239.64
     Messages:  created: 6308   present: 11   in FES: 7
** Event #51200   t=198.504028862049   Elapsed: 198.453s (3m 18s)  3% completed  (3% total)
     Speed:     ev/sec=335.147   simsec/sec=1.00004   ev/simsec=335.135
     Messages:  created: 6409   present: 25   in FES: 8
** Event #52224   t=201.578452874037   Elapsed: 201.528s (3m 21s)  3% completed  (3% total)
     Speed:     ev/sec=333.061   simsec/sec=0.999972   ev/simsec=333.071
     Messages:  created: 6531   present: 9   in FES: 5
** Event #52736   t=204.326189726522   Elapsed: 204.275s (3m 24s)  3% completed  (3% total)
     Speed:     ev/sec=186.346   simsec/sec=1.00006   ev/simsec=186.335
     Messages:  created: 6594   present: 10   in FES: 6
** Event #53248   t=206.880569050956   Elapsed: 206.83s (3m 26s)  3% completed  (3% total)
     Speed:     ev/sec=200.436   simsec/sec=0.999982   ev/simsec=200.44
     Messages:  created: 6658   present: 11   in FES: 6
** Event #53760   t=209.018103366926   Elapsed: 208.998s (3m 28s)  3% completed  (3% total)
     Speed:     ev/sec=236.15   simsec/sec=0.985895   ev/simsec=239.528
     Messages:  created: 6721   present: 8   in FES: 4
** Event #54272   t=211.088703196119   Elapsed: 211.038s (3m 31s)  3% completed  (3% total)
     Speed:     ev/sec=250.978   simsec/sec=1.01499   ev/simsec=247.271
     Messages:  created: 6790   present: 20   in FES: 8
** Event #55296   t=213.728186714166   Elapsed: 213.694s (3m 33s)  3% completed  (3% total)
     Speed:     ev/sec=385.593   simsec/sec=0.993912   ev/simsec=387.955
     Messages:  created: 6916   present: 16   in FES: 6
** Event #56064   t=216.88009121618   Elapsed: 216.829s (3m 36s)  3% completed  (3% total)
     Speed:     ev/sec=244.915   simsec/sec=1.00514   ev/simsec=243.662
     Messages:  created: 7010   present: 10   in FES: 6
** Event #56832   t=219.034490175976   Elapsed: 218.984s (3m 38s)  3% completed  (3% total)
     Speed:     ev/sec=356.479   simsec/sec=0.999999   ev/simsec=356.48
     Messages:  created: 7109   present: 18   in FES: 8
** Event #57344   t=221.412456144839   Elapsed: 221.362s (3m 41s)  3% completed  (3% total)
     Speed:     ev/sec=215.313   simsec/sec=1.00001   ev/simsec=215.31
     Messages:  created: 7170   present: 10   in FES: 6
** Event #58112   t=224.172579987299   Elapsed: 224.122s (3m 44s)  3% completed  (3% total)
     Speed:     ev/sec=278.235   simsec/sec=0.999951   ev/simsec=278.248
     Messages:  created: 7266   present: 10   in FES: 6
** Event #58880   t=226.770504156073   Elapsed: 226.72s (3m 46s)  3% completed  (3% total)
     Speed:     ev/sec=295.635   simsec/sec=1.00005   ev/simsec=295.621
     Messages:  created: 7362   present: 11   in FES: 7
** Event #59648   t=229.341661141082   Elapsed: 229.335s (3m 49s)  3% completed  (3% total)
     Speed:     ev/sec=293.642   simsec/sec=0.983073   ev/simsec=298.698
     Messages:  created: 7457   present: 8   in FES: 4
** Event #60416   t=231.723094544679   Elapsed: 231.672s (3m 51s)  3% completed  (3% total)
     Speed:     ev/sec=328.589   simsec/sec=1.0189   ev/simsec=322.495
     Messages:  created: 7555   present: 12   in FES: 8
** Event #60928   t=233.830363425244   Elapsed: 233.78s (3m 53s)  3% completed  (3% total)
     Speed:     ev/sec=242.985   simsec/sec=1.00007   ev/simsec=242.969
     Messages:  created: 7618   present: 15   in FES: 8
** Event #61440   t=236.114384558311   Elapsed: 236.067s (3m 56s)  3% completed  (3% total)
     Speed:     ev/sec=223.804   simsec/sec=0.998385   ev/simsec=224.166
     Messages:  created: 7680   present: 9   in FES: 5
** Event #61952   t=238.329318424969   Elapsed: 238.279s (3m 58s)  3% completed  (3% total)
     Speed:     ev/sec=231.521   simsec/sec=1.00157   ev/simsec=231.158
     Messages:  created: 7746   present: 13   in FES: 8
** Event #62464   t=241.310328905441   Elapsed: 241.282s (4m 01s)  3% completed  (3% total)
     Speed:     ev/sec=170.483   simsec/sec=0.992598   ev/simsec=171.754
     Messages:  created: 7808   present: 10   in FES: 6
** Event #63232   t=243.539743399102   Elapsed: 243.489s (4m 03s)  3% completed  (3% total)
     Speed:     ev/sec=347.961   simsec/sec=1.01009   ev/simsec=344.485
     Messages:  created: 7915   present: 38   in FES: 8
** Event #64000   t=246.067599357829   Elapsed: 246.017s (4m 06s)  3% completed  (3% total)
     Speed:     ev/sec=303.824   simsec/sec=1.00003   ev/simsec=303.815
     Messages:  created: 8005   present: 23   in FES: 8
** Event #64768   t=249.003280913834   Elapsed: 248.995s (4m 08s)  3% completed  (3% total)
     Speed:     ev/sec=257.862   simsec/sec=0.985677   ev/simsec=261.609
     Messages:  created: 8096   present: 10   in FES: 6
** Event #65536   t=251.96912733841   Elapsed: 251.938s (4m 11s)  3% completed  (3% total)
     Speed:     ev/sec=260.952   simsec/sec=1.00774   ev/simsec=258.948
     Messages:  created: 8192   present: 10   in FES: 5
** Event #66304   t=254.434607181751   Elapsed: 254.384s (4m 14s)  4% completed  (4% total)
     Speed:     ev/sec=314.027   simsec/sec=1.00811   ev/simsec=311.501
     Messages:  created: 8289   present: 12   in FES: 8
** Event #67072   t=256.650649315124   Elapsed: 256.638s (4m 16s)  4% completed  (4% total)
     Speed:     ev/sec=340.665   simsec/sec=0.982979   ev/simsec=346.564
     Messages:  created: 8384   present: 10   in FES: 6
** Event #67840   t=259.627457080981   Elapsed: 259.577s (4m 19s)  4% completed  (4% total)
     Speed:     ev/sec=261.376   simsec/sec=1.01311   ev/simsec=257.994
     Messages:  created: 8480   present: 9   in FES: 5
** Event #68352   t=262.374563629425   Elapsed: 262.347s (4m 22s)  4% completed  (4% total)
     Speed:     ev/sec=184.819   simsec/sec=0.991633   ev/simsec=186.378
     Messages:  created: 8544   present: 10   in FES: 6
** Event #69120   t=265.060247659674   Elapsed: 265.009s (4m 25s)  4% completed  (4% total)
     Speed:     ev/sec=288.449   simsec/sec=1.0087   ev/simsec=285.961
     Messages:  created: 8638   present: 9   in FES: 5
** Event #69632   t=268.772785246089   Elapsed: 268.722s (4m 28s)  4% completed  (4% total)
     Speed:     ev/sec=137.913   simsec/sec=1.00001   ev/simsec=137.911
     Messages:  created: 8703   present: 10   in FES: 6
** Event #70144   t=271.893730443963   Elapsed: 271.843s (4m 31s)  4% completed  (4% total)
     Speed:     ev/sec=164.051   simsec/sec=0.999991   ev/simsec=164.053
     Messages:  created: 8767   present: 10   in FES: 6
** Event #70400   t=274.279694273934   Elapsed: 274.229s (4m 34s)  4% completed  (4% total)
     Speed:     ev/sec=107.291   simsec/sec=0.999974   ev/simsec=107.294
     Messages:  created: 8798   present: 9   in FES: 5
** Event #70912   t=276.841367197223   Elapsed: 276.805s (4m 36s)  4% completed  (4% total)
     Speed:     ev/sec=198.734   simsec/sec=0.99432   ev/simsec=199.869
     Messages:  created: 8863   present: 11   in FES: 7
** Event #71424   t=279.447904459008   Elapsed: 279.397s (4m 39s)  4% completed  (4% total)
     Speed:     ev/sec=197.541   simsec/sec=1.00566   ev/simsec=196.429
     Messages:  created: 8926   present: 9   in FES: 5
** Event #71936   t=282.137973445147   Elapsed: 282.087s (4m 42s)  4% completed  (4% total)
     Speed:     ev/sec=190.325   simsec/sec=0.999974   ev/simsec=190.33
     Messages:  created: 8990   present: 9   in FES: 5
** Event #72448   t=285.053352296265   Elapsed: 285.003s (4m 45s)  4% completed  (4% total)
     Speed:     ev/sec=175.615   simsec/sec=0.999971   ev/simsec=175.62
     Messages:  created: 9055   present: 10   in FES: 6
** Event #72960   t=288.003842130412   Elapsed: 287.953s (4m 47s)  4% completed  (4% total)
     Speed:     ev/sec=173.54   simsec/sec=1.00005   ev/simsec=173.531
     Messages:  created: 9118   present: 9   in FES: 5
** Event #73728   t=291.327897657531   Elapsed: 291.277s (4m 51s)  4% completed  (4% total)
     Speed:     ev/sec=231.038   simsec/sec=0.999978   ev/simsec=231.043
     Messages:  created: 9215   present: 10   in FES: 6
** Event #74240   t=293.822631291502   Elapsed: 293.772s (4m 53s)  4% completed  (4% total)
     Speed:     ev/sec=205.239   simsec/sec=1.00003   ev/simsec=205.232
     Messages:  created: 9277   present: 10   in FES: 6
** Event #75008   t=296.222911578773   Elapsed: 296.172s (4m 56s)  4% completed  (4% total)
     Speed:     ev/sec=319.957   simsec/sec=0.999983   ev/simsec=319.963
     Messages:  created: 9373   present: 10   in FES: 6
** Event #75520   t=299.216936590248   Elapsed: 299.166s (4m 59s)  4% completed  (4% total)
     Speed:     ev/sec=170.999   simsec/sec=0.999954   ev/simsec=171.007
     Messages:  created: 9437   present: 9   in FES: 5
** Event #75776   t=301.77491472706   Elapsed: 301.724s (5m 01s)  4% completed  (4% total)
     Speed:     ev/sec=100.079   simsec/sec=1   ev/simsec=100.079
     Messages:  created: 9470   present: 12   in FES: 7
** Event #76032   t=304.061752554811   Elapsed: 304.011s (5m 04s)  4% completed  (4% total)
     Speed:     ev/sec=111.952   simsec/sec=1.00006   ev/simsec=111.945
     Messages:  created: 9501   present: 9   in FES: 5
** Event #76288   t=306.068261114348   Elapsed: 306.017s (5m 06s)  4% completed  (4% total)
     Speed:     ev/sec=127.586   simsec/sec=1.00001   ev/simsec=127.585
     Messages:  created: 9533   present: 9   in FES: 5
** Event #76800   t=308.739494289018   Elapsed: 308.689s (5m 08s)  4% completed  (4% total)
     Speed:     ev/sec=191.656   simsec/sec=0.999919   ev/simsec=191.672
     Messages:  created: 9597   present: 9   in FES: 5
** Event #77312   t=311.370578652782   Elapsed: 311.32s (5m 11s)  4% completed  (4% total)
     Speed:     ev/sec=194.612   simsec/sec=1.00008   ev/simsec=194.597
     Messages:  created: 9661   present: 9   in FES: 5
** Event #77824   t=314.62211649694   Elapsed: 314.571s (5m 14s)  4% completed  (4% total)
     Speed:     ev/sec=157.464   simsec/sec=1   ev/simsec=157.464
     Messages:  created: 9725   present: 9   in FES: 5
** Event #78336   t=317.496912735469   Elapsed: 317.446s (5m 17s)  5% completed  (5% total)
     Speed:     ev/sec=178.097   simsec/sec=0.999986   ev/simsec=178.1
     Messages:  created: 9789   present: 10   in FES: 6
** Event #78848   t=321.043772067343   Elapsed: 320.993s (5m 20s)  5% completed  (5% total)
     Speed:     ev/sec=144.355   simsec/sec=1.00001   ev/simsec=144.353
     Messages:  created: 9853   present: 9   in FES: 5
** Event #79616   t=324.08811434602   Elapsed: 324.037s (5m 24s)  5% completed  (5% total)
     Speed:     ev/sec=252.273   simsec/sec=1.00001   ev/simsec=252.271
     Messages:  created: 9947   present: 9   in FES: 5
** Event #80128   t=327.098233785645   Elapsed: 327.068s (5m 27s)  5% completed  (5% total)
     Speed:     ev/sec=168.937   simsec/sec=0.993204   ev/simsec=170.093
     Messages:  created: 10013   present: 14   in FES: 7
** Event #80640   t=329.696057909064   Elapsed: 329.652s (5m 29s)  5% completed  (5% total)
     Speed:     ev/sec=198.123   simsec/sec=1.00525   ev/simsec=197.088
     Messages:  created: 10077   present: 14   in FES: 7
** Event #81408   t=332.016334614854   Elapsed: 331.972s (5m 31s)  5% completed  (5% total)
     Speed:     ev/sec=331.069   simsec/sec=1.00022   ev/simsec=330.995
     Messages:  created: 10171   present: 9   in FES: 5
** Event #81920   t=334.076069381966   Elapsed: 334.069s (5m 34s)  5% completed  (5% total)
     Speed:     ev/sec=244.214   simsec/sec=0.982455   ev/simsec=248.576
     Messages:  created: 10235   present: 9   in FES: 5
** Event #82432   t=336.729162200422   Elapsed: 336.678s (5m 36s)  5% completed  (5% total)
     Speed:     ev/sec=196.179   simsec/sec=1.01656   ev/simsec=192.982
     Messages:  created: 10301   present: 13   in FES: 7
** Event #82944   t=339.283321433657   Elapsed: 339.233s (5m 39s)  5% completed  (5% total)
     Speed:     ev/sec=200.447   simsec/sec=0.999949   ev/simsec=200.457
     Messages:  created: 10364   present: 12   in FES: 8
** Event #83456   t=342.315814418811   Elapsed: 342.265s (5m 42s)  5% completed  (5% total)
     Speed:     ev/sec=168.845   simsec/sec=1.00004   ev/simsec=168.838
     Messages:  created: 10428   present: 12   in FES: 8
** Event #83968   t=345.411226637463   Elapsed: 345.362s (5m 45s)  5% completed  (5% total)
     Speed:     ev/sec=165.322   simsec/sec=0.999493   ev/simsec=165.406
     Messages:  created: 10491   present: 9   in FES: 5
** Event #84480   t=348.979068526086   Elapsed: 348.928s (5m 48s)  5% completed  (5% total)
     Speed:     ev/sec=143.569   simsec/sec=1.00045   ev/simsec=143.504
     Messages:  created: 10558   present: 16   in FES: 8
** Event #84992   t=351.587342635033   Elapsed: 351.551s (5m 51s)  5% completed  (5% total)
     Speed:     ev/sec=195.202   simsec/sec=0.994417   ev/simsec=196.298
     Messages:  created: 10619   present: 9   in FES: 5
** Event #85248   t=354.010872300487   Elapsed: 353.96s (5m 53s)  5% completed  (5% total)
     Speed:     ev/sec=106.272   simsec/sec=1.00606   ev/simsec=105.631
     Messages:  created: 10650   present: 9   in FES: 5
** Event #85760   t=357.073422067196   Elapsed: 357.023s (5m 57s)  5% completed  (5% total)
     Speed:     ev/sec=167.174   simsec/sec=0.999961   ev/simsec=167.181
     Messages:  created: 10714   present: 9   in FES: 5
** Event #86272   t=359.326113103811   Elapsed: 359.275s (5m 59s)  5% completed  (5% total)
     Speed:     ev/sec=227.29   simsec/sec=1.00003   ev/simsec=227.284
     Messages:  created: 10780   present: 15   in FES: 8
** Event #87040   t=362.41442611884   Elapsed: 362.364s (6m 02s)  5% completed  (5% total)
     Speed:     ev/sec=248.682   simsec/sec=1.00001   ev/simsec=248.679
     Messages:  created: 10874   present: 10   in FES: 6
** Event #87552   t=364.462590712033   Elapsed: 364.412s (6m 04s)  5% completed  (5% total)
     Speed:     ev/sec=249.987   simsec/sec=1.00003   ev/simsec=249.98
     Messages:  created: 10937   present: 9   in FES: 5
** Event #88320   t=367.148396384133   Elapsed: 367.099s (6m 07s)  5% completed  (5% total)
     Speed:     ev/sec=285.759   simsec/sec=0.999339   ev/simsec=285.948
     Messages:  created: 11034   present: 11   in FES: 6
** Event #88832   t=369.601026965686   Elapsed: 369.55s (6m 09s)  5% completed  (5% total)
     Speed:     ev/sec=208.906   simsec/sec=1.00072   ev/simsec=208.755
     Messages:  created: 11097   present: 9   in FES: 5
** Event #89344   t=371.825374929472   Elapsed: 371.775s (6m 11s)  5% completed  (5% total)
     Speed:     ev/sec=230.174   simsec/sec=0.999973   ev/simsec=230.18
     Messages:  created: 11163   present: 13   in FES: 7
** Event #89856   t=374.445697201608   Elapsed: 374.395s (6m 14s)  5% completed  (5% total)
     Speed:     ev/sec=195.402   simsec/sec=1.00003   ev/simsec=195.396
     Messages:  created: 11225   present: 9   in FES: 5
** Event #90112   t=377.098353115908   Elapsed: 377.048s (6m 17s)  5% completed  (5% total)
     Speed:     ev/sec=96.502   simsec/sec=0.999947   ev/simsec=96.5071
     Messages:  created: 11257   present: 9   in FES: 5
** Event #90368   t=379.421115363907   Elapsed: 379.37s (6m 19s)  6% completed  (6% total)
     Speed:     ev/sec=110.222   simsec/sec=1.00007   ev/simsec=110.214
     Messages:  created: 11290   present: 10   in FES: 6
** Event #90880   t=382.404431635741   Elapsed: 382.354s (6m 22s)  6% completed  (6% total)
     Speed:     ev/sec=171.609   simsec/sec=0.999931   ev/simsec=171.621
     Messages:  created: 11354   present: 10   in FES: 6
** Event #91648   t=385.160615079328   Elapsed: 385.11s (6m 25s)  6% completed  (6% total)
     Speed:     ev/sec=278.653   simsec/sec=1.00003   ev/simsec=278.646
     Messages:  created: 11448   present: 10   in FES: 6
** Event #92160   t=387.957881443929   Elapsed: 387.907s (6m 27s)  6% completed  (6% total)
     Speed:     ev/sec=183.044   simsec/sec=1.00004   ev/simsec=183.036
     Messages:  created: 11512   present: 9   in FES: 5
** Event #92672   t=391.253407054951   Elapsed: 391.203s (6m 31s)  6% completed  (6% total)
     Speed:     ev/sec=155.356   simsec/sec=0.999962   ev/simsec=155.362
     Messages:  created: 11576   present: 10   in FES: 6
** Event #93184   t=394.570309528193   Elapsed: 394.52s (6m 34s)  6% completed  (6% total)
     Speed:     ev/sec=154.356   simsec/sec=0.999966   ev/simsec=154.361
     Messages:  created: 11640   present: 9   in FES: 5
** Event #93696   t=397.911579651779   Elapsed: 397.861s (6m 37s)  6% completed  (6% total)
     Speed:     ev/sec=153.244   simsec/sec=1.00005   ev/simsec=153.235
     Messages:  created: 11704   present: 10   in FES: 6
** Event #94208   t=400.888470307615   Elapsed: 400.838s (6m 40s)  6% completed  (6% total)
     Speed:     ev/sec=171.986   simsec/sec=0.999969   ev/simsec=171.992
     Messages:  created: 11769   present: 11   in FES: 6
** Event #94720   t=403.147754792068   Elapsed: 403.108s (6m 43s)  6% completed  (6% total)
     Speed:     ev/sec=225.559   simsec/sec=0.995317   ev/simsec=226.62
     Messages:  created: 11833   present: 12   in FES: 6
** Event #95232   t=405.98166353467   Elapsed: 405.931s (6m 45s)  6% completed  (6% total)
     Speed:     ev/sec=181.358   simsec/sec=1.00381   ev/simsec=180.669
     Messages:  created: 11896   present: 10   in FES: 6
** Event #95744   t=408.909855456469   Elapsed: 408.859s (6m 48s)  6% completed  (6% total)
     Speed:     ev/sec=174.852   simsec/sec=1   ev/simsec=174.852
     Messages:  created: 11960   present: 9   in FES: 5
** Event #96512   t=411.480102175987   Elapsed: 411.436s (6m 51s)  6% completed  (6% total)
     Speed:     ev/sec=298.034   simsec/sec=0.997422   ev/simsec=298.804
     Messages:  created: 12057   present: 12   in FES: 7
** Event #97024   t=413.669377441599   Elapsed: 413.619s (6m 53s)  6% completed  (6% total)
     Speed:     ev/sec=234.558   simsec/sec=1.00295   ev/simsec=233.867
     Messages:  created: 12119   present: 10   in FES: 6
** Event #97792   t=415.758117359269   Elapsed: 415.707s (6m 55s)  6% completed  (6% total)
     Speed:     ev/sec=367.718   simsec/sec=1.00009   ev/simsec=367.686
     Messages:  created: 12216   present: 12   in FES: 7
** Event #98560   t=418.657097749235   Elapsed: 418.606s (6m 58s)  6% completed  (6% total)
     Speed:     ev/sec=264.916   simsec/sec=0.999981   ev/simsec=264.921
     Messages:  created: 12311   present: 10   in FES: 6
** Event #99584   t=421.327922565703   Elapsed: 421.277s (7m 01s)  6% completed  (6% total)
     Speed:     ev/sec=383.42   simsec/sec=1.00005   ev/simsec=383.402
     Messages:  created: 12439   present: 10   in FES: 6
** Event #100096   t=423.869648283906   Elapsed: 423.819s (7m 03s)  6% completed  (6% total)
     Speed:     ev/sec=201.42   simsec/sec=0.999912   ev/simsec=201.438
     Messages:  created: 12502   present: 9   in FES: 5
** Event #100608   t=426.629082524452   Elapsed: 426.578s (7m 06s)  6% completed  (6% total)
     Speed:     ev/sec=185.556   simsec/sec=1.00006   ev/simsec=185.545
     Messages:  created: 12566   present: 9   in FES: 5
** Event #101120   t=429.827305977913   Elapsed: 429.777s (7m 09s)  6% completed  (6% total)
     Speed:     ev/sec=160.084   simsec/sec=0.999967   ev/simsec=160.089
     Messages:  created: 12630   present: 9   in FES: 5
** Event #101632   t=432.517038467646   Elapsed: 432.466s (7m 12s)  6% completed  (6% total)
     Speed:     ev/sec=190.359   simsec/sec=1.00003   ev/simsec=190.354
     Messages:  created: 12695   present: 10   in FES: 6
** Event #102400   t=435.4049406757   Elapsed: 435.358s (7m 15s)  6% completed  (6% total)
     Speed:     ev/sec=265.612   simsec/sec=0.998779   ev/simsec=265.937
     Messages:  created: 12792   present: 14   in FES: 7
** Event #102912   t=437.785695552268   Elapsed: 437.735s (7m 17s)  6% completed  (6% total)
     Speed:     ev/sec=215.37   simsec/sec=1.00145   ev/simsec=215.058
     Messages:  created: 12855   present: 10   in FES: 6
** Event #103424   t=440.332968910732   Elapsed: 440.282s (7m 20s)  6% completed  (6% total)
     Speed:     ev/sec=201.006   simsec/sec=1.00003   ev/simsec=200.999
     Messages:  created: 12918   present: 9   in FES: 5
** Event #103936   t=442.796983   Elapsed: 442.746s (7m 22s)  7% completed  (7% total)
     Speed:     ev/sec=207.784   simsec/sec=0.999966   ev/simsec=207.791
     Messages:  created: 12982   present: 10   in FES: 6
** Event #104448   t=445.832977481411   Elapsed: 445.782s (7m 25s)  7% completed  (7% total)
     Speed:     ev/sec=168.642   simsec/sec=0.999991   ev/simsec=168.643
     Messages:  created: 13045   present: 9   in FES: 5
** Event #105216   t=448.395220351451   Elapsed: 448.345s (7m 28s)  7% completed  (7% total)
     Speed:     ev/sec=299.746   simsec/sec=1.00003   ev/simsec=299.737
     Messages:  created: 13141   present: 10   in FES: 6
** Event #105728   t=450.514735032006   Elapsed: 450.464s (7m 30s)  7% completed  (7% total)
     Speed:     ev/sec=241.576   simsec/sec=1.00005   ev/simsec=241.565
     Messages:  created: 13205   present: 9   in FES: 5
** Event #106240   t=452.729719905411   Elapsed: 452.679s (7m 32s)  7% completed  (7% total)
     Speed:     ev/sec=231.133   simsec/sec=0.999913   ev/simsec=231.153
     Messages:  created: 13269   present: 9   in FES: 5
** Event #106752   t=455.83231736836   Elapsed: 455.782s (7m 35s)  7% completed  (7% total)
     Speed:     ev/sec=165.026   simsec/sec=1.00002   ev/simsec=165.023
     Messages:  created: 13333   present: 10   in FES: 6
** Event #107264   t=458.670308828806   Elapsed: 458.62s (7m 38s)  7% completed  (7% total)
     Speed:     ev/sec=180.403   simsec/sec=0.999967   ev/simsec=180.409
     Messages:  created: 13397   present: 9   in FES: 5
** Event #107520   t=460.691540579424   Elapsed: 460.641s (7m 40s)  7% completed  (7% total)
     Speed:     ev/sec=126.673   simsec/sec=1.00014   ev/simsec=126.655
     Messages:  created: 13430   present: 11   in FES: 7
** Event #108032   t=464.708266709488   Elapsed: 464.657s (7m 44s)  7% completed  (7% total)
     Speed:     ev/sec=127.465   simsec/sec=0.999981   ev/simsec=127.467
     Messages:  created: 13493   present: 9   in FES: 5
** Event #108544   t=469.234249979722   Elapsed: 469.184s (7m 49s)  7% completed  (7% total)
     Speed:     ev/sec=113.124   simsec/sec=0.999991   ev/simsec=113.125
     Messages:  created: 13557   present: 9   in FES: 5
** Event #109056   t=471.930013235533   Elapsed: 471.879s (7m 51s)  7% completed  (7% total)
     Speed:     ev/sec=189.917   simsec/sec=0.999946   ev/simsec=189.928
     Messages:  created: 13623   present: 14   in FES: 8
** Event #109568   t=474.676162197034   Elapsed: 474.713s (7m 54s)  7% completed  (7% total)
     Speed:     ev/sec=180.692   simsec/sec=0.969154   ev/simsec=186.443
     Messages:  created: 13683   present: 8   in FES: 4
** Event #109824   t=476.891004295923   Elapsed: 476.84s (7m 56s)  7% completed  (7% total)
     Speed:     ev/sec=120.344   simsec/sec=1.04118   ev/simsec=115.584
     Messages:  created: 13716   present: 10   in FES: 6
** Event #110336   t=479.540993473848   Elapsed: 479.49s (7m 59s)  7% completed  (7% total)
     Speed:     ev/sec=193.206   simsec/sec=0.99999   ev/simsec=193.208
     Messages:  created: 13781   present: 13   in FES: 7
** Event #110848   t=481.676663178998   Elapsed: 481.645s (8m 01s)  7% completed  (7% total)
     Speed:     ev/sec=237.661   simsec/sec=0.991339   ev/simsec=239.737
     Messages:  created: 13843   present: 9   in FES: 5
** Event #111104   t=483.708248847052   Elapsed: 483.683s (8m 03s)  7% completed  (7% total)
     Speed:     ev/sec=125.61   simsec/sec=0.99683   ev/simsec=126.01
     Messages:  created: 13875   present: 9   in FES: 5
** Event #111360   t=486.19857184644   Elapsed: 486.148s (8m 06s)  7% completed  (7% total)
     Speed:     ev/sec=103.848   simsec/sec=1.01022   ev/simsec=102.798
     Messages:  created: 13908   present: 11   in FES: 7
** Event #111872   t=489.78952358082   Elapsed: 489.767s (8m 09s)  7% completed  (7% total)
     Speed:     ev/sec=141.479   simsec/sec=0.992276   ev/simsec=142.581
     Messages:  created: 13971   present: 9   in FES: 5
** Event #112384   t=491.961478083794   Elapsed: 491.916s (8m 11s)  7% completed  (7% total)
     Speed:     ev/sec=238.233   simsec/sec=1.01061   ev/simsec=235.732
     Messages:  created: 14035   present: 9   in FES: 5
** Event #113152   t=494.876427540249   Elapsed: 494.826s (8m 14s)  7% completed  (7% total)
     Speed:     ev/sec=263.925   simsec/sec=1.00173   ev/simsec=263.469
     Messages:  created: 14133   present: 13   in FES: 8
** Event #113664   t=497.137420376762   Elapsed: 497.087s (8m 17s)  7% completed  (7% total)
     Speed:     ev/sec=226.445   simsec/sec=0.999981   ev/simsec=226.449
     Messages:  created: 14197   present: 13   in FES: 7
** Event #114176   t=499.94205896593   Elapsed: 499.891s (8m 19s)  7% completed  (7% total)
     Speed:     ev/sec=182.564   simsec/sec=1.00005   ev/simsec=182.555
     Messages:  created: 14261   present: 14   in FES: 8
** Event #114688   t=503.275262104599   Elapsed: 503.225s (8m 23s)  7% completed  (7% total)
     Speed:     ev/sec=153.596   simsec/sec=0.999934   ev/simsec=153.606
     Messages:  created: 14322   present: 9   in FES: 5
** Event #115200   t=506.867779958172   Elapsed: 506.817s (8m 26s)  8% completed  (8% total)
     Speed:     ev/sec=142.528   simsec/sec=1.00007   ev/simsec=142.518
     Messages:  created: 14386   present: 9   in FES: 5
** Event #115456   t=509.029795786276   Elapsed: 509.003s (8m 29s)  8% completed  (8% total)
     Speed:     ev/sec=117.107   simsec/sec=0.98901   ev/simsec=118.408
     Messages:  created: 14418   present: 10   in FES: 6
** Event #115968   t=511.523686963115   Elapsed: 511.502s (8m 31s)  8% completed  (8% total)
     Speed:     ev/sec=204.884   simsec/sec=0.997965   ev/simsec=205.302
     Messages:  created: 14482   present: 10   in FES: 6
** Event #116736   t=513.842854019021   Elapsed: 513.792s (8m 33s)  8% completed  (8% total)
     Speed:     ev/sec=335.366   simsec/sec=1.01272   ev/simsec=331.153
     Messages:  created: 14579   present: 12   in FES: 7
** Event #117248   t=516.233420609423   Elapsed: 516.214s (8m 36s)  8% completed  (8% total)
     Speed:     ev/sec=211.407   simsec/sec=0.987077   ev/simsec=214.175
     Messages:  created: 14642   present: 10   in FES: 6
** Event #117760   t=519.495447876621   Elapsed: 519.458s (8m 39s)  8% completed  (8% total)
     Speed:     ev/sec=157.839   simsec/sec=1.00562   ev/simsec=156.958
     Messages:  created: 14706   present: 10   in FES: 6
** Event #118528   t=522.487147540853   Elapsed: 522.438s (8m 42s)  8% completed  (8% total)
     Speed:     ev/sec=257.68   simsec/sec=1.00378   ev/simsec=256.71
     Messages:  created: 14802   present: 10   in FES: 6
** Event #119040   t=525.003355484217   Elapsed: 524.953s (8m 44s)  8% completed  (8% total)
     Speed:     ev/sec=203.609   simsec/sec=1.00063   ev/simsec=203.481
     Messages:  created: 14868   present: 15   in FES: 8
** Event #119552   t=527.46491153948   Elapsed: 527.466s (8m 47s)  8% completed  (8% total)
     Speed:     ev/sec=203.703   simsec/sec=0.979348   ev/simsec=207.999
     Messages:  created: 14930   present: 10   in FES: 6
** Event #120064   t=529.706983254969   Elapsed: 529.656s (8m 49s)  8% completed  (8% total)
     Speed:     ev/sec=233.785   simsec/sec=1.02376   ev/simsec=228.36
     Messages:  created: 14994   present: 9   in FES: 5
** Event #120576   t=532.909756572574   Elapsed: 532.752s (8m 52s)  8% completed  (8% total)
     Speed:     ev/sec=165.396   simsec/sec=1.03462   ev/simsec=159.861
     Messages:  created: 15058   present: 9   in FES: 6
** Event #121088   t=534.803471998094   Elapsed: 534.753s (8m 54s)  8% completed  (8% total)
     Speed:     ev/sec=255.896   simsec/sec=0.946474   ev/simsec=270.368
     Messages:  created: 15122   present: 14   in FES: 7
** Event #121856   t=537.630907411861   Elapsed: 537.585s (8m 57s)  8% completed  (8% total)
     Speed:     ev/sec=271.125   simsec/sec=0.998163   ev/simsec=271.624
     Messages:  created: 15217   present: 11   in FES: 6
** Event #122368   t=540.685131474692   Elapsed: 540.634s (9m 00s)  8% completed  (8% total)
     Speed:     ev/sec=167.923   simsec/sec=1.00171   ev/simsec=167.637
     Messages:  created: 15281   present: 11   in FES: 7
** Event #123136   t=543.718212771961   Elapsed: 543.668s (9m 03s)  8% completed  (8% total)
     Speed:     ev/sec=253.197   simsec/sec=0.999959   ev/simsec=253.208
     Messages:  created: 15376   present: 9   in FES: 5
** Event #123648   t=546.288335712323   Elapsed: 546.238s (9m 06s)  8% completed  (8% total)
     Speed:     ev/sec=199.19   simsec/sec=0.999887   ev/simsec=199.212
     Messages:  created: 15440   present: 9   in FES: 5
** Event #124160   t=548.382693586698   Elapsed: 548.332s (9m 08s)  8% completed  (8% total)
     Speed:     ev/sec=244.511   simsec/sec=1.00018   ev/simsec=244.466
     Messages:  created: 15504   present: 9   in FES: 5
** Event #124672   t=550.507938549112   Elapsed: 550.457s (9m 10s)  8% completed  (8% total)
     Speed:     ev/sec=240.909   simsec/sec=0.999983   ev/simsec=240.913
     Messages:  created: 15568   present: 9   in FES: 5
** Event #125440   t=553.271605963736   Elapsed: 553.221s (9m 13s)  8% completed  (8% total)
     Speed:     ev/sec=277.897   simsec/sec=1.00002   ev/simsec=277.892
     Messages:  created: 15664   present: 10   in FES: 6
** Event #125952   t=555.54330968387   Elapsed: 555.493s (9m 15s)  8% completed  (8% total)
     Speed:     ev/sec=225.362   simsec/sec=0.999913   ev/simsec=225.382
     Messages:  created: 15728   present: 9   in FES: 5
** Event #126464   t=558.300834868229   Elapsed: 558.25s (9m 18s)  8% completed  (8% total)
     Speed:     ev/sec=185.677   simsec/sec=1.00002   ev/simsec=185.674
     Messages:  created: 15793   present: 12   in FES: 8
** Event #126976   t=561.269154363831   Elapsed: 561.218s (9m 21s)  8% completed  (8% total)
     Speed:     ev/sec=172.494   simsec/sec=1.00003   ev/simsec=172.488
     Messages:  created: 15856   present: 10   in FES: 6
** Event #127488   t=563.811752318076   Elapsed: 563.775s (9m 23s)  8% completed  (8% total)
     Speed:     ev/sec=200.267   simsec/sec=0.99453   ev/simsec=201.369
     Messages:  created: 15918   present: 8   in FES: 4
** Event #128256   t=565.968905258749   Elapsed: 565.929s (9m 25s)  8% completed  (8% total)
     Speed:     ev/sec=356.483   simsec/sec=1.00129   ev/simsec=356.025
     Messages:  created: 16017   present: 16   in FES: 7
** Event #128768   t=568.328175021305   Elapsed: 568.278s (9m 28s)  9% completed  (9% total)
     Speed:     ev/sec=218.039   simsec/sec=1.00471   ev/simsec=217.016
     Messages:  created: 16079   present: 10   in FES: 6
** Event #129280   t=570.915752765646   Elapsed: 570.875s (9m 30s)  9% completed  (9% total)
     Speed:     ev/sec=197.106   simsec/sec=0.996149   ev/simsec=197.868
     Messages:  created: 16142   present: 8   in FES: 4
** Event #130304   t=574.32664472618   Elapsed: 574.354s (9m 34s)  9% completed  (9% total)
     Speed:     ev/sec=294.378   simsec/sec=0.98056   ev/simsec=300.215
     Messages:  created: 16270   present: 8   in FES: 4
** Event #130816   t=577.156731832182   Elapsed: 577.109s (9m 37s)  9% completed  (9% total)
     Speed:     ev/sec=185.836   simsec/sec=1.02721   ev/simsec=180.913
     Messages:  created: 16337   present: 16   in FES: 7
** Event #131584   t=580.044447725345   Elapsed: 580.018s (9m 40s)  9% completed  (9% total)
     Speed:     ev/sec=263.949   simsec/sec=0.99246   ev/simsec=265.954
     Messages:  created: 16430   present: 8   in FES: 4
** Event #131840   t=582.667656069819   Elapsed: 582.617s (9m 42s)  9% completed  (9% total)
     Speed:     ev/sec=98.5196   simsec/sec=1.00952   ev/simsec=97.5904
     Messages:  created: 16463   present: 10   in FES: 6
** Event #132096   t=584.617335009293   Elapsed: 584.642s (9m 44s)  9% completed  (9% total)
     Speed:     ev/sec=126.405   simsec/sec=0.962691   ev/simsec=131.304
     Messages:  created: 16494   present: 8   in FES: 4
** Event #132352   t=586.681615387156   Elapsed: 586.698s (9m 46s)  9% completed  (9% total)
     Speed:     ev/sec=124.541   simsec/sec=1.00425   ev/simsec=124.014
     Messages:  created: 16526   present: 8   in FES: 4
** Event #132608   t=589.335551030578   Elapsed: 589.285s (9m 49s)  9% completed  (9% total)
     Speed:     ev/sec=98.9515   simsec/sec=1.02582   ev/simsec=96.4605
     Messages:  created: 16559   present: 11   in FES: 7
** Event #133120   t=591.493453382265   Elapsed: 591.443s (9m 51s)  9% completed  (9% total)
     Speed:     ev/sec=237.276   simsec/sec=1.00004   ev/simsec=237.267
     Messages:  created: 16623   present: 11   in FES: 7
** Event #133632   t=594.105975503291   Elapsed: 594.055s (9m 54s)  9% completed  (9% total)
     Speed:     ev/sec=195.978   simsec/sec=0.999995   ev/simsec=195.979
     Messages:  created: 16686   present: 11   in FES: 7
** Event #134144   t=596.486284748711   Elapsed: 596.436s (9m 56s)  9% completed  (9% total)
     Speed:     ev/sec=215.083   simsec/sec=0.999932   ev/simsec=215.098
     Messages:  created: 16750   present: 12   in FES: 7
** Event #134912   t=600.582462543222   Elapsed: 600.532s (10m 00s)  9% completed  (9% total)
     Speed:     ev/sec=187.492   simsec/sec=0.999998   ev/simsec=187.492
     Messages:  created: 16845   present: 9   in FES: 5
** Event #135424   t=604.616303975427   Elapsed: 604.596s (10m 04s)  9% completed  (9% total)
     Speed:     ev/sec=125.983   simsec/sec=0.99257   ev/simsec=126.926
     Messages:  created: 16909   present: 10   in FES: 5
** Event #135936   t=606.89303152309   Elapsed: 606.842s (10m 06s)  9% completed  (9% total)
     Speed:     ev/sec=227.924   simsec/sec=1.01352   ev/simsec=224.884
     Messages:  created: 16973   present: 9   in FES: 5
** Event #136448   t=610.157600208741   Elapsed: 610.107s (10m 10s)  9% completed  (9% total)
     Speed:     ev/sec=156.835   simsec/sec=1   ev/simsec=156.835
     Messages:  created: 17037   present: 9   in FES: 5
** Event #136960   t=613.446811802315   Elapsed: 613.413s (10m 13s)  9% completed  (9% total)
     Speed:     ev/sec=154.864   simsec/sec=0.994884   ev/simsec=155.66
     Messages:  created: 17101   present: 10   in FES: 6
** Event #137472   t=616.194973598009   Elapsed: 616.144s (10m 16s)  9% completed  (9% total)
     Speed:     ev/sec=187.461   simsec/sec=1.0062   ev/simsec=186.306
     Messages:  created: 17165   present: 9   in FES: 5
** Event #137984   t=618.227349618524   Elapsed: 618.188s (10m 18s)  9% completed  (9% total)
     Speed:     ev/sec=250.545   simsec/sec=0.994533   ev/simsec=251.922
     Messages:  created: 17229   present: 10   in FES: 6
** Event #138752   t=621.250326295155   Elapsed: 621.2s (10m 21s)  9% completed  (9% total)
     Speed:     ev/sec=254.985   simsec/sec=1.00366   ev/simsec=254.054
     Messages:  created: 17326   present: 12   in FES: 8
** Event #139520   t=623.825951184033   Elapsed: 623.777s (10m 23s)  9% completed  (9% total)
     Speed:     ev/sec=297.97   simsec/sec=0.999294   ev/simsec=298.18
     Messages:  created: 17420   present: 11   in FES: 7
** Event #140288   t=626.229075830463   Elapsed: 626.178s (10m 26s)  9% completed  (9% total)
     Speed:     ev/sec=319.847   simsec/sec=1.00082   ev/simsec=319.584
     Messages:  created: 17517   present: 13   in FES: 8
** Event #141056   t=629.929502538276   Elapsed: 629.879s (10m 29s)  9% completed  (9% total)
     Speed:     ev/sec=207.529   simsec/sec=0.99993   ev/simsec=207.544
     Messages:  created: 17611   present: 9   in FES: 5
** Event #141568   t=632.359222815178   Elapsed: 632.308s (10m 32s)  10% completed  (10% total)
     Speed:     ev/sec=210.741   simsec/sec=1.00008   ev/simsec=210.724
     Messages:  created: 17676   present: 10   in FES: 6
** Event #142080   t=635.494931667051   Elapsed: 635.444s (10m 35s)  10% completed  (10% total)
     Speed:     ev/sec=163.283   simsec/sec=1.00002   ev/simsec=163.28
     Messages:  created: 17740   present: 10   in FES: 6
** Event #142336   t=638.220316908001   Elapsed: 638.17s (10m 38s)  10% completed  (10% total)
     Speed:     ev/sec=93.9297   simsec/sec=0.999979   ev/simsec=93.9317
     Messages:  created: 17772   present: 10   in FES: 6
** Event #142592   t=640.272445110336   Elapsed: 640.222s (10m 40s)  10% completed  (10% total)
     Speed:     ev/sec=124.741   simsec/sec=0.999936   ev/simsec=124.749
     Messages:  created: 17803   present: 9   in FES: 5
** Event #143104   t=643.630757743215   Elapsed: 643.58s (10m 43s)  10% completed  (10% total)
     Speed:     ev/sec=152.467   simsec/sec=1.00006   ev/simsec=152.458
     Messages:  created: 17868   present: 10   in FES: 6
** Event #143616   t=646.910376705714   Elapsed: 646.86s (10m 46s)  10% completed  (10% total)
     Speed:     ev/sec=156.11   simsec/sec=0.999965   ev/simsec=156.116
     Messages:  created: 17931   present: 9   in FES: 5
** Event #144128   t=649.831518795525   Elapsed: 649.781s (10m 49s)  10% completed  (10% total)
     Speed:     ev/sec=175.281   simsec/sec=1.00004   ev/simsec=175.274
     Messages:  created: 17996   present: 10   in FES: 6
** Event #144640   t=652.517210389393   Elapsed: 652.467s (10m 52s)  10% completed  (10% total)
     Speed:     ev/sec=190.601   simsec/sec=0.999797   ev/simsec=190.64
     Messages:  created: 18060   present: 11   in FES: 7
** Event #145152   t=655.467087534894   Elapsed: 655.416s (10m 55s)  10% completed  (10% total)
     Speed:     ev/sec=173.593   simsec/sec=1.00015   ev/simsec=173.567
     Messages:  created: 18122   present: 9   in FES: 5
** Event #145664   t=658.274636264052   Elapsed: 658.224s (10m 58s)  10% completed  (10% total)
     Speed:     ev/sec=182.365   simsec/sec=0.999996   ev/simsec=182.365
     Messages:  created: 18186   present: 9   in FES: 5
** Event #146432   t=660.52055660811   Elapsed: 660.47s (11m 00s)  10% completed  (10% total)
     Speed:     ev/sec=341.954   simsec/sec=1   ev/simsec=341.953
     Messages:  created: 18287   present: 24   in FES: 8
** Event #146944   t=663.104765545434   Elapsed: 663.054s (11m 03s)  10% completed  (10% total)
     Speed:     ev/sec=198.125   simsec/sec=0.999995   ev/simsec=198.126
     Messages:  created: 18346   present: 10   in FES: 6
** Event #147456   t=665.509178173046   Elapsed: 665.458s (11m 05s)  10% completed  (10% total)
     Speed:     ev/sec=212.945   simsec/sec=1.00001   ev/simsec=212.942
     Messages:  created: 18410   present: 9   in FES: 5
** Event #147968   t=668.168771848209   Elapsed: 668.118s (11m 08s)  10% completed  (10% total)
     Speed:     ev/sec=192.51   simsec/sec=0.999998   ev/simsec=192.511
     Messages:  created: 18474   present: 10   in FES: 6
** Event #148480   t=671.174440574728   Elapsed: 671.124s (11m 11s)  10% completed  (10% total)
     Speed:     ev/sec=170.345   simsec/sec=1   ev/simsec=170.345
     Messages:  created: 18538   present: 9   in FES: 5
** Event #149248   t=674.184363788273   Elapsed: 674.134s (11m 14s)  10% completed  (10% total)
     Speed:     ev/sec=255.152   simsec/sec=0.999985   ev/simsec=255.156
     Messages:  created: 18634   present: 11   in FES: 6
** Event #149760   t=677.054831420057   Elapsed: 677.004s (11m 17s)  10% completed  (10% total)
     Speed:     ev/sec=178.371   simsec/sec=1.00002   ev/simsec=178.368
     Messages:  created: 18699   present: 12   in FES: 8
** Event #150528   t=680.320130237548   Elapsed: 680.269s (11m 20s)  10% completed  (10% total)
     Speed:     ev/sec=235.196   simsec/sec=0.999982   ev/simsec=235.201
     Messages:  created: 18794   present: 9   in FES: 5
** Event #151040   t=682.662223731645   Elapsed: 682.611s (11m 22s)  10% completed  (10% total)
     Speed:     ev/sec=218.623   simsec/sec=1.00007   ev/simsec=218.608
     Messages:  created: 18858   present: 11   in FES: 7
** Event #151552   t=685.77364105427   Elapsed: 685.723s (11m 25s)  10% completed  (10% total)
     Speed:     ev/sec=164.55   simsec/sec=0.999968   ev/simsec=164.555
     Messages:  created: 18921   present: 11   in FES: 7
** Event #151808   t=687.891121769329   Elapsed: 687.84s (11m 27s)  10% completed  (10% total)
     Speed:     ev/sec=120.896   simsec/sec=0.99998   ev/simsec=120.898
     Messages:  created: 18952   present: 9   in FES: 5
** Event #152064   t=689.998459033646   Elapsed: 689.948s (11m 29s)  10% completed  (10% total)
     Speed:     ev/sec=121.487   simsec/sec=1.00005   ev/simsec=121.48
     Messages:  created: 18984   present: 9   in FES: 5
** Event #152320   t=692.639373693438   Elapsed: 692.589s (11m 32s)  10% completed  (10% total)
     Speed:     ev/sec=96.9305   simsec/sec=0.999942   ev/simsec=96.9361
     Messages:  created: 19016   present: 9   in FES: 5
** Event #152832   t=695.168091746855   Elapsed: 695.117s (11m 35s)  11% completed  (11% total)
     Speed:     ev/sec=202.47   simsec/sec=0.999981   ev/simsec=202.474
     Messages:  created: 19082   present: 13   in FES: 7
** Event #153600   t=698.129842353152   Elapsed: 698.079s (11m 38s)  11% completed  (11% total)
     Speed:     ev/sec=259.328   simsec/sec=1.00009   ev/simsec=259.306
     Messages:  created: 19179   present: 12   in FES: 7
** Event #154112   t=700.664659089296   Elapsed: 700.614s (11m 40s)  11% completed  (11% total)
     Speed:     ev/sec=201.987   simsec/sec=0.999998   ev/simsec=201.987
     Messages:  created: 19243   present: 10   in FES: 7
** Event #154880   t=704.364120669543   Elapsed: 704.313s (11m 44s)  11% completed  (11% total)
     Speed:     ev/sec=207.593   simsec/sec=0.999975   ev/simsec=207.598
     Messages:  created: 19339   present: 10   in FES: 7
** Event #155392   t=707.63157257496   Elapsed: 707.581s (11m 47s)  11% completed  (11% total)
     Speed:     ev/sec=156.697   simsec/sec=0.999999   ev/simsec=156.697
     Messages:  created: 19402   present: 8   in FES: 5
** Event #155904   t=711.677707084205   Elapsed: 711.627s (11m 51s)  11% completed  (11% total)
     Speed:     ev/sec=126.534   simsec/sec=0.999949   ev/simsec=126.541
     Messages:  created: 19466   present: 8   in FES: 5
** Event #156416   t=714.019691331622   Elapsed: 713.969s (11m 53s)  11% completed  (11% total)
     Speed:     ev/sec=218.638   simsec/sec=1.00009   ev/simsec=218.618
     Messages:  created: 19529   present: 8   in FES: 5
** Event #156928   t=717.195482654344   Elapsed: 717.145s (11m 57s)  11% completed  (11% total)
     Speed:     ev/sec=161.212   simsec/sec=0.999952   ev/simsec=161.22
     Messages:  created: 19593   present: 9   in FES: 6
** Event #157440   t=720.026504559838   Elapsed: 719.976s (11m 59s)  11% completed  (11% total)
     Speed:     ev/sec=180.863   simsec/sec=1.00005   ev/simsec=180.853
     Messages:  created: 19656   present: 8   in FES: 5
** Event #157952   t=722.874084606545   Elapsed: 722.823s (12m 02s)  11% completed  (11% total)
     Speed:     ev/sec=179.795   simsec/sec=0.999964   ev/simsec=179.802
     Messages:  created: 19721   present: 10   in FES: 7
** Event #158464   t=726.239903569047   Elapsed: 726.189s (12m 06s)  11% completed  (11% total)
     Speed:     ev/sec=152.119   simsec/sec=1.00001   ev/simsec=152.118
     Messages:  created: 19785   present: 10   in FES: 7
** Event #158976   t=729.441384950304   Elapsed: 729.391s (12m 09s)  11% completed  (11% total)
     Speed:     ev/sec=159.925   simsec/sec=0.999997   ev/simsec=159.926
     Messages:  created: 19849   present: 11   in FES: 7
** Event #159488   t=732.189956095271   Elapsed: 732.139s (12m 12s)  11% completed  (11% total)
     Speed:     ev/sec=186.283   simsec/sec=1.00002   ev/simsec=186.279
     Messages:  created: 19913   present: 9   in FES: 6
** Event #160000   t=734.316475357094   Elapsed: 734.281s (12m 14s)  11% completed  (11% total)
     Speed:     ev/sec=239.076   simsec/sec=0.992968   ev/simsec=240.769
     Messages:  created: 19978   present: 13   in FES: 6
** Event #160512   t=736.427326115326   Elapsed: 736.377s (12m 16s)  11% completed  (11% total)
     Speed:     ev/sec=244.278   simsec/sec=1.0071   ev/simsec=242.556
     Messages:  created: 20040   present: 8   in FES: 5
** Event #161280   t=739.092710727925   Elapsed: 739.042s (12m 19s)  11% completed  (11% total)
     Speed:     ev/sec=288.145   simsec/sec=1.00002   ev/simsec=288.139
     Messages:  created: 20144   present: 29   in FES: 6
** Event #162048   t=741.460394910316   Elapsed: 741.41s (12m 21s)  11% completed  (11% total)
     Speed:     ev/sec=324.38   simsec/sec=1.00004   ev/simsec=324.368
     Messages:  created: 20236   present: 19   in FES: 7
** Event #162816   t=743.827128917577   Elapsed: 743.776s (12m 23s)  11% completed  (11% total)
     Speed:     ev/sec=324.503   simsec/sec=1.00002   ev/simsec=324.498
     Messages:  created: 20330   present: 15   in FES: 7
** Event #163328   t=745.876546627371   Elapsed: 745.826s (12m 25s)  11% completed  (11% total)
     Speed:     ev/sec=249.829   simsec/sec=1.00001   ev/simsec=249.827
     Messages:  created: 20394   present: 17   in FES: 7
** Event #164096   t=748.279775868963   Elapsed: 748.229s (12m 28s)  11% completed  (11% total)
     Speed:     ev/sec=319.528   simsec/sec=0.999869   ev/simsec=319.57
     Messages:  created: 20488   present: 11   in FES: 6
** Event #164608   t=750.819801922538   Elapsed: 750.769s (12m 30s)  11% completed  (11% total)
     Speed:     ev/sec=201.598   simsec/sec=1.00013   ev/simsec=201.573
     Messages:  created: 20554   present: 16   in FES: 7
** Event #165120   t=752.940738040549   Elapsed: 752.89s (12m 32s)  11% completed  (11% total)
     Speed:     ev/sec=241.405   simsec/sec=1.00001   ev/simsec=241.403
     Messages:  created: 20616   present: 10   in FES: 6
** Event #165632   t=755.673504439185   Elapsed: 755.623s (12m 35s)  11% completed  (11% total)
     Speed:     ev/sec=187.341   simsec/sec=0.999922   ev/simsec=187.356
     Messages:  created: 20680   present: 10   in FES: 6
** Event #166400   t=758.450629678429   Elapsed: 758.4s (12m 38s)  12% completed  (12% total)
     Speed:     ev/sec=276.571   simsec/sec=1.00009   ev/simsec=276.545
     Messages:  created: 20778   present: 16   in FES: 7
** Event #166912   t=761.021411151697   Elapsed: 760.971s (12m 40s)  12% completed  (12% total)
     Speed:     ev/sec=199.142   simsec/sec=0.999902   ev/simsec=199.161
     Messages:  created: 20841   present: 13   in FES: 7
** Event #167424   t=764.395679388613   Elapsed: 764.345s (12m 44s)  12% completed  (12% total)
     Speed:     ev/sec=151.742   simsec/sec=1.00004   ev/simsec=151.737
     Messages:  created: 20903   present: 8   in FES: 5
** Event #167680   t=767.434428424651   Elapsed: 767.384s (12m 47s)  12% completed  (12% total)
     Speed:     ev/sec=84.2409   simsec/sec=0.999949   ev/simsec=84.2452
     Messages:  created: 20935   present: 9   in FES: 6
** Event #167936   t=769.720546680838   Elapsed: 769.67s (12m 49s)  12% completed  (12% total)
     Speed:     ev/sec=111.989   simsec/sec=1.00008   ev/simsec=111.98
     Messages:  created: 20968   present: 10   in FES: 7
** Event #168192   t=771.804558484518   Elapsed: 771.754s (12m 51s)  12% completed  (12% total)
     Speed:     ev/sec=122.843   simsec/sec=1.00002   ev/simsec=122.84
     Messages:  created: 20999   present: 9   in FES: 6
** Event #168704   t=775.212943474271   Elapsed: 775.164s (12m 55s)  12% completed  (12% total)
     Speed:     ev/sec=150.141   simsec/sec=0.999487   ev/simsec=150.218
     Messages:  created: 21062   present: 9   in FES: 6
** Event #169216   t=777.595282263283   Elapsed: 777.545s (12m 57s)  12% completed  (12% total)
     Speed:     ev/sec=215.059   simsec/sec=1.00067   ev/simsec=214.915
     Messages:  created: 21131   present: 21   in FES: 7
** Event #169728   t=780.062339328296   Elapsed: 780.044s (13m 00s)  12% completed  (12% total)
     Speed:     ev/sec=204.825   simsec/sec=0.986942   ev/simsec=207.535
     Messages:  created: 21190   present: 10   in FES: 6
** Event #170240   t=784.066088813707   Elapsed: 784.019s (13m 04s)  12% completed  (12% total)
     Speed:     ev/sec=128.827   simsec/sec=1.0074   ev/simsec=127.88
     Messages:  created: 21254   present: 10   in FES: 6
** Event #171008   t=786.852363235875   Elapsed: 786.802s (13m 06s)  12% completed  (12% total)
     Speed:     ev/sec=275.97   simsec/sec=1.00121   ev/simsec=275.637
     Messages:  created: 21350   present: 9   in FES: 6
** Event #171520   t=789.909137767112   Elapsed: 789.858s (13m 09s)  12% completed  (12% total)
     Speed:     ev/sec=167.499   simsec/sec=1.00001   ev/simsec=167.497
     Messages:  created: 21413   present: 8   in FES: 5
** Event #172288   t=792.81609143734   Elapsed: 792.781s (13m 12s)  12% completed  (12% total)
     Speed:     ev/sec=262.764   simsec/sec=0.994587   ev/simsec=264.194
     Messages:  created: 21510   present: 10   in FES: 6
** Event #172800   t=794.87285275042   Elapsed: 794.827s (13m 14s)  12% completed  (12% total)
     Speed:     ev/sec=250.201   simsec/sec=1.00509   ev/simsec=248.935
     Messages:  created: 21574   present: 10   in FES: 6
** Event #173312   t=798.499496907242   Elapsed: 798.449s (13m 18s)  12% completed  (12% total)
     Speed:     ev/sec=141.382   simsec/sec=1.00145   ev/simsec=141.177
     Messages:  created: 21638   present: 9   in FES: 6
** Event #173824   t=802.055683024272   Elapsed: 802.005s (13m 22s)  12% completed  (12% total)
     Speed:     ev/sec=143.979   simsec/sec=1.00003   ev/simsec=143.974
     Messages:  created: 21702   present: 9   in FES: 6
** Event #174336   t=805.01958659732   Elapsed: 804.971s (13m 24s)  12% completed  (12% total)
     Speed:     ev/sec=172.601   simsec/sec=0.999168   ev/simsec=172.745
     Messages:  created: 21764   present: 8   in FES: 5
** Event #174592   t=807.982697173291   Elapsed: 807.95s (13m 27s)  12% completed  (12% total)
     Speed:     ev/sec=85.9349   simsec/sec=0.994667   ev/simsec=86.3957
     Messages:  created: 21796   present: 8   in FES: 5
** Event #174848   t=810.477042925584   Elapsed: 810.426s (13m 30s)  12% completed  (12% total)
     Speed:     ev/sec=103.387   simsec/sec=1.00735   ev/simsec=102.632
     Messages:  created: 21829   present: 10   in FES: 7
** Event #175360   t=812.655347385959   Elapsed: 812.605s (13m 32s)  12% completed  (12% total)
     Speed:     ev/sec=235.046   simsec/sec=1   ev/simsec=235.045
     Messages:  created: 21893   present: 10   in FES: 7
** Event #175872   t=815.000967932806   Elapsed: 814.95s (13m 34s)  12% completed  (12% total)
     Speed:     ev/sec=218.286   simsec/sec=1.00003   ev/simsec=218.279
     Messages:  created: 21958   present: 12   in FES: 7
** Event #176128   t=817.614026198733   Elapsed: 817.615s (13m 37s)  12% completed  (12% total)
     Speed:     ev/sec=96.0558   simsec/sec=0.980466   ev/simsec=97.9695
     Messages:  created: 21988   present: 8   in FES: 5
** Event #176384   t=819.934450075975   Elapsed: 819.897s (13m 39s)  13% completed  (13% total)
     Speed:     ev/sec=112.209   simsec/sec=1.01708   ev/simsec=110.325
     Messages:  created: 22020   present: 8   in FES: 5
** Event #176896   t=822.620390274346   Elapsed: 822.57s (13m 42s)  13% completed  (13% total)
     Speed:     ev/sec=191.545   simsec/sec=1.00484   ev/simsec=190.622
     Messages:  created: 22086   present: 12   in FES: 7
** Event #177408   t=825.098623408134   Elapsed: 825.05s (13m 45s)  13% completed  (13% total)
     Speed:     ev/sec=206.464   simsec/sec=0.999346   ev/simsec=206.599
     Messages:  created: 22148   present: 8   in FES: 5
** Event #177920   t=828.402563797116   Elapsed: 828.378s (13m 48s)  13% completed  (13% total)
     Speed:     ev/sec=153.833   simsec/sec=0.992688   ev/simsec=154.966
     Messages:  created: 22212   present: 8   in FES: 5
** Event #178432   t=831.149084606354   Elapsed: 831.098s (13m 51s)  13% completed  (13% total)
     Speed:     ev/sec=188.211   simsec/sec=1.00962   ev/simsec=186.418
     Messages:  created: 22278   present: 12   in FES: 7
** Event #178944   t=833.96124725611   Elapsed: 833.91s (13m 53s)  13% completed  (13% total)
     Speed:     ev/sec=182.069   simsec/sec=1.00001   ev/simsec=182.066
     Messages:  created: 22339   present: 9   in FES: 6
** Event #179712   t=837.190741223654   Elapsed: 837.14s (13m 57s)  13% completed  (13% total)
     Speed:     ev/sec=237.796   simsec/sec=0.999949   ev/simsec=237.808
     Messages:  created: 22435   present: 8   in FES: 5
** Event #180224   t=840.433757890231   Elapsed: 840.383s (14m 00s)  13% completed  (13% total)
     Speed:     ev/sec=157.887   simsec/sec=1.00006   ev/simsec=157.878
     Messages:  created: 22499   present: 9   in FES: 6
** Event #180736   t=843.491390521448   Elapsed: 843.441s (14m 03s)  13% completed  (13% total)
     Speed:     ev/sec=167.439   simsec/sec=0.999935   ev/simsec=167.45
     Messages:  created: 22563   present: 9   in FES: 6
** Event #181248   t=847.971670799887   Elapsed: 847.921s (14m 07s)  13% completed  (13% total)
     Speed:     ev/sec=114.284   simsec/sec=1.00005   ev/simsec=114.279
     Messages:  created: 22628   present: 11   in FES: 7
** Event #181504   t=850.49678922274   Elapsed: 850.446s (14m 10s)  13% completed  (13% total)
     Speed:     ev/sec=101.377   simsec/sec=0.999956   ev/simsec=101.381
     Messages:  created: 22659   present: 9   in FES: 6
** Event #181760   t=853.251433217587   Elapsed: 853.201s (14m 13s)  13% completed  (13% total)
     Speed:     ev/sec=92.9358   simsec/sec=1.00002   ev/simsec=92.934
     Messages:  created: 22691   present: 10   in FES: 6
** Event #182272   t=856.693276330449   Elapsed: 856.643s (14m 16s)  13% completed  (13% total)
     Speed:     ev/sec=148.755   simsec/sec=0.999986   ev/simsec=148.758
     Messages:  created: 22755   present: 9   in FES: 6
** Event #182784   t=859.584883437728   Elapsed: 859.572s (14m 19s)  13% completed  (13% total)
     Speed:     ev/sec=174.749   simsec/sec=0.986924   ev/simsec=177.064
     Messages:  created: 22818   present: 7   in FES: 4
** Event #183552   t=862.067023771827   Elapsed: 862.056s (14m 22s)  13% completed  (13% total)
     Speed:     ev/sec=309.277   simsec/sec=0.999569   ev/simsec=309.41
     Messages:  created: 22914   present: 7   in FES: 4
** Event #184320   t=864.64088563127   Elapsed: 864.59s (14m 24s)  13% completed  (13% total)
     Speed:     ev/sec=303.005   simsec/sec=1.01549   ev/simsec=298.384
     Messages:  created: 23009   present: 8   in FES: 5
** Event #185088   t=867.069133323855   Elapsed: 867.018s (14m 27s)  13% completed  (13% total)
     Speed:     ev/sec=316.303   simsec/sec=1.00008   ev/simsec=316.277
     Messages:  created: 23106   present: 11   in FES: 6
** Event #185600   t=869.547242483198   Elapsed: 869.496s (14m 29s)  13% completed  (13% total)
     Speed:     ev/sec=206.609   simsec/sec=1   ev/simsec=206.609
     Messages:  created: 23171   present: 12   in FES: 7
** Event #186112   t=872.551537151389   Elapsed: 872.501s (14m 32s)  13% completed  (13% total)
     Speed:     ev/sec=170.419   simsec/sec=0.999976   ev/simsec=170.423
     Messages:  created: 23233   present: 8   in FES: 5
** Event #186368   t=874.567705441835   Elapsed: 874.517s (14m 34s)  13% completed  (13% total)
     Speed:     ev/sec=126.965   simsec/sec=0.999932   ev/simsec=126.974
     Messages:  created: 23265   present: 8   in FES: 5
** Event #186880   t=876.693556525238   Elapsed: 876.643s (14m 36s)  13% completed  (13% total)
     Speed:     ev/sec=240.872   simsec/sec=1.00011   ev/simsec=240.845
     Messages:  created: 23330   present: 9   in FES: 6
** Event #187392   t=878.935138261304   Elapsed: 878.884s (14m 38s)  13% completed  (13% total)
     Speed:     ev/sec=228.398   simsec/sec=0.999945   ev/simsec=228.41
     Messages:  created: 23394   present: 10   in FES: 7
** Event #188160   t=881.785363243745   Elapsed: 881.735s (14m 41s)  13% completed  (13% total)
     Speed:     ev/sec=269.453   simsec/sec=1   ev/simsec=269.452
     Messages:  created: 23489   present: 8   in FES: 5
** Event #188672   t=884.933600335642   Elapsed: 884.883s (14m 44s)  14% completed  (14% total)
     Speed:     ev/sec=162.638   simsec/sec=1.00004   ev/simsec=162.631
     Messages:  created: 23554   present: 9   in FES: 6
** Event #188928   t=887.144251812663   Elapsed: 887.093s (14m 47s)  14% completed  (14% total)
     Speed:     ev/sec=115.799   simsec/sec=0.999965   ev/simsec=115.803
     Messages:  created: 23585   present: 8   in FES: 5
** Event #189440   t=891.350693665065   Elapsed: 891.3s (14m 51s)  14% completed  (14% total)
     Speed:     ev/sec=121.714   simsec/sec=0.999967   ev/simsec=121.718
     Messages:  created: 23649   present: 8   in FES: 5
** Event #189696   t=894.951421732878   Elapsed: 894.901s (14m 54s)  14% completed  (14% total)
     Speed:     ev/sec=71.0998   simsec/sec=1.00004   ev/simsec=71.0967
     Messages:  created: 23681   present: 10   in FES: 7
** Event #190208   t=899.391760148033   Elapsed: 899.341s (14m 59s)  14% completed  (14% total)
     Speed:     ev/sec=115.301   simsec/sec=0.999956   ev/simsec=115.307
     Messages:  created: 23744   present: 8   in FES: 5
** Event #190720   t=903.045449945178   Elapsed: 902.995s (15m 02s)  14% completed  (14% total)
     Speed:     ev/sec=140.132   simsec/sec=1   ev/simsec=140.132
     Messages:  created: 23808   present: 8   in FES: 5
** Event #190976   t=905.185881766338   Elapsed: 905.135s (15m 05s)  14% completed  (14% total)
     Speed:     ev/sec=119.599   simsec/sec=0.999975   ev/simsec=119.602
     Messages:  created: 23840   present: 8   in FES: 5
** Event #191488   t=908.455562670028   Elapsed: 908.405s (15m 08s)  14% completed  (14% total)
     Speed:     ev/sec=156.596   simsec/sec=1.00004   ev/simsec=156.59
     Messages:  created: 23905   present: 11   in FES: 7
** Event #192000   t=911.525058289922   Elapsed: 911.474s (15m 11s)  14% completed  (14% total)
     Speed:     ev/sec=166.808   simsec/sec=1.00003   ev/simsec=166.803
     Messages:  created: 23968   present: 8   in FES: 5
** Event #192512   t=914.497733909584   Elapsed: 914.447s (15m 14s)  14% completed  (14% total)
     Speed:     ev/sec=172.238   simsec/sec=1.00002   ev/simsec=172.235
     Messages:  created: 24033   present: 11   in FES: 7
** Event #193024   t=917.264460231086   Elapsed: 917.214s (15m 17s)  14% completed  (14% total)
     Speed:     ev/sec=185.046   simsec/sec=0.999943   ev/simsec=185.056
     Messages:  created: 24096   present: 9   in FES: 6
** Event #193280   t=919.538652923263   Elapsed: 919.488s (15m 19s)  14% completed  (14% total)
     Speed:     ev/sec=112.572   simsec/sec=1.00004   ev/simsec=112.567
     Messages:  created: 24128   present: 9   in FES: 6
** Event #193536   t=921.84434828745   Elapsed: 921.794s (15m 21s)  14% completed  (14% total)
     Speed:     ev/sec=111.031   simsec/sec=1.00002   ev/simsec=111.029
     Messages:  created: 24160   present: 9   in FES: 6
** Event #194048   t=924.931562779896   Elapsed: 924.902s (15m 24s)  14% completed  (14% total)
     Speed:     ev/sec=164.693   simsec/sec=0.993051   ev/simsec=165.845
     Messages:  created: 24223   present: 10   in FES: 6
** Event #194816   t=928.08113262805   Elapsed: 928.03s (15m 28s)  14% completed  (14% total)
     Speed:     ev/sec=245.528   simsec/sec=1.00691   ev/simsec=243.843
     Messages:  created: 24319   present: 9   in FES: 6
** Event #195328   t=931.569357239205   Elapsed: 931.519s (15m 31s)  14% completed  (14% total)
     Speed:     ev/sec=146.771   simsec/sec=0.99994   ev/simsec=146.78
     Messages:  created: 24382   present: 8   in FES: 5
** Event #195840   t=933.877143599502   Elapsed: 933.829s (15m 33s)  14% completed  (14% total)
     Speed:     ev/sec=221.629   simsec/sec=0.998969   ev/simsec=221.858
     Messages:  created: 24447   present: 10   in FES: 6
** Event #196608   t=936.953076014912   Elapsed: 936.902s (15m 36s)  14% completed  (14% total)
     Speed:     ev/sec=249.888   simsec/sec=1.00083   ev/simsec=249.68
     Messages:  created: 24542   present: 8   in FES: 5
** Event #197120   t=940.361796970547   Elapsed: 940.311s (15m 40s)  14% completed  (14% total)
     Speed:     ev/sec=150.205   simsec/sec=1.00001   ev/simsec=150.203
     Messages:  created: 24606   present: 8   in FES: 5
** Event #197632   t=943.432769631133   Elapsed: 943.382s (15m 43s)  14% completed  (14% total)
     Speed:     ev/sec=166.723   simsec/sec=1.00001   ev/simsec=166.722
     Messages:  created: 24670   present: 8   in FES: 5
** Event #198144   t=946.57763731373   Elapsed: 946.527s (15m 46s)  15% completed  (15% total)
     Speed:     ev/sec=162.804   simsec/sec=0.999997   ev/simsec=162.805
     Messages:  created: 24734   present: 8   in FES: 5
** Event #198912   t=949.81567928111   Elapsed: 949.77s (15m 49s)  15% completed  (15% total)
     Speed:     ev/sec=236.83   simsec/sec=0.998524   ev/simsec=237.18
     Messages:  created: 24831   present: 10   in FES: 5
** Event #199424   t=952.628373625631   Elapsed: 952.627s (15m 52s)  15% completed  (15% total)
     Speed:     ev/sec=179.171   simsec/sec=0.984285   ev/simsec=182.032
     Messages:  created: 24895   present: 10   in FES: 6
** Event #199936   t=955.335279621482   Elapsed: 955.284s (15m 55s)  15% completed  (15% total)
     Speed:     ev/sec=192.682   simsec/sec=1.01869   ev/simsec=189.146
     Messages:  created: 24959   present: 10   in FES: 6
** Event #200704   t=958.861904113085   Elapsed: 958.811s (15m 58s)  15% completed  (15% total)
     Speed:     ev/sec=217.768   simsec/sec=0.999981   ev/simsec=217.772
     Messages:  created: 25055   present: 9   in FES: 6
** Event #201216   t=961.528845819369   Elapsed: 961.478s (16m 01s)  15% completed  (15% total)
     Speed:     ev/sec=191.98   simsec/sec=0.999999   ev/simsec=191.98
     Messages:  created: 25119   present: 10   in FES: 6
** Event #201728   t=963.794281362576   Elapsed: 963.744s (16m 03s)  15% completed  (15% total)
     Speed:     ev/sec=225.996   simsec/sec=0.999958   ev/simsec=226.005
     Messages:  created: 25182   present: 8   in FES: 5
** Event #202240   t=967.28939271658   Elapsed: 967.24s (16m 07s)  15% completed  (15% total)
     Speed:     ev/sec=146.444   simsec/sec=0.999686   ev/simsec=146.49
     Messages:  created: 25247   present: 11   in FES: 6
** Event #202496   t=969.310358638965   Elapsed: 969.26s (16m 09s)  15% completed  (15% total)
     Speed:     ev/sec=126.743   simsec/sec=1.00056   ev/simsec=126.672
     Messages:  created: 25278   present: 9   in FES: 6
** Event #203008   t=973.229414489805   Elapsed: 973.179s (16m 13s)  15% completed  (15% total)
     Speed:     ev/sec=130.641   simsec/sec=0.999982   ev/simsec=130.644
     Messages:  created: 25343   present: 10   in FES: 6
** Event #203264   t=975.697917554337   Elapsed: 975.647s (16m 15s)  15% completed  (15% total)
     Speed:     ev/sec=103.715   simsec/sec=1.00008   ev/simsec=103.707
     Messages:  created: 25374   present: 8   in FES: 5
** Event #203776   t=979.411483790981   Elapsed: 979.361s (16m 19s)  15% completed  (15% total)
     Speed:     ev/sec=137.868   simsec/sec=0.999961   ev/simsec=137.873
     Messages:  created: 25438   present: 9   in FES: 6
** Event #204288   t=982.899002089821   Elapsed: 982.848s (16m 22s)  15% completed  (15% total)
     Speed:     ev/sec=146.81   simsec/sec=1.00001   ev/simsec=146.809
     Messages:  created: 25502   present: 9   in FES: 6
** Event #204544   t=985.016820276684   Elapsed: 984.966s (16m 24s)  15% completed  (15% total)
     Speed:     ev/sec=120.88   simsec/sec=1   ev/simsec=120.879
     Messages:  created: 25535   present: 11   in FES: 6
** Event #204800   t=987.258722188556   Elapsed: 987.208s (16m 27s)  15% completed  (15% total)
     Speed:     ev/sec=114.198   simsec/sec=1.00008   ev/simsec=114.189
     Messages:  created: 25566   present: 9   in FES: 6
** Event #205312   t=989.864123195892   Elapsed: 989.813s (16m 29s)  15% completed  (15% total)
     Speed:     ev/sec=196.506   simsec/sec=0.999957   ev/simsec=196.515
     Messages:  created: 25630   present: 9   in FES: 6
** Event #205824   t=992.096934907183   Elapsed: 992.046s (16m 32s)  15% completed  (15% total)
     Speed:     ev/sec=229.309   simsec/sec=1.00001   ev/simsec=229.307
     Messages:  created: 25697   present: 15   in FES: 7
** Event #206592   t=995.623483963318   Elapsed: 995.573s (16m 35s)  15% completed  (15% total)
     Speed:     ev/sec=217.776   simsec/sec=0.999995   ev/simsec=217.777
     Messages:  created: 25790   present: 9   in FES: 6
** Event #207360   t=998.083171373837   Elapsed: 998.04s (16m 38s)  15% completed  (15% total)
     Speed:     ev/sec=311.336   simsec/sec=0.99712   ev/simsec=312.235
     Messages:  created: 25886   present: 12   in FES: 6
** Event #207872   t=1000.390261174495   Elapsed: 1000.34s (16m 40s)  15% completed  (15% total)
     Speed:     ev/sec=222.61   simsec/sec=1.00309   ev/simsec=221.925
     Messages:  created: 25949   present: 8   in FES: 5
** Event #208384   t=1002.757865079929   Elapsed: 1002.71s (16m 42s)  15% completed  (15% total)
     Speed:     ev/sec=216.26   simsec/sec=1.00003   ev/simsec=216.252
     Messages:  created: 26013   present: 10   in FES: 7
** Event #209152   t=1005.78705319385   Elapsed: 1005.74s (16m 45s)  15% completed  (15% total)
     Speed:     ev/sec=253.523   simsec/sec=0.999961   ev/simsec=253.533
     Messages:  created: 26109   present: 8   in FES: 5
** Event #209664   t=1008.525822524952   Elapsed: 1008.48s (16m 48s)  16% completed  (16% total)
     Speed:     ev/sec=186.95   simsec/sec=1.00003   ev/simsec=186.945
     Messages:  created: 26173   present: 8   in FES: 5
** Event #210432   t=1011.07461201825   Elapsed: 1011.02s (16m 51s)  16% completed  (16% total)
     Speed:     ev/sec=301.326   simsec/sec=1.00002   ev/simsec=301.32
     Messages:  created: 26269   present: 10   in FES: 6
** Event #210944   t=1014.021223327124   Elapsed: 1013.97s (16m 53s)  16% completed  (16% total)
     Speed:     ev/sec=173.755   simsec/sec=0.999979   ev/simsec=173.759
     Messages:  created: 26333   present: 8   in FES: 5
** Event #211456   t=1016.112956970487   Elapsed: 1016.06s (16m 56s)  16% completed  (16% total)
     Speed:     ev/sec=244.75   simsec/sec=0.999908   ev/simsec=244.773
     Messages:  created: 26401   present: 19   in FES: 7
** Event #212224   t=1018.154040628319   Elapsed: 1018.1s (16m 58s)  16% completed  (16% total)
     Speed:     ev/sec=376.324   simsec/sec=1.00014   ev/simsec=376.271
     Messages:  created: 26499   present: 24   in FES: 7
** Event #212992   t=1020.689396395398   Elapsed: 1020.64s (17m 00s)  16% completed  (16% total)
     Speed:     ev/sec=302.903   simsec/sec=0.999958   ev/simsec=302.916
     Messages:  created: 26589   present: 9   in FES: 6
** Event #213248   t=1022.77832256418   Elapsed: 1022.73s (17m 02s)  16% completed  (16% total)
     Speed:     ev/sec=122.552   simsec/sec=1.00001   ev/simsec=122.551
     Messages:  created: 26621   present: 9   in FES: 6
** Event #213760   t=1025.30893699588   Elapsed: 1025.26s (17m 05s)  16% completed  (16% total)
     Speed:     ev/sec=202.322   simsec/sec=0.999998   ev/simsec=202.322
     Messages:  created: 26684   present: 8   in FES: 5
** Event #214016   t=1027.922558601464   Elapsed: 1027.87s (17m 07s)  16% completed  (16% total)
     Speed:     ev/sec=97.9483   simsec/sec=0.999999   ev/simsec=97.9484
     Messages:  created: 26716   present: 10   in FES: 7
** Event #214528   t=1030.886685399326   Elapsed: 1030.84s (17m 10s)  16% completed  (16% total)
     Speed:     ev/sec=172.73   simsec/sec=0.999989   ev/simsec=172.732
     Messages:  created: 26779   present: 9   in FES: 6
** Event #215040   t=1033.957166490008   Elapsed: 1033.91s (17m 13s)  16% completed  (16% total)
     Speed:     ev/sec=166.751   simsec/sec=1.00001   ev/simsec=166.749
     Messages:  created: 26843   present: 9   in FES: 6
** Event #215296   t=1036.024449220624   Elapsed: 1035.97s (17m 15s)  16% completed  (16% total)
     Speed:     ev/sec=123.821   simsec/sec=0.999897   ev/simsec=123.834
     Messages:  created: 26875   present: 9   in FES: 6
** Event #215808   t=1040.280573255677   Elapsed: 1040.23s (17m 20s)  16% completed  (16% total)
     Speed:     ev/sec=120.298   simsec/sec=1.00001   ev/simsec=120.297
     Messages:  created: 26940   present: 10   in FES: 6
** Event #216320   t=1042.862511333296   Elapsed: 1042.81s (17m 22s)  16% completed  (16% total)
     Speed:     ev/sec=198.303   simsec/sec=1.00001   ev/simsec=198.301
     Messages:  created: 27003   present: 8   in FES: 5
** Event #216832   t=1046.662283504495   Elapsed: 1046.61s (17m 26s)  16% completed  (16% total)
     Speed:     ev/sec=134.746   simsec/sec=1   ev/simsec=134.745
     Messages:  created: 27067   present: 9   in FES: 6
** Event #217344   t=1050.521993722952   Elapsed: 1050.47s (17m 30s)  16% completed  (16% total)
     Speed:     ev/sec=132.654   simsec/sec=1.00001   ev/simsec=132.652
     Messages:  created: 27131   present: 9   in FES: 6
** Event #217856   t=1054.369878150173   Elapsed: 1054.32s (17m 34s)  16% completed  (16% total)
     Speed:     ev/sec=133.06   simsec/sec=0.999998   ev/simsec=133.06
     Messages:  created: 27195   present: 8   in FES: 5
** Event #218368   t=1057.637325857182   Elapsed: 1057.65s (17m 37s)  16% completed  (16% total)
     Speed:     ev/sec=153.691   simsec/sec=0.980814   ev/simsec=156.697
     Messages:  created: 27258   present: 9   in FES: 5
** Event #218624   t=1059.986307659922   Elapsed: 1059.94s (17m 39s)  16% completed  (16% total)
     Speed:     ev/sec=112.035   simsec/sec=1.028   ev/simsec=108.983
     Messages:  created: 27290   present: 8   in FES: 5
** Event #218880   t=1062.09583402609   Elapsed: 1062.05s (17m 42s)  16% completed  (16% total)
     Speed:     ev/sec=121.346   simsec/sec=0.999934   ev/simsec=121.354
     Messages:  created: 27322   present: 8   in FES: 5
** Event #219136   t=1064.268599638893   Elapsed: 1064.22s (17m 44s)  16% completed  (16% total)
     Speed:     ev/sec=117.825   simsec/sec=1.00003   ev/simsec=117.822
     Messages:  created: 27354   present: 8   in FES: 5
** Event #219392   t=1066.382788463208   Elapsed: 1066.33s (17m 46s)  16% completed  (16% total)
     Speed:     ev/sec=120.929   simsec/sec=0.998701   ev/simsec=121.087
     Messages:  created: 27386   present: 9   in FES: 6
** Event #219904   t=1068.776852336665   Elapsed: 1068.74s (17m 48s)  16% completed  (16% total)
     Speed:     ev/sec=212.542   simsec/sec=0.993827   ev/simsec=213.862
     Messages:  created: 27450   present: 9   in FES: 6
** Event #220416   t=1070.96028282968   Elapsed: 1070.91s (17m 50s)  16% completed  (16% total)
     Speed:     ev/sec=236.051   simsec/sec=1.00664   ev/simsec=234.493
     Messages:  created: 27514   present: 9   in FES: 5
** Event #220928   t=1074.063865139311   Elapsed: 1074.02s (17m 54s)  17% completed  (17% total)
     Speed:     ev/sec=164.686   simsec/sec=0.998274   ev/simsec=164.971
     Messages:  created: 27578   present: 9   in FES: 6
** Event #221440   t=1077.178032411632   Elapsed: 1077.13s (17m 57s)  17% completed  (17% total)
     Speed:     ev/sec=164.867   simsec/sec=1.00278   ev/simsec=164.41
     Messages:  created: 27642   present: 8   in FES: 5
** Event #222208   t=1080.856871037902   Elapsed: 1080.81s (18m 00s)  17% completed  (17% total)
     Speed:     ev/sec=208.766   simsec/sec=1.00002   ev/simsec=208.762
     Messages:  created: 27738   present: 9   in FES: 6
** Event #222720   t=1083.64370001501   Elapsed: 1083.59s (18m 03s)  17% completed  (17% total)
     Speed:     ev/sec=183.713   simsec/sec=0.999957   ev/simsec=183.721
     Messages:  created: 27802   present: 9   in FES: 6
** Event #223232   t=1086.479656278547   Elapsed: 1086.43s (18m 06s)  17% completed  (17% total)
     Speed:     ev/sec=180.549   simsec/sec=1.00006   ev/simsec=180.539
     Messages:  created: 27865   present: 8   in FES: 5
** Event #223744   t=1088.69387331621   Elapsed: 1088.64s (18m 08s)  17% completed  (17% total)
     Speed:     ev/sec=231.231   simsec/sec=0.999991   ev/simsec=231.233
     Messages:  created: 27928   present: 9   in FES: 6
** Event #224256   t=1092.785104059402   Elapsed: 1092.73s (18m 12s)  17% completed  (17% total)
     Speed:     ev/sec=125.139   simsec/sec=0.999948   ev/simsec=125.146
     Messages:  created: 27992   present: 8   in FES: 5
** Event #224512   t=1094.916552234857   Elapsed: 1094.87s (18m 14s)  17% completed  (17% total)
     Speed:     ev/sec=120.106   simsec/sec=0.999997   ev/simsec=120.106
     Messages:  created: 28025   present: 10   in FES: 6
** Event #225024   t=1098.133905557498   Elapsed: 1098.08s (18m 18s)  17% completed  (17% total)
     Speed:     ev/sec=159.145   simsec/sec=1.00005   ev/simsec=159.137
     Messages:  created: 28088   present: 9   in FES: 6
** Event #225280   t=1100.760841174216   Elapsed: 1100.71s (18m 20s)  17% completed  (17% total)
     Speed:     ev/sec=97.4481   simsec/sec=0.99996   ev/simsec=97.452
     Messages:  created: 28120   present: 9   in FES: 6
** Event #225536   t=1104.122898653991   Elapsed: 1104.07s (18m 24s)  17% completed  (17% total)
     Speed:     ev/sec=76.1456   simsec/sec=1.00002   ev/simsec=76.1438
     Messages:  created: 28152   present: 8   in FES: 5
** Event #225792   t=1107.089362037946   Elapsed: 1107.04s (18m 27s)  17% completed  (17% total)
     Speed:     ev/sec=86.3   simsec/sec=1.00002   ev/simsec=86.298
     Messages:  created: 28184   present: 8   in FES: 5
** Event #226048   t=1109.320789146245   Elapsed: 1109.27s (18m 29s)  17% completed  (17% total)
     Speed:     ev/sec=114.714   simsec/sec=0.999907   ev/simsec=114.725
     Messages:  created: 28216   present: 8   in FES: 5
** Event #226304   t=1112.877478255151   Elapsed: 1112.83s (18m 32s)  17% completed  (17% total)
     Speed:     ev/sec=71.977   simsec/sec=1   ev/simsec=71.9771
     Messages:  created: 28248   present: 8   in FES: 5
** Event #226560   t=1115.186164284566   Elapsed: 1115.14s (18m 35s)  17% completed  (17% total)
     Speed:     ev/sec=110.892   simsec/sec=1.00006   ev/simsec=110.886
     Messages:  created: 28280   present: 9   in FES: 6
** Event #226816   t=1117.378863730792   Elapsed: 1117.33s (18m 37s)  17% completed  (17% total)
     Speed:     ev/sec=116.745   simsec/sec=0.99995   ev/simsec=116.751
     Messages:  created: 28311   present: 8   in FES: 5
** Event #227072   t=1119.764933522453   Elapsed: 1119.71s (18m 39s)  17% completed  (17% total)
     Speed:     ev/sec=107.297   simsec/sec=1.00007   ev/simsec=107.289
     Messages:  created: 28343   present: 8   in FES: 5
** Event #227328   t=1123.329448542143   Elapsed: 1123.28s (18m 43s)  17% completed  (17% total)
     Speed:     ev/sec=71.8143   simsec/sec=0.999935   ev/simsec=71.819
     Messages:  created: 28375   present: 8   in FES: 5
** Event #227584   t=1125.815873258119   Elapsed: 1125.79s (18m 45s)  17% completed  (17% total)
     Speed:     ev/sec=101.869   simsec/sec=0.989413   ev/simsec=102.959
     Messages:  created: 28407   present: 9   in FES: 5
** Event #228096   t=1128.814478572429   Elapsed: 1128.77s (18m 48s)  17% completed  (17% total)
     Speed:     ev/sec=172.047   simsec/sec=1.00762   ev/simsec=170.746
     Messages:  created: 28471   present: 9   in FES: 6
** Event #228608   t=1131.95109118596   Elapsed: 1131.9s (18m 51s)  17% completed  (17% total)
     Speed:     ev/sec=163.45   simsec/sec=1.00133   ev/simsec=163.233
     Messages:  created: 28535   present: 8   in FES: 5
** Event #228864   t=1134.378796381352   Elapsed: 1134.33s (18m 54s)  18% completed  (18% total)
     Speed:     ev/sec=105.444   simsec/sec=0.999948   ev/simsec=105.449
     Messages:  created: 28567   present: 8   in FES: 5
** Event #229120   t=1136.846993527102   Elapsed: 1136.81s (18m 56s)  18% completed  (18% total)
     Speed:     ev/sec=103.063   simsec/sec=0.993668   ev/simsec=103.719
     Messages:  created: 28599   present: 9   in FES: 6
** Event #229376   t=1140.250627967886   Elapsed: 1140.2s (19m 00s)  18% completed  (18% total)
     Speed:     ev/sec=75.565   simsec/sec=1.00467   ev/simsec=75.2137
     Messages:  created: 28631   present: 9   in FES: 6
** Event #229632   t=1142.498223249782   Elapsed: 1142.45s (19m 02s)  18% completed  (18% total)
     Speed:     ev/sec=113.891   simsec/sec=0.999928   ev/simsec=113.9
     Messages:  created: 28663   present: 9   in FES: 6
** Event #229888   t=1145.798209583807   Elapsed: 1145.76s (19m 05s)  18% completed  (18% total)
     Speed:     ev/sec=77.2164   simsec/sec=0.995363   ev/simsec=77.5761
     Messages:  created: 28695   present: 10   in FES: 6
** Event #230400   t=1148.535147323759   Elapsed: 1148.48s (19m 08s)  18% completed  (18% total)
     Speed:     ev/sec=188.133   simsec/sec=1.00568   ev/simsec=187.07
     Messages:  created: 28758   present: 11   in FES: 6
** Event #230912   t=1152.871819854994   Elapsed: 1152.84s (19m 12s)  18% completed  (18% total)
     Speed:     ev/sec=117.458   simsec/sec=0.994876   ev/simsec=118.063
     Messages:  created: 28821   present: 8   in FES: 5
** Event #231424   t=1155.101523434225   Elapsed: 1155.05s (19m 15s)  18% completed  (18% total)
     Speed:     ev/sec=231.962   simsec/sec=1.01017   ev/simsec=229.627
     Messages:  created: 28886   present: 10   in FES: 7
** Event #232192   t=1157.394325791614   Elapsed: 1157.34s (19m 17s)  18% completed  (18% total)
     Speed:     ev/sec=334.968   simsec/sec=1.00002   ev/simsec=334.961
     Messages:  created: 28986   present: 21   in FES: 7
** Event #232704   t=1159.515918660592   Elapsed: 1159.47s (19m 19s)  18% completed  (18% total)
     Speed:     ev/sec=241.298   simsec/sec=0.999876   ev/simsec=241.328
     Messages:  created: 29046   present: 10   in FES: 6
** Event #233216   t=1162.602450490155   Elapsed: 1162.55s (19m 22s)  18% completed  (18% total)
     Speed:     ev/sec=165.887   simsec/sec=1.00003   ev/simsec=165.882
     Messages:  created: 29110   present: 10   in FES: 7
** Event #233728   t=1164.857752032555   Elapsed: 1164.82s (19m 24s)  18% completed  (18% total)
     Speed:     ev/sec=225.631   simsec/sec=0.993879   ev/simsec=227.021
     Messages:  created: 29173   present: 8   in FES: 5
** Event #234240   t=1167.419705424551   Elapsed: 1167.37s (19m 27s)  18% completed  (18% total)
     Speed:     ev/sec=200.541   simsec/sec=1.00347   ev/simsec=199.848
     Messages:  created: 29237   present: 8   in FES: 5
** Event #234752   t=1170.305473855527   Elapsed: 1170.25s (19m 30s)  18% completed  (18% total)
     Speed:     ev/sec=177.736   simsec/sec=1.00177   ev/simsec=177.422
     Messages:  created: 29302   present: 11   in FES: 7
** Event #235264   t=1173.057698721247   Elapsed: 1173.02s (19m 33s)  18% completed  (18% total)
     Speed:     ev/sec=185.408   simsec/sec=0.996648   ev/simsec=186.031
     Messages:  created: 29365   present: 8   in FES: 5
** Event #235776   t=1176.410254499822   Elapsed: 1176.36s (19m 36s)  18% completed  (18% total)
     Speed:     ev/sec=153.028   simsec/sec=1.00202   ev/simsec=152.719
     Messages:  created: 29429   present: 8   in FES: 5
** Event #236288   t=1178.916009039106   Elapsed: 1178.87s (19m 38s)  18% completed  (18% total)
     Speed:     ev/sec=204.539   simsec/sec=1.00103   ev/simsec=204.33
     Messages:  created: 29493   present: 10   in FES: 7
** Event #237056   t=1182.18625766279   Elapsed: 1182.14s (19m 42s)  18% completed  (18% total)
     Speed:     ev/sec=234.85   simsec/sec=1.00002   ev/simsec=234.845
     Messages:  created: 29588   present: 9   in FES: 6
** Event #237568   t=1184.466102609855   Elapsed: 1184.42s (19m 44s)  18% completed  (18% total)
     Speed:     ev/sec=224.572   simsec/sec=0.999978   ev/simsec=224.577
     Messages:  created: 29652   present: 9   in FES: 6
** Event #237824   t=1186.805911246874   Elapsed: 1186.76s (19m 46s)  18% completed  (18% total)
     Speed:     ev/sec=109.398   simsec/sec=0.999881   ev/simsec=109.411
     Messages:  created: 29684   present: 9   in FES: 6
** Event #238336   t=1189.58018338297   Elapsed: 1189.53s (19m 49s)  18% completed  (18% total)
     Speed:     ev/sec=184.574   simsec/sec=1.00012   ev/simsec=184.553
     Messages:  created: 29750   present: 13   in FES: 7
** Event #238848   t=1192.467604877651   Elapsed: 1192.42s (19m 52s)  18% completed  (18% total)
     Speed:     ev/sec=177.316   simsec/sec=0.99997   ev/simsec=177.321
     Messages:  created: 29812   present: 8   in FES: 5
** Event #239104   t=1196.115250497098   Elapsed: 1196.06s (19m 56s)  18% completed  (18% total)
     Speed:     ev/sec=70.1763   simsec/sec=0.999915   ev/simsec=70.1823
     Messages:  created: 29844   present: 8   in FES: 5
** Event #239360   t=1198.239351928414   Elapsed: 1198.19s (19m 58s)  19% completed  (19% total)
     Speed:     ev/sec=120.541   simsec/sec=1.00016   ev/simsec=120.522
     Messages:  created: 29876   present: 9   in FES: 6
** Event #239616   t=1201.582872836658   Elapsed: 1201.56s (20m 01s)  19% completed  (19% total)
     Speed:     ev/sec=75.9355   simsec/sec=0.991766   ev/simsec=76.566
     Messages:  created: 29907   present: 7   in FES: 4
** Event #239872   t=1205.168739823896   Elapsed: 1205.13s (20m 05s)  19% completed  (19% total)
     Speed:     ev/sec=71.6217   simsec/sec=1.00323   ev/simsec=71.3914
     Messages:  created: 29939   present: 7   in FES: 4
** Event #240128   t=1207.552891950331   Elapsed: 1207.5s (20m 07s)  19% completed  (19% total)
     Speed:     ev/sec=108.111   simsec/sec=1.00685   ev/simsec=107.376
     Messages:  created: 29970   present: 8   in FES: 5
** Event #240384   t=1210.48718310766   Elapsed: 1210.44s (20m 10s)  19% completed  (19% total)
     Speed:     ev/sec=87.2395   simsec/sec=0.999946   ev/simsec=87.2442
     Messages:  created: 30003   present: 11   in FES: 7
** Event #240896   t=1215.147623368686   Elapsed: 1215.1s (20m 15s)  19% completed  (19% total)
     Speed:     ev/sec=109.865   simsec/sec=1.00003   ev/simsec=109.861
     Messages:  created: 30066   present: 8   in FES: 5
** Event #241152   t=1217.354654798275   Elapsed: 1217.3s (20m 17s)  19% completed  (19% total)
     Speed:     ev/sec=115.991   simsec/sec=0.999987   ev/simsec=115.993
     Messages:  created: 30099   present: 9   in FES: 6
** Event #241664   t=1220.407474236191   Elapsed: 1220.36s (20m 20s)  19% completed  (19% total)
     Speed:     ev/sec=167.715   simsec/sec=1.00001   ev/simsec=167.714
     Messages:  created: 30162   present: 8   in FES: 5
** Event #242176   t=1223.759557912281   Elapsed: 1223.71s (20m 23s)  19% completed  (19% total)
     Speed:     ev/sec=152.741   simsec/sec=1   ev/simsec=152.741
     Messages:  created: 30227   present: 9   in FES: 6
** Event #242688   t=1228.405139950067   Elapsed: 1228.35s (20m 28s)  19% completed  (19% total)
     Speed:     ev/sec=110.21   simsec/sec=0.99998   ev/simsec=110.212
     Messages:  created: 30290   present: 8   in FES: 5
** Event #242944   t=1231.834845061385   Elapsed: 1231.78s (20m 31s)  19% completed  (19% total)
     Speed:     ev/sec=74.6424   simsec/sec=1.00001   ev/simsec=74.642
     Messages:  created: 30322   present: 8   in FES: 5
** Event #243200   t=1234.153418086003   Elapsed: 1234.1s (20m 34s)  19% completed  (19% total)
     Speed:     ev/sec=110.415   simsec/sec=1.00002   ev/simsec=110.413
     Messages:  created: 30355   present: 9   in FES: 6
** Event #243456   t=1236.405236584043   Elapsed: 1236.35s (20m 36s)  19% completed  (19% total)
     Speed:     ev/sec=113.685   simsec/sec=0.999992   ev/simsec=113.686
     Messages:  created: 30386   present: 8   in FES: 5
** Event #243712   t=1238.928519363682   Elapsed: 1238.88s (20m 38s)  19% completed  (19% total)
     Speed:     ev/sec=101.454   simsec/sec=0.999992   ev/simsec=101.455
     Messages:  created: 30417   present: 8   in FES: 5
** Event #243968   t=1240.98682669923   Elapsed: 1240.94s (20m 40s)  19% completed  (19% total)
     Speed:     ev/sec=124.377   simsec/sec=1.00003   ev/simsec=124.374
     Messages:  created: 30449   present: 8   in FES: 5
** Event #244480   t=1244.715703508233   Elapsed: 1244.67s (20m 44s)  19% completed  (19% total)
     Speed:     ev/sec=137.301   simsec/sec=0.999956   ev/simsec=137.307
     Messages:  created: 30513   present: 8   in FES: 5
** Event #244992   t=1249.941234111038   Elapsed: 1249.89s (20m 49s)  19% completed  (19% total)
     Speed:     ev/sec=97.9844   simsec/sec=1.00004   ev/simsec=97.9805
     Messages:  created: 30578   present: 10   in FES: 7
** Event #245504   t=1252.040395664297   Elapsed: 1251.99s (20m 51s)  19% completed  (19% total)
     Speed:     ev/sec=243.899   simsec/sec=0.999967   ev/simsec=243.907
     Messages:  created: 30642   present: 11   in FES: 5
** Event #246272   t=1254.965549999887   Elapsed: 1254.92s (20m 54s)  19% completed  (19% total)
     Speed:     ev/sec=262.013   simsec/sec=0.997955   ev/simsec=262.55
     Messages:  created: 30738   present: 11   in FES: 6
** Event #247040   t=1258.609962763656   Elapsed: 1258.56s (20m 58s)  19% completed  (19% total)
     Speed:     ev/sec=211.08   simsec/sec=1.00164   ev/simsec=210.734
     Messages:  created: 30833   present: 9   in FES: 6
** Event #247296   t=1261.05330968648   Elapsed: 1261s (21m 01s)  20% completed  (20% total)
     Speed:     ev/sec=104.773   simsec/sec=0.999991   ev/simsec=104.774
     Messages:  created: 30865   present: 9   in FES: 6
** Event #247808   t=1266.075691720435   Elapsed: 1266.02s (21m 06s)  20% completed  (20% total)
     Speed:     ev/sec=101.943   simsec/sec=0.999998   ev/simsec=101.944
     Messages:  created: 30929   present: 8   in FES: 5
** Event #248320   t=1270.158804739773   Elapsed: 1270.11s (21m 10s)  20% completed  (20% total)
     Speed:     ev/sec=125.336   simsec/sec=0.999531   ev/simsec=125.395
     Messages:  created: 30992   present: 10   in FES: 6
** Event #248576   t=1272.568812931598   Elapsed: 1272.52s (21m 12s)  20% completed  (20% total)
     Speed:     ev/sec=106.309   simsec/sec=1.0008   ev/simsec=106.224
     Messages:  created: 31023   present: 8   in FES: 5
** Event #248832   t=1274.66365588249   Elapsed: 1274.61s (21m 14s)  20% completed  (20% total)
     Speed:     ev/sec=122.203   simsec/sec=0.999981   ev/simsec=122.205
     Messages:  created: 31056   present: 9   in FES: 6
** Event #249344   t=1277.699720246207   Elapsed: 1277.65s (21m 17s)  20% completed  (20% total)
     Speed:     ev/sec=168.643   simsec/sec=1.00002   ev/simsec=168.639
     Messages:  created: 31119   present: 8   in FES: 5
** Event #249856   t=1281.003911560508   Elapsed: 1280.95s (21m 20s)  20% completed  (20% total)
     Speed:     ev/sec=154.954   simsec/sec=0.999996   ev/simsec=154.955
     Messages:  created: 31183   present: 8   in FES: 5
** Event #250368   t=1284.6557633338   Elapsed: 1284.6s (21m 24s)  20% completed  (20% total)
     Speed:     ev/sec=140.204   simsec/sec=1.00001   ev/simsec=140.203
     Messages:  created: 31247   present: 8   in FES: 5
** Event #250624   t=1287.091453267349   Elapsed: 1287.04s (21m 27s)  20% completed  (20% total)
     Speed:     ev/sec=105.101   simsec/sec=0.999974   ev/simsec=105.104
     Messages:  created: 31280   present: 9   in FES: 6
** Event #250880   t=1289.510688969908   Elapsed: 1289.46s (21m 29s)  20% completed  (20% total)
     Speed:     ev/sec=105.82   simsec/sec=1.00002   ev/simsec=105.819
     Messages:  created: 31312   present: 9   in FES: 6
** Event #251392   t=1292.35570311879   Elapsed: 1292.3s (21m 32s)  20% completed  (20% total)
     Speed:     ev/sec=179.964   simsec/sec=0.999998   ev/simsec=179.964
     Messages:  created: 31376   present: 10   in FES: 7
** Event #251904   t=1296.419373612674   Elapsed: 1296.37s (21m 36s)  20% completed  (20% total)
     Speed:     ev/sec=125.995   simsec/sec=1.00001   ev/simsec=125.994
     Messages:  created: 31439   present: 8   in FES: 5
** Event #252416   t=1298.795942380735   Elapsed: 1298.76s (21m 38s)  20% completed  (20% total)
     Speed:     ev/sec=213.999   simsec/sec=0.993325   ev/simsec=215.437
     Messages:  created: 31503   present: 11   in FES: 6
** Event #252928   t=1301.799186427571   Elapsed: 1301.75s (21m 41s)  20% completed  (20% total)
     Speed:     ev/sec=171.385   simsec/sec=1.00529   ev/simsec=170.482
     Messages:  created: 31566   present: 8   in FES: 5
** Event #253184   t=1303.927036080583   Elapsed: 1303.88s (21m 43s)  20% completed  (20% total)
     Speed:     ev/sec=120.319   simsec/sec=1.00008   ev/simsec=120.309
     Messages:  created: 31598   present: 8   in FES: 5
** Event #253696   t=1307.551495804846   Elapsed: 1307.5s (21m 47s)  20% completed  (20% total)
     Speed:     ev/sec=141.259   simsec/sec=0.999975   ev/simsec=141.262
     Messages:  created: 31663   present: 10   in FES: 7
** Event #254208   t=1311.222895289234   Elapsed: 1311.17s (21m 51s)  20% completed  (20% total)
     Speed:     ev/sec=139.452   simsec/sec=0.99997   ev/simsec=139.456
     Messages:  created: 31726   present: 9   in FES: 6
** Event #254720   t=1315.359209366327   Elapsed: 1315.31s (21m 55s)  20% completed  (20% total)
     Speed:     ev/sec=123.783   simsec/sec=1.00001   ev/simsec=123.782
     Messages:  created: 31790   present: 8   in FES: 5
** Event #254976   t=1317.974275221478   Elapsed: 1317.92s (21m 57s)  20% completed  (20% total)
     Speed:     ev/sec=97.8877   simsec/sec=0.999933   ev/simsec=97.8943
     Messages:  created: 31822   present: 8   in FES: 5
** Event #255232   t=1320.942360034086   Elapsed: 1320.89s (22m 00s)  20% completed  (20% total)
     Speed:     ev/sec=86.251   simsec/sec=1   ev/simsec=86.2509
     Messages:  created: 31854   present: 8   in FES: 5
** Event #255744   t=1324.467630247911   Elapsed: 1324.42s (22m 04s)  21% completed  (21% total)
     Speed:     ev/sec=145.246   simsec/sec=1.00006   ev/simsec=145.237
     Messages:  created: 31918   present: 8   in FES: 5
** Event #256256   t=1326.476543982401   Elapsed: 1326.43s (22m 06s)  21% completed  (21% total)
     Speed:     ev/sec=254.863   simsec/sec=0.999995   ev/simsec=254.864
     Messages:  created: 31982   present: 8   in FES: 5
** Event #256512   t=1329.4421629648   Elapsed: 1329.39s (22m 09s)  21% completed  (21% total)
     Speed:     ev/sec=86.3197   simsec/sec=0.999967   ev/simsec=86.3226
     Messages:  created: 32013   present: 9   in FES: 6
** Event #256768   t=1332.69942795479   Elapsed: 1332.65s (22m 12s)  21% completed  (21% total)
     Speed:     ev/sec=78.5934   simsec/sec=0.999998   ev/simsec=78.5935
     Messages:  created: 32044   present: 8   in FES: 5
** Event #257280   t=1336.464463129188   Elapsed: 1336.41s (22m 16s)  21% completed  (21% total)
     Speed:     ev/sec=135.987   simsec/sec=0.999994   ev/simsec=135.988
     Messages:  created: 32108   present: 8   in FES: 5
** Event #257792   t=1339.67013294615   Elapsed: 1339.62s (22m 19s)  21% completed  (21% total)
     Speed:     ev/sec=159.727   simsec/sec=1.00006   ev/simsec=159.717
     Messages:  created: 32173   present: 9   in FES: 6
** Event #258304   t=1343.251290516083   Elapsed: 1343.2s (22m 23s)  21% completed  (21% total)
     Speed:     ev/sec=142.966   simsec/sec=0.999971   ev/simsec=142.971
     Messages:  created: 32237   present: 9   in FES: 6
** Event #258816   t=1346.942389988864   Elapsed: 1346.89s (22m 26s)  21% completed  (21% total)
     Speed:     ev/sec=138.718   simsec/sec=1.00004   ev/simsec=138.712
     Messages:  created: 32304   present: 17   in FES: 7
** Event #259328   t=1350.113496522772   Elapsed: 1350.06s (22m 30s)  21% completed  (21% total)
     Speed:     ev/sec=161.447   simsec/sec=0.999932   ev/simsec=161.458
     Messages:  created: 32365   present: 9   in FES: 6
** Event #259584   t=1352.890862966206   Elapsed: 1352.84s (22m 32s)  21% completed  (21% total)
     Speed:     ev/sec=92.1827   simsec/sec=1.0001   ev/simsec=92.1736
     Messages:  created: 32397   present: 9   in FES: 6
** Event #259840   t=1356.422085596817   Elapsed: 1356.37s (22m 36s)  21% completed  (21% total)
     Speed:     ev/sec=72.4916   simsec/sec=0.999938   ev/simsec=72.4961
     Messages:  created: 32428   present: 8   in FES: 5
** Event #260096   t=1359.206004977255   Elapsed: 1359.16s (22m 39s)  21% completed  (21% total)
     Speed:     ev/sec=91.9572   simsec/sec=1.00001   ev/simsec=91.9567
     Messages:  created: 32460   present: 10   in FES: 6
** Event #260352   t=1363.238821110557   Elapsed: 1363.21s (22m 43s)  21% completed  (21% total)
     Speed:     ev/sec=63.1446   simsec/sec=0.994729   ev/simsec=63.4792
     Messages:  created: 32491   present: 8   in FES: 5
** Event #260608   t=1368.098374756362   Elapsed: 1368.09s (22m 48s)  21% completed  (21% total)
     Speed:     ev/sec=52.5033   simsec/sec=0.99665   ev/simsec=52.6797
     Messages:  created: 32523   present: 8   in FES: 5
** Event #260864   t=1372.1359231961   Elapsed: 1372.09s (22m 52s)  21% completed  (21% total)
     Speed:     ev/sec=64.0051   simsec/sec=1.00947   ev/simsec=63.4048
     Messages:  created: 32556   present: 11   in FES: 7
** Event #261632   t=1374.930116092289   Elapsed: 1374.89s (22m 54s)  21% completed  (21% total)
     Speed:     ev/sec=274.261   simsec/sec=0.997838   ev/simsec=274.856
     Messages:  created: 32651   present: 8   in FES: 5
** Event #262400   t=1377.935917686633   Elapsed: 1377.89s (22m 57s)  21% completed  (21% total)
     Speed:     ev/sec=255.661   simsec/sec=1.00061   ev/simsec=255.506
     Messages:  created: 32747   present: 8   in FES: 5
** Event #262912   t=1380.857762258989   Elapsed: 1380.84s (23m 00s)  21% completed  (21% total)
     Speed:     ev/sec=173.646   simsec/sec=0.990951   ev/simsec=175.232
     Messages:  created: 32811   present: 9   in FES: 6
** Event #263168   t=1383.721854455522   Elapsed: 1383.68s (23m 03s)  21% completed  (21% total)
     Speed:     ev/sec=90.0142   simsec/sec=1.00707   ev/simsec=89.3826
     Messages:  created: 32843   present: 9   in FES: 5
** Event #263424   t=1386.357813967166   Elapsed: 1386.31s (23m 06s)  22% completed  (22% total)
     Speed:     ev/sec=97.5179   simsec/sec=1.00411   ev/simsec=97.1183
     Messages:  created: 32875   present: 8   in FES: 5
** Event #263680   t=1388.628766444514   Elapsed: 1388.58s (23m 08s)  22% completed  (22% total)
     Speed:     ev/sec=112.718   simsec/sec=0.99991   ev/simsec=112.728
     Messages:  created: 32906   present: 9   in FES: 6
** Event #264192   t=1392.799526   Elapsed: 1392.86s (23m 12s)  22% completed  (22% total)
     Speed:     ev/sec=119.706   simsec/sec=0.975123   ev/simsec=122.759
     Messages:  created: 32969   present: 7   in FES: 4
** Event #264448   t=1395.108468248062   Elapsed: 1395.07s (23m 15s)  22% completed  (22% total)
     Speed:     ev/sec=115.61   simsec/sec=1.04272   ev/simsec=110.873
     Messages:  created: 33007   present: 23   in FES: 6
** Event #264960   t=1398.04814624084   Elapsed: 1398s (23m 17s)  22% completed  (22% total)
     Speed:     ev/sec=174.874   simsec/sec=1.00405   ev/simsec=174.169
     Messages:  created: 33066   present: 9   in FES: 6
** Event #265472   t=1400.930431404883   Elapsed: 1400.88s (23m 20s)  22% completed  (22% total)
     Speed:     ev/sec=177.631   simsec/sec=0.999967   ev/simsec=177.637
     Messages:  created: 33130   present: 9   in FES: 6
** Event #265728   t=1403.529814   Elapsed: 1403.59s (23m 23s)  22% completed  (22% total)
     Speed:     ev/sec=94.4522   simsec/sec=0.959052   ev/simsec=98.4849
     Messages:  created: 33161   present: 7   in FES: 4
** Event #265984   t=1407.243642642652   Elapsed: 1407.19s (23m 27s)  22% completed  (22% total)
     Speed:     ev/sec=71.0583   simsec/sec=1.03085   ev/simsec=68.9316
     Messages:  created: 33194   present: 10   in FES: 6
** Event #266496   t=1410.655742334769   Elapsed: 1410.61s (23m 30s)  22% completed  (22% total)
     Speed:     ev/sec=150.048   simsec/sec=0.999957   ev/simsec=150.054
     Messages:  created: 33258   present: 10   in FES: 6
** Event #266752   t=1412.910905069626   Elapsed: 1412.86s (23m 32s)  22% completed  (22% total)
     Speed:     ev/sec=113.518   simsec/sec=1   ev/simsec=113.517
     Messages:  created: 33290   present: 9   in FES: 6
** Event #267264   t=1416.748975178378   Elapsed: 1416.7s (23m 36s)  22% completed  (22% total)
     Speed:     ev/sec=133.4   simsec/sec=0.999995   ev/simsec=133.4
     Messages:  created: 33354   present: 9   in FES: 6
** Event #267520   t=1420.550594265375   Elapsed: 1420.5s (23m 40s)  22% completed  (22% total)
     Speed:     ev/sec=67.3396   simsec/sec=0.999999   ev/simsec=67.3397
     Messages:  created: 33385   present: 9   in FES: 6
** Event #267776   t=1422.835302592931   Elapsed: 1422.78s (23m 42s)  22% completed  (22% total)
     Speed:     ev/sec=112.054   simsec/sec=1.00004   ev/simsec=112.049
     Messages:  created: 33416   present: 8   in FES: 5
** Event #268032   t=1425.721413498232   Elapsed: 1425.67s (23m 45s)  22% completed  (22% total)
     Speed:     ev/sec=88.6987   simsec/sec=0.999977   ev/simsec=88.7007
     Messages:  created: 33448   present: 8   in FES: 5
** Event #268544   t=1428.403328567038   Elapsed: 1428.35s (23m 48s)  22% completed  (22% total)
     Speed:     ev/sec=190.906   simsec/sec=0.999988   ev/simsec=190.908
     Messages:  created: 33512   present: 8   in FES: 5
** Event #268800   t=1432.075634067855   Elapsed: 1432.03s (23m 52s)  22% completed  (22% total)
     Speed:     ev/sec=69.7109   simsec/sec=0.999998   ev/simsec=69.711
     Messages:  created: 33545   present: 9   in FES: 6
** Event #269056   t=1434.671044967201   Elapsed: 1434.62s (23m 54s)  22% completed  (22% total)
     Speed:     ev/sec=98.6416   simsec/sec=1.00006   ev/simsec=98.6356
     Messages:  created: 33577   present: 9   in FES: 6
** Event #269824   t=1437.844746309151   Elapsed: 1437.79s (23m 57s)  22% completed  (22% total)
     Speed:     ev/sec=241.986   simsec/sec=0.999988   ev/simsec=241.989
     Messages:  created: 33672   present: 8   in FES: 5
** Event #270336   t=1441.445833928137   Elapsed: 1441.4s (24m 01s)  22% completed  (22% total)
     Speed:     ev/sec=142.175   simsec/sec=0.999969   ev/simsec=142.179
     Messages:  created: 33736   present: 9   in FES: 6
** Event #270848   t=1444.136105641968   Elapsed: 1444.09s (24m 04s)  22% completed  (22% total)
     Speed:     ev/sec=190.323   simsec/sec=1.00004   ev/simsec=190.315
     Messages:  created: 33801   present: 11   in FES: 6
** Event #271360   t=1446.762819880214   Elapsed: 1446.71s (24m 06s)  22% completed  (22% total)
     Speed:     ev/sec=194.923   simsec/sec=1.00001   ev/simsec=194.92
     Messages:  created: 33864   present: 8   in FES: 5
** Event #271872   t=1450.852125568935   Elapsed: 1450.8s (24m 10s)  23% completed  (23% total)
     Speed:     ev/sec=125.207   simsec/sec=1.00002   ev/simsec=125.205
     Messages:  created: 33927   present: 10   in FES: 7
** Event #272128   t=1455.10475669581   Elapsed: 1455.05s (24m 15s)  23% completed  (23% total)
     Speed:     ev/sec=60.1983   simsec/sec=1   ev/simsec=60.198
     Messages:  created: 33959   present: 10   in FES: 7
** Event #272640   t=1462.101047548183   Elapsed: 1462.05s (24m 22s)  23% completed  (23% total)
     Speed:     ev/sec=73.1808   simsec/sec=0.999989   ev/simsec=73.1816
     Messages:  created: 34023   present: 8   in FES: 5
** Event #272896   t=1464.11210512798   Elapsed: 1464.06s (24m 24s)  23% completed  (23% total)
     Speed:     ev/sec=127.305   simsec/sec=1.00007   ev/simsec=127.296
     Messages:  created: 34055   present: 10   in FES: 6
** Event #273408   t=1466.422291939539   Elapsed: 1466.37s (24m 26s)  23% completed  (23% total)
     Speed:     ev/sec=221.616   simsec/sec=0.999948   ev/simsec=221.627
     Messages:  created: 34119   present: 8   in FES: 5
** Event #273664   t=1469.013586564937   Elapsed: 1468.96s (24m 28s)  23% completed  (23% total)
     Speed:     ev/sec=98.7859   simsec/sec=0.999935   ev/simsec=98.7923
     Messages:  created: 34151   present: 8   in FES: 5
** Event #273920   t=1472.220424245741   Elapsed: 1472.17s (24m 32s)  23% completed  (23% total)
     Speed:     ev/sec=79.8318   simsec/sec=1.00003   ev/simsec=79.8294
     Messages:  created: 34183   present: 8   in FES: 5
** Event #274432   t=1477.061998   Elapsed: 1477.01s (24m 37s)  23% completed  (23% total)
     Speed:     ev/sec=105.75   simsec/sec=0.999992   ev/simsec=105.751
     Messages:  created: 34246   present: 9   in FES: 6
** Event #274944   t=1480.843872974032   Elapsed: 1480.79s (24m 40s)  23% completed  (23% total)
     Speed:     ev/sec=135.381   simsec/sec=0.999985   ev/simsec=135.383
     Messages:  created: 34309   present: 8   in FES: 5
** Event #275456   t=1483.65826925911   Elapsed: 1483.61s (24m 43s)  23% completed  (23% total)
     Speed:     ev/sec=181.919   simsec/sec=0.999986   ev/simsec=181.922
     Messages:  created: 34374   present: 9   in FES: 6
** Event #275968   t=1486.089340821501   Elapsed: 1486.04s (24m 46s)  23% completed  (23% total)
     Speed:     ev/sec=210.617   simsec/sec=1.00005   ev/simsec=210.607
     Messages:  created: 34438   present: 9   in FES: 6
** Event #276480   t=1489.179553385679   Elapsed: 1489.13s (24m 49s)  23% completed  (23% total)
     Speed:     ev/sec=165.685   simsec/sec=1   ev/simsec=165.684
     Messages:  created: 34503   present: 13   in FES: 7
** Event #276992   t=1492.334996624247   Elapsed: 1492.28s (24m 52s)  23% completed  (23% total)
     Speed:     ev/sec=162.265   simsec/sec=1.00004   ev/simsec=162.259
     Messages:  created: 34566   present: 9   in FES: 6
** Event #277504   t=1494.636384137416   Elapsed: 1494.59s (24m 54s)  23% completed  (23% total)
     Speed:     ev/sec=222.471   simsec/sec=0.999986   ev/simsec=222.474
     Messages:  created: 34629   present: 8   in FES: 5
** Event #278016   t=1497.738157996071   Elapsed: 1497.69s (24m 57s)  23% completed  (23% total)
     Speed:     ev/sec=165.059   simsec/sec=0.999955   ev/simsec=165.067
     Messages:  created: 34693   present: 8   in FES: 5
** Event #278528   t=1500.467988012408   Elapsed: 1500.42s (25m 00s)  23% completed  (23% total)
     Speed:     ev/sec=187.574   simsec/sec=1.00009   ev/simsec=187.557
     Messages:  created: 34757   present: 9   in FES: 6
** Event #279040   t=1503.460181828704   Elapsed: 1503.41s (25m 03s)  23% completed  (23% total)
     Speed:     ev/sec=171.089   simsec/sec=0.999868   ev/simsec=171.112
     Messages:  created: 34822   present: 10   in FES: 7
** Event #279808   t=1505.808831844211   Elapsed: 1505.76s (25m 05s)  23% completed  (23% total)
     Speed:     ev/sec=327.022   simsec/sec=1.00008   ev/simsec=326.996
     Messages:  created: 34918   present: 10   in FES: 7
** Event #280320   t=1508.543535299648   Elapsed: 1508.49s (25m 08s)  23% completed  (23% total)
     Speed:     ev/sec=187.196   simsec/sec=0.999857   ev/simsec=187.223
     Messages:  created: 34980   present: 9   in FES: 6
** Event #281088   t=1511.260631840079   Elapsed: 1511.23s (25m 11s)  23% completed  (23% total)
     Speed:     ev/sec=280.396   simsec/sec=0.99201   ev/simsec=282.655
     Messages:  created: 35076   present: 9   in FES: 6
** Event #281600   t=1513.298183141679   Elapsed: 1513.25s (25m 13s)  24% completed  (24% total)
     Speed:     ev/sec=254.065   simsec/sec=1.01108   ev/simsec=251.282
     Messages:  created: 35142   present: 13   in FES: 7
** Event #282112   t=1515.739136280583   Elapsed: 1515.7s (25m 15s)  24% completed  (24% total)
     Speed:     ev/sec=208.95   simsec/sec=0.996165   ev/simsec=209.754
     Messages:  created: 35204   present: 9   in FES: 6
** Event #282624   t=1518.800902273193   Elapsed: 1518.75s (25m 18s)  24% completed  (24% total)
     Speed:     ev/sec=167.739   simsec/sec=1.00308   ev/simsec=167.224
     Messages:  created: 35268   present: 8   in FES: 5
** Event #282880   t=1521.654998931281   Elapsed: 1521.61s (25m 21s)  24% completed  (24% total)
     Speed:     ev/sec=89.6013   simsec/sec=0.998948   ev/simsec=89.6956
     Messages:  created: 35302   present: 9   in FES: 5
** Event #283136   t=1523.726777110042   Elapsed: 1523.68s (25m 23s)  24% completed  (24% total)
     Speed:     ev/sec=123.733   simsec/sec=1.00136   ev/simsec=123.565
     Messages:  created: 35334   present: 8   in FES: 6
** Event #283648   t=1526.539436379619   Elapsed: 1526.51s (25m 26s)  24% completed  (24% total)
     Speed:     ev/sec=180.552   simsec/sec=0.99186   ev/simsec=182.034
     Messages:  created: 35398   present: 9   in FES: 5
** Event #284416   t=1529.627621208475   Elapsed: 1529.58s (25m 29s)  24% completed  (24% total)
     Speed:     ev/sec=250.569   simsec/sec=1.00755   ev/simsec=248.69
     Messages:  created: 35507   present: 43   in FES: 6
** Event #284928   t=1531.63013491759   Elapsed: 1531.58s (25m 31s)  24% completed  (24% total)
     Speed:     ev/sec=255.678   simsec/sec=0.999999   ev/simsec=255.679
     Messages:  created: 35589   present: 91   in FES: 6
** Event #285696   t=1534.612720029695   Elapsed: 1534.56s (25m 34s)  24% completed  (24% total)
     Speed:     ev/sec=257.486   simsec/sec=0.999967   ev/simsec=257.495
     Messages:  created: 35699   present: 124   in FES: 6
** Event #285952   t=1536.719347229781   Elapsed: 1536.67s (25m 36s)  24% completed  (24% total)
     Speed:     ev/sec=121.531   simsec/sec=1.00008   ev/simsec=121.521
     Messages:  created: 35717   present: 92   in FES: 6
** Event #286464   t=1538.906647969555   Elapsed: 1538.86s (25m 38s)  24% completed  (24% total)
     Speed:     ev/sec=234.091   simsec/sec=1.00005   ev/simsec=234.078
     Messages:  created: 35778   present: 87   in FES: 6
** Event #286976   t=1541.395633687753   Elapsed: 1541.34s (25m 41s)  24% completed  (24% total)
     Speed:     ev/sec=205.712   simsec/sec=1.00003   ev/simsec=205.706
     Messages:  created: 35849   present: 105   in FES: 6
** Event #287488   t=1543.744374886073   Elapsed: 1543.69s (25m 43s)  24% completed  (24% total)
     Speed:     ev/sec=217.96   simsec/sec=0.999865   ev/simsec=217.989
     Messages:  created: 35923   present: 125   in FES: 6
** Event #288000   t=1546.234888943468   Elapsed: 1546.18s (25m 46s)  24% completed  (24% total)
     Speed:     ev/sec=205.601   simsec/sec=1.0001   ev/simsec=205.58
     Messages:  created: 35988   present: 127   in FES: 6
** Event #288256   t=1548.300637318486   Elapsed: 1548.25s (25m 48s)  24% completed  (24% total)
     Speed:     ev/sec=123.927   simsec/sec=1.00001   ev/simsec=123.926
     Messages:  created: 36006   present: 98   in FES: 6
** Event #288768   t=1550.913285303632   Elapsed: 1550.87s (25m 50s)  24% completed  (24% total)
     Speed:     ev/sec=195.303   simsec/sec=0.9966   ev/simsec=195.97
     Messages:  created: 36056   present: 60   in FES: 5
** Event #289280   t=1553.282750395644   Elapsed: 1553.23s (25m 53s)  24% completed  (24% total)
     Speed:     ev/sec=216.885   simsec/sec=1.00371   ev/simsec=216.083
     Messages:  created: 36114   present: 43   in FES: 6
** Event #289792   t=1556.412596961974   Elapsed: 1556.36s (25m 56s)  24% completed  (24% total)
     Speed:     ev/sec=163.587   simsec/sec=1   ev/simsec=163.586
     Messages:  created: 36165   present: 10   in FES: 6
** Event #290560   t=1559.806403872454   Elapsed: 1559.76s (25m 59s)  24% completed  (24% total)
     Speed:     ev/sec=226.3   simsec/sec=1.00002   ev/simsec=226.295
     Messages:  created: 36278   present: 54   in FES: 6
** Event #291072   t=1562.744518066899   Elapsed: 1562.69s (26m 02s)  24% completed  (24% total)
     Speed:     ev/sec=174.256   simsec/sec=0.99997   ev/simsec=174.261
     Messages:  created: 36328   present: 17   in FES: 6
** Event #291584   t=1566.318290802278   Elapsed: 1566.27s (26m 06s)  24% completed  (24% total)
     Speed:     ev/sec=143.265   simsec/sec=0.999995   ev/simsec=143.266
     Messages:  created: 36389   present: 9   in FES: 6
** Event #292096   t=1569.483410840969   Elapsed: 1569.43s (26m 09s)  24% completed  (24% total)
     Speed:     ev/sec=161.768   simsec/sec=1.00003   ev/simsec=161.763
     Messages:  created: 36453   present: 10   in FES: 7
** Event #292352   t=1571.51341411957   Elapsed: 1571.46s (26m 11s)  24% completed  (24% total)
     Speed:     ev/sec=126.098   simsec/sec=0.999916   ev/simsec=126.108
     Messages:  created: 36484   present: 9   in FES: 6
** Event #292608   t=1574.239491713529   Elapsed: 1574.19s (26m 14s)  24% completed  (24% total)
     Speed:     ev/sec=93.9132   simsec/sec=1.00006   ev/simsec=93.9078
     Messages:  created: 36519   present: 16   in FES: 7
** Event #293120   t=1576.836168939919   Elapsed: 1576.79s (26m 16s)  25% completed  (25% total)
     Speed:     ev/sec=197.181   simsec/sec=1.00003   ev/simsec=197.175
     Messages:  created: 36586   present: 25   in FES: 7
** Event #293632   t=1578.838362119877   Elapsed: 1578.8s (26m 18s)  25% completed  (25% total)
     Speed:     ev/sec=254.037   simsec/sec=0.993421   ev/simsec=255.72
     Messages:  created: 36657   present: 43   in FES: 6
** Event #294144   t=1581.009582483834   Elapsed: 1580.96s (26m 20s)  25% completed  (25% total)
     Speed:     ev/sec=237.242   simsec/sec=1.00607   ev/simsec=235.812
     Messages:  created: 36727   present: 58   in FES: 7
** Event #294656   t=1583.612451059677   Elapsed: 1583.56s (26m 23s)  25% completed  (25% total)
     Speed:     ev/sec=196.713   simsec/sec=1.00003   ev/simsec=196.706
     Messages:  created: 36787   present: 48   in FES: 7
** Event #295168   t=1586.297698585375   Elapsed: 1586.28s (26m 26s)  25% completed  (25% total)
     Speed:     ev/sec=188.133   simsec/sec=0.986685   ev/simsec=190.671
     Messages:  created: 36840   present: 19   in FES: 6
** Event #295680   t=1589.019612920848   Elapsed: 1588.97s (26m 28s)  25% completed  (25% total)
     Speed:     ev/sec=190.64   simsec/sec=1.01349   ev/simsec=188.103
     Messages:  created: 36901   present: 10   in FES: 7
** Event #295936   t=1591.656585078124   Elapsed: 1591.62s (26m 31s)  25% completed  (25% total)
     Speed:     ev/sec=96.672   simsec/sec=0.995787   ev/simsec=97.081
     Messages:  created: 36933   present: 11   in FES: 6
** Event #296448   t=1595.156235076686   Elapsed: 1595.11s (26m 35s)  25% completed  (25% total)
     Speed:     ev/sec=146.767   simsec/sec=1.00319   ev/simsec=146.3
     Messages:  created: 36996   present: 9   in FES: 6
** Event #296960   t=1598.560624108383   Elapsed: 1598.51s (26m 38s)  25% completed  (25% total)
     Speed:     ev/sec=150.396   simsec/sec=1.00001   ev/simsec=150.394
     Messages:  created: 37062   present: 17   in FES: 7
** Event #297216   t=1600.927885632904   Elapsed: 1600.89s (26m 40s)  25% completed  (25% total)
     Speed:     ev/sec=107.666   simsec/sec=0.995604   ev/simsec=108.142
     Messages:  created: 37093   present: 14   in FES: 6
** Event #297728   t=1604.153606309909   Elapsed: 1604.1s (26m 44s)  25% completed  (25% total)
     Speed:     ev/sec=159.241   simsec/sec=1.00326   ev/simsec=158.724
     Messages:  created: 37156   present: 10   in FES: 7
** Event #298240   t=1608.322988011155   Elapsed: 1608.27s (26m 48s)  25% completed  (25% total)
     Speed:     ev/sec=122.796   simsec/sec=0.999964   ev/simsec=122.8
     Messages:  created: 37219   present: 9   in FES: 6
** Event #298496   t=1611.515542199814   Elapsed: 1611.46s (26m 51s)  25% completed  (25% total)
     Speed:     ev/sec=80.1884   simsec/sec=1.00002   ev/simsec=80.1866
     Messages:  created: 37253   present: 13   in FES: 7
** Event #299008   t=1614.852260348735   Elapsed: 1614.8s (26m 54s)  25% completed  (25% total)
     Speed:     ev/sec=153.439   simsec/sec=0.999967   ev/simsec=153.444
     Messages:  created: 37315   present: 9   in FES: 6
** Event #299520   t=1617.520072286291   Elapsed: 1617.47s (26m 57s)  25% completed  (25% total)
     Speed:     ev/sec=191.923   simsec/sec=1.00003   ev/simsec=191.918
     Messages:  created: 37385   present: 24   in FES: 7
** Event #300032   t=1620.047110998386   Elapsed: 1620s (26m 59s)  25% completed  (25% total)
     Speed:     ev/sec=202.623   simsec/sec=1.00007   ev/simsec=202.609
     Messages:  created: 37448   present: 22   in FES: 7
** Event #300544   t=1624.32194672465   Elapsed: 1624.27s (27m 04s)  25% completed  (25% total)
     Speed:     ev/sec=119.766   simsec/sec=0.999964   ev/simsec=119.771
     Messages:  created: 37510   present: 18   in FES: 7
** Event #300800   t=1626.725104369019   Elapsed: 1626.67s (27m 06s)  25% completed  (25% total)
     Speed:     ev/sec=106.526   simsec/sec=0.999994   ev/simsec=106.527
     Messages:  created: 37540   present: 11   in FES: 7
** Event #301056   t=1629.456861324337   Elapsed: 1629.41s (27m 09s)  25% completed  (25% total)
     Speed:     ev/sec=93.7173   simsec/sec=1.00005   ev/simsec=93.7126
     Messages:  created: 37571   present: 11   in FES: 7
** Event #301568   t=1632.692035   Elapsed: 1632.78s (27m 12s)  25% completed  (25% total)
     Speed:     ev/sec=151.561   simsec/sec=0.957668   ev/simsec=158.26
     Messages:  created: 37633   present: 7   in FES: 4
** Event #301824   t=1635.071009751217   Elapsed: 1635.02s (27m 15s)  25% completed  (25% total)
     Speed:     ev/sec=114.494   simsec/sec=1.06398   ev/simsec=107.609
     Messages:  created: 37666   present: 9   in FES: 6
** Event #302336   t=1637.486632765312   Elapsed: 1637.44s (27m 17s)  25% completed  (25% total)
     Speed:     ev/sec=211.959   simsec/sec=1.00002   ev/simsec=211.954
     Messages:  created: 37730   present: 10   in FES: 6
** Event #302848   t=1640.304282131489   Elapsed: 1640.25s (27m 20s)  26% completed  (26% total)
     Speed:     ev/sec=181.701   simsec/sec=0.999939   ev/simsec=181.712
     Messages:  created: 37795   present: 12   in FES: 7
** Event #303360   t=1643.163102272915   Elapsed: 1643.15s (27m 23s)  26% completed  (26% total)
     Speed:     ev/sec=176.486   simsec/sec=0.985435   ev/simsec=179.095
     Messages:  created: 37857   present: 7   in FES: 4
** Event #303616   t=1645.844023793285   Elapsed: 1645.87s (27m 25s)  26% completed  (26% total)
     Speed:     ev/sec=94.1121   simsec/sec=0.985575   ev/simsec=95.4896
     Messages:  created: 37889   present: 7   in FES: 4
** Event #303872   t=1648.469491086361   Elapsed: 1648.42s (27m 28s)  26% completed  (26% total)
     Speed:     ev/sec=100.626   simsec/sec=1.032   ev/simsec=97.5065
     Messages:  created: 37922   present: 10   in FES: 6
** Event #304384   t=1652.015378647385   Elapsed: 1652.11s (27m 32s)  26% completed  (26% total)
     Speed:     ev/sec=138.536   simsec/sec=0.95944   ev/simsec=144.393
     Messages:  created: 37985   present: 7   in FES: 4
** Event #304896   t=1656.410512748916   Elapsed: 1656.36s (27m 36s)  26% completed  (26% total)
     Speed:     ev/sec=120.604   simsec/sec=1.03529   ev/simsec=116.492
     Messages:  created: 38050   present: 10   in FES: 6
** Event #305408   t=1659.842254767874   Elapsed: 1659.79s (27m 39s)  26% completed  (26% total)
     Speed:     ev/sec=149.198   simsec/sec=1.00002   ev/simsec=149.195
     Messages:  created: 38112   present: 8   in FES: 5
** Event #305920   t=1661.847125989946   Elapsed: 1661.8s (27m 41s)  26% completed  (26% total)
     Speed:     ev/sec=255.153   simsec/sec=0.999119   ev/simsec=255.378
     Messages:  created: 38178   present: 13   in FES: 6
** Event #306432   t=1664.927981606633   Elapsed: 1664.88s (27m 44s)  26% completed  (26% total)
     Speed:     ev/sec=166.28   simsec/sec=1.00055   ev/simsec=166.188
     Messages:  created: 38241   present: 10   in FES: 7
** Event #307200   t=1667.016365963476   Elapsed: 1666.98s (27m 46s)  26% completed  (26% total)
     Speed:     ev/sec=365.806   simsec/sec=0.994719   ev/simsec=367.748
     Messages:  created: 38344   present: 29   in FES: 6
** Event #307712   t=1669.610669972533   Elapsed: 1669.56s (27m 49s)  26% completed  (26% total)
     Speed:     ev/sec=198.217   simsec/sec=1.00436   ev/simsec=197.355
     Messages:  created: 38400   present: 8   in FES: 5
** Event #307968   t=1671.638600660354   Elapsed: 1671.59s (27m 51s)  26% completed  (26% total)
     Speed:     ev/sec=126.235   simsec/sec=0.999982   ev/simsec=126.237
     Messages:  created: 38432   present: 8   in FES: 5
** Event #308224   t=1674.464227619333   Elapsed: 1674.41s (27m 54s)  26% completed  (26% total)
     Speed:     ev/sec=90.601   simsec/sec=1.00002   ev/simsec=90.5994
     Messages:  created: 38465   present: 9   in FES: 6
** Event #308736   t=1677.441983425687   Elapsed: 1677.39s (27m 57s)  26% completed  (26% total)
     Speed:     ev/sec=171.939   simsec/sec=0.999985   ev/simsec=171.942
     Messages:  created: 38528   present: 8   in FES: 5
** Event #309248   t=1679.826002160315   Elapsed: 1679.78s (27m 59s)  26% completed  (26% total)
     Speed:     ev/sec=214.762   simsec/sec=0.999994   ev/simsec=214.763
     Messages:  created: 38593   present: 9   in FES: 6
** Event #309760   t=1682.530782414394   Elapsed: 1682.48s (28m 02s)  26% completed  (26% total)
     Speed:     ev/sec=189.291   simsec/sec=0.999983   ev/simsec=189.294
     Messages:  created: 38657   present: 10   in FES: 6
** Event #310272   t=1684.983464851804   Elapsed: 1684.93s (28m 04s)  26% completed  (26% total)
     Speed:     ev/sec=208.752   simsec/sec=1   ev/simsec=208.751
     Messages:  created: 38721   present: 10   in FES: 7
** Event #310784   t=1688.084700453725   Elapsed: 1688.03s (28m 08s)  26% completed  (26% total)
     Speed:     ev/sec=165.098   simsec/sec=1.00002   ev/simsec=165.095
     Messages:  created: 38783   present: 8   in FES: 5
** Event #311296   t=1691.378255087434   Elapsed: 1691.33s (28m 11s)  26% completed  (26% total)
     Speed:     ev/sec=155.448   simsec/sec=0.999951   ev/simsec=155.455
     Messages:  created: 38847   present: 8   in FES: 5
** Event #311552   t=1694.007897371927   Elapsed: 1693.96s (28m 13s)  26% completed  (26% total)
     Speed:     ev/sec=97.3497   simsec/sec=0.99998   ev/simsec=97.3516
     Messages:  created: 38879   present: 9   in FES: 6
** Event #312064   t=1698.398659342308   Elapsed: 1698.35s (28m 18s)  26% completed  (26% total)
     Speed:     ev/sec=116.617   simsec/sec=1.00007   ev/simsec=116.608
     Messages:  created: 38943   present: 9   in FES: 6
** Event #312576   t=1701.528476053198   Elapsed: 1701.48s (28m 21s)  27% completed  (27% total)
     Speed:     ev/sec=163.579   simsec/sec=0.999949   ev/simsec=163.588
     Messages:  created: 39007   present: 10   in FES: 7
** Event #312832   t=1703.693814822581   Elapsed: 1703.64s (28m 23s)  27% completed  (27% total)
     Speed:     ev/sec=118.225   simsec/sec=0.99999   ev/simsec=118.226
     Messages:  created: 39039   present: 8   in FES: 5
** Event #313088   t=1706.620300261273   Elapsed: 1706.57s (28m 26s)  27% completed  (27% total)
     Speed:     ev/sec=87.4267   simsec/sec=0.999425   ev/simsec=87.4769
     Messages:  created: 39072   present: 12   in FES: 6
** Event #313856   t=1708.766563601634   Elapsed: 1708.72s (28m 28s)  27% completed  (27% total)
     Speed:     ev/sec=358.146   simsec/sec=1.00088   ev/simsec=357.831
     Messages:  created: 39167   present: 8   in FES: 5
** Event #314112   t=1711.063802694066   Elapsed: 1711.01s (28m 31s)  27% completed  (27% total)
     Speed:     ev/sec=111.428   simsec/sec=0.999912   ev/simsec=111.438
     Messages:  created: 39199   present: 8   in FES: 5
** Event #314368   t=1713.67353465002   Elapsed: 1713.62s (28m 33s)  27% completed  (27% total)
     Speed:     ev/sec=98.0967   simsec/sec=1.00002   ev/simsec=98.0944
     Messages:  created: 39231   present: 8   in FES: 5
** Event #314880   t=1717.693019673079   Elapsed: 1717.64s (28m 37s)  27% completed  (27% total)
     Speed:     ev/sec=127.296   simsec/sec=0.999348   ev/simsec=127.38
     Messages:  created: 39294   present: 10   in FES: 6
** Event #315136   t=1720.243686027605   Elapsed: 1720.19s (28m 40s)  27% completed  (27% total)
     Speed:     ev/sec=100.465   simsec/sec=1.00099   ev/simsec=100.366
     Messages:  created: 39325   present: 8   in FES: 5
** Event #315648   t=1723.390083669851   Elapsed: 1723.34s (28m 43s)  27% completed  (27% total)
     Speed:     ev/sec=162.737   simsec/sec=1.00007   ev/simsec=162.726
     Messages:  created: 39389   present: 8   in FES: 5
** Event #316160   t=1726.197075175505   Elapsed: 1726.15s (28m 46s)  27% completed  (27% total)
     Speed:     ev/sec=182.394   simsec/sec=0.999958   ev/simsec=182.402
     Messages:  created: 39453   present: 8   in FES: 5
** Event #316416   t=1731.132788732194   Elapsed: 1731.08s (28m 51s)  27% completed  (27% total)
     Speed:     ev/sec=51.8687   simsec/sec=1.00003   ev/simsec=51.8669
     Messages:  created: 39486   present: 9   in FES: 6
** Event #316672   t=1733.185186030483   Elapsed: 1733.13s (28m 53s)  27% completed  (27% total)
     Speed:     ev/sec=124.729   simsec/sec=0.999974   ev/simsec=124.732
     Messages:  created: 39519   present: 12   in FES: 7
** Event #317184   t=1736.387262768745   Elapsed: 1736.34s (28m 56s)  27% completed  (27% total)
     Speed:     ev/sec=159.897   simsec/sec=1   ev/simsec=159.896
     Messages:  created: 39582   present: 9   in FES: 6
** Event #317696   t=1739.230018916119   Elapsed: 1739.18s (28m 59s)  27% completed  (27% total)
     Speed:     ev/sec=180.095   simsec/sec=0.999934   ev/simsec=180.107
     Messages:  created: 39645   present: 8   in FES: 5
** Event #318208   t=1741.987585281696   Elapsed: 1741.94s (29m 01s)  27% completed  (27% total)
     Speed:     ev/sec=185.677   simsec/sec=1.00003   ev/simsec=185.671
     Messages:  created: 39709   present: 8   in FES: 5
** Event #318464   t=1744.08637162468   Elapsed: 1744.04s (29m 04s)  27% completed  (27% total)
     Speed:     ev/sec=121.986   simsec/sec=1.00009   ev/simsec=121.975
     Messages:  created: 39744   present: 15   in FES: 7
** Event #318976   t=1746.673203003351   Elapsed: 1746.62s (29m 06s)  27% completed  (27% total)
     Speed:     ev/sec=197.892   simsec/sec=0.99983   ev/simsec=197.926
     Messages:  created: 39805   present: 8   in FES: 5
** Event #319488   t=1748.725431757183   Elapsed: 1748.68s (29m 08s)  27% completed  (27% total)
     Speed:     ev/sec=249.38   simsec/sec=0.999579   ev/simsec=249.485
     Messages:  created: 39871   present: 17   in FES: 6
** Event #320000   t=1751.614398526462   Elapsed: 1751.56s (29m 11s)  27% completed  (27% total)
     Speed:     ev/sec=177.285   simsec/sec=1.00033   ev/simsec=177.226
     Messages:  created: 39932   present: 8   in FES: 5
** Event #320256   t=1754.485545400951   Elapsed: 1754.44s (29m 14s)  27% completed  (27% total)
     Speed:     ev/sec=89.0717   simsec/sec=0.998977   ev/simsec=89.163
     Messages:  created: 39964   present: 9   in FES: 6
** Event #320512   t=1757.143061240417   Elapsed: 1757.12s (29m 17s)  27% completed  (27% total)
     Speed:     ev/sec=95.5455   simsec/sec=0.99185   ev/simsec=96.3306
     Messages:  created: 39996   present: 9   in FES: 5
** Event #321024   t=1760.964756164607   Elapsed: 1760.95s (29m 20s)  27% completed  (27% total)
     Speed:     ev/sec=133.527   simsec/sec=0.996679   ev/simsec=133.972
     Messages:  created: 40060   present: 9   in FES: 6
** Event #321536   t=1763.752188930161   Elapsed: 1763.7s (29m 23s)  27% completed  (27% total)
     Speed:     ev/sec=186.184   simsec/sec=1.01362   ev/simsec=183.682
     Messages:  created: 40124   present: 8   in FES: 5
** Event #322048   t=1767.383532218185   Elapsed: 1767.33s (29m 27s)  28% completed  (28% total)
     Speed:     ev/sec=141.007   simsec/sec=1.00009   ev/simsec=140.995
     Messages:  created: 40188   present: 8   in FES: 5
** Event #322560   t=1770.799595493953   Elapsed: 1770.79s (29m 30s)  28% completed  (28% total)
     Speed:     ev/sec=148.3   simsec/sec=0.989457   ev/simsec=149.88
     Messages:  created: 40252   present: 9   in FES: 6
** Event #322816   t=1773.625562734721   Elapsed: 1773.57s (29m 33s)  28% completed  (28% total)
     Speed:     ev/sec=91.764   simsec/sec=1.01298   ev/simsec=90.5885
     Messages:  created: 40284   present: 8   in FES: 5
** Event #323328   t=1777.562916997223   Elapsed: 1777.52s (29m 37s)  28% completed  (28% total)
     Speed:     ev/sec=129.778   simsec/sec=0.998011   ev/simsec=130.037
     Messages:  created: 40346   present: 7   in FES: 4
** Event #323584   t=1779.695549244502   Elapsed: 1779.65s (29m 39s)  28% completed  (28% total)
     Speed:     ev/sec=120.48   simsec/sec=1.00367   ev/simsec=120.039
     Messages:  created: 40379   present: 9   in FES: 6
** Event #324096   t=1782.232876577035   Elapsed: 1782.18s (29m 42s)  28% completed  (28% total)
     Speed:     ev/sec=201.793   simsec/sec=1.00003   ev/simsec=201.787
     Messages:  created: 40445   present: 14   in FES: 6
** Event #324864   t=1786.462317929425   Elapsed: 1786.41s (29m 46s)  28% completed  (28% total)
     Speed:     ev/sec=181.585   simsec/sec=1   ev/simsec=181.584
     Messages:  created: 40539   present: 10   in FES: 7
** Event #325376   t=1789.896573669326   Elapsed: 1789.87s (29m 49s)  28% completed  (28% total)
     Speed:     ev/sec=147.941   simsec/sec=0.992322   ev/simsec=149.086
     Messages:  created: 40604   present: 7   in FES: 5
** Event #325632   t=1792.007081741507   Elapsed: 1791.96s (29m 51s)  28% completed  (28% total)
     Speed:     ev/sec=122.839   simsec/sec=1.01271   ev/simsec=121.298
     Messages:  created: 40639   present: 14   in FES: 6
** Event #326144   t=1794.970851607676   Elapsed: 1794.92s (29m 54s)  28% completed  (28% total)
     Speed:     ev/sec=172.755   simsec/sec=1.00001   ev/simsec=172.753
     Messages:  created: 40705   present: 19   in FES: 6
** Event #326656   t=1800.26561002112   Elapsed: 1800.22s (30m 00s)  28% completed  (28% total)
     Speed:     ev/sec=96.6986   simsec/sec=0.999992   ev/simsec=96.6994
     Messages:  created: 40764   present: 7   in FES: 5
** Event #326912   t=1803.402123367944   Elapsed: 1803.35s (30m 03s)  28% completed  (28% total)
     Speed:     ev/sec=81.6209   simsec/sec=1.00002   ev/simsec=81.6193
     Messages:  created: 40796   present: 7   in FES: 5
** Event #327424   t=1808.196046644693   Elapsed: 1808.15s (30m 08s)  28% completed  (28% total)
     Speed:     ev/sec=106.801   simsec/sec=0.999987   ev/simsec=106.802
     Messages:  created: 40859   present: 9   in FES: 6
** Event #327936   t=1811.154689501449   Elapsed: 1811.1s (30m 11s)  28% completed  (28% total)
     Speed:     ev/sec=173.062   simsec/sec=1.00005   ev/simsec=173.052
     Messages:  created: 40930   present: 26   in FES: 6
** Event #328448   t=1813.72843666756   Elapsed: 1813.68s (30m 13s)  28% completed  (28% total)
     Speed:     ev/sec=198.928   simsec/sec=0.999981   ev/simsec=198.932
     Messages:  created: 40987   present: 8   in FES: 6
** Event #328704   t=1815.769328989248   Elapsed: 1815.76s (30m 15s)  28% completed  (28% total)
     Speed:     ev/sec=123.176   simsec/sec=0.981991   ev/simsec=125.435
     Messages:  created: 41020   present: 11   in FES: 5
** Event #329472   t=1819.085928266563   Elapsed: 1819.06s (30m 19s)  28% completed  (28% total)
     Speed:     ev/sec=232.564   simsec/sec=1.00432   ev/simsec=231.562
     Messages:  created: 41128   present: 43   in FES: 5
** Event #330240   t=1822.552245617909   Elapsed: 1822.5s (30m 22s)  28% completed  (28% total)
     Speed:     ev/sec=223.059   simsec/sec=1.00676   ev/simsec=221.561
     Messages:  created: 41234   present: 69   in FES: 6
** Event #330752   t=1824.982822802541   Elapsed: 1824.93s (30m 24s)  28% completed  (28% total)
     Speed:     ev/sec=210.643   simsec/sec=0.999969   ev/simsec=210.65
     Messages:  created: 41291   present: 50   in FES: 6
** Event #331264   t=1830.921943465285   Elapsed: 1830.87s (30m 30s)  29% completed  (29% total)
     Speed:     ev/sec=86.2074   simsec/sec=0.999993   ev/simsec=86.208
     Messages:  created: 41339   present: 7   in FES: 5
** Event #331520   t=1834.195474065744   Elapsed: 1834.15s (30m 34s)  29% completed  (29% total)
     Speed:     ev/sec=78.0275   simsec/sec=0.997756   ev/simsec=78.203
     Messages:  created: 41372   present: 11   in FES: 5
** Event #331776   t=1836.420545505765   Elapsed: 1836.37s (30m 36s)  29% completed  (29% total)
     Speed:     ev/sec=115.441   simsec/sec=1.00338   ev/simsec=115.052
     Messages:  created: 41403   present: 7   in FES: 5
** Event #332032   t=1838.454894977978   Elapsed: 1838.4s (30m 38s)  29% completed  (29% total)
     Speed:     ev/sec=125.839   simsec/sec=1.00001   ev/simsec=125.839
     Messages:  created: 41434   present: 8   in FES: 6
** Event #332288   t=1840.468653140513   Elapsed: 1840.46s (30m 40s)  29% completed  (29% total)
     Speed:     ev/sec=124.386   simsec/sec=0.978449   ev/simsec=127.125
     Messages:  created: 41465   present: 6   in FES: 4
** Event #332800   t=1843.42062835907   Elapsed: 1843.37s (30m 43s)  29% completed  (29% total)
     Speed:     ev/sec=176.084   simsec/sec=1.01523   ev/simsec=173.443
     Messages:  created: 41531   present: 12   in FES: 6
** Event #333312   t=1846.531051923332   Elapsed: 1846.56s (30m 46s)  29% completed  (29% total)
     Speed:     ev/sec=160.656   simsec/sec=0.97599   ev/simsec=164.608
     Messages:  created: 41596   present: 14   in FES: 5
** Event #333824   t=1849.553070532183   Elapsed: 1849.51s (30m 49s)  29% completed  (29% total)
     Speed:     ev/sec=173.217   simsec/sec=1.02239   ev/simsec=169.423
     Messages:  created: 41663   present: 22   in FES: 5
** Event #334336   t=1852.455026842181   Elapsed: 1852.4s (30m 52s)  29% completed  (29% total)
     Speed:     ev/sec=177.052   simsec/sec=1.00351   ev/simsec=176.433
     Messages:  created: 41722   present: 8   in FES: 6
** Event #334848   t=1855.320263626455   Elapsed: 1855.27s (30m 55s)  29% completed  (29% total)
     Speed:     ev/sec=178.713   simsec/sec=1.00011   ev/simsec=178.694
     Messages:  created: 41789   present: 17   in FES: 6
** Event #335616   t=1857.83410917681   Elapsed: 1857.78s (30m 57s)  29% completed  (29% total)
     Speed:     ev/sec=305.504   simsec/sec=0.999987   ev/simsec=305.508
     Messages:  created: 41912   present: 88   in FES: 6
** Event #336128   t=1860.061304933062   Elapsed: 1860.01s (31m 00s)  29% completed  (29% total)
     Speed:     ev/sec=229.888   simsec/sec=1.00001   ev/simsec=229.885
     Messages:  created: 41992   present: 125   in FES: 6
** Event #336640   t=1862.648415501513   Elapsed: 1862.6s (31m 02s)  29% completed  (29% total)
     Speed:     ev/sec=197.899   simsec/sec=0.999973   ev/simsec=197.904
     Messages:  created: 42050   present: 113   in FES: 6
** Event #337152   t=1865.37770215875   Elapsed: 1865.33s (31m 05s)  29% completed  (29% total)
     Speed:     ev/sec=187.59   simsec/sec=0.999975   ev/simsec=187.595
     Messages:  created: 42108   present: 100   in FES: 6
** Event #337664   t=1867.901302218212   Elapsed: 1867.85s (31m 07s)  29% completed  (29% total)
     Speed:     ev/sec=202.89   simsec/sec=1.00002   ev/simsec=202.885
     Messages:  created: 42174   present: 105   in FES: 7
** Event #338176   t=1870.861069045754   Elapsed: 1870.81s (31m 10s)  29% completed  (29% total)
     Speed:     ev/sec=172.989   simsec/sec=1.00001   ev/simsec=172.987
     Messages:  created: 42225   present: 71   in FES: 7
** Event #338688   t=1873.781895047144   Elapsed: 1873.73s (31m 13s)  29% completed  (29% total)
     Speed:     ev/sec=175.295   simsec/sec=1.00001   ev/simsec=175.293
     Messages:  created: 42268   present: 16   in FES: 7
** Event #339200   t=1876.648865019171   Elapsed: 1876.6s (31m 16s)  29% completed  (29% total)
     Speed:     ev/sec=178.582   simsec/sec=0.999979   ev/simsec=178.586
     Messages:  created: 42330   present: 9   in FES: 6
** Event #339456   t=1878.904777008358   Elapsed: 1878.85s (31m 18s)  29% completed  (29% total)
     Speed:     ev/sec=113.473   simsec/sec=0.999938   ev/simsec=113.48
     Messages:  created: 42363   present: 12   in FES: 7
** Event #339968   t=1881.433282071341   Elapsed: 1881.38s (31m 21s)  29% completed  (29% total)
     Speed:     ev/sec=202.495   simsec/sec=1.00002   ev/simsec=202.491
     Messages:  created: 42426   present: 11   in FES: 7
** Event #340480   t=1883.660925759527   Elapsed: 1883.69s (31m 23s)  29% completed  (29% total)
     Speed:     ev/sec=221.724   simsec/sec=0.964693   ev/simsec=229.839
     Messages:  created: 42503   present: 45   in FES: 6
** Event #340992   t=1886.727294913759   Elapsed: 1886.7s (31m 26s)  29% completed  (29% total)
     Speed:     ev/sec=170.432   simsec/sec=1.02072   ev/simsec=166.973
     Messages:  created: 42555   present: 13   in FES: 6
** Event #341504   t=1889.624002460211   Elapsed: 1889.57s (31m 29s)  29% completed  (29% total)
     Speed:     ev/sec=177.938   simsec/sec=1.00671   ev/simsec=176.752
     Messages:  created: 42625   present: 28   in FES: 7
** Event #342016   t=1892.926845954317   Elapsed: 1892.88s (31m 32s)  30% completed  (30% total)
     Speed:     ev/sec=155.017   simsec/sec=0.999997   ev/simsec=155.018
     Messages:  created: 42683   present: 12   in FES: 7
** Event #342272   t=1894.906921502108   Elapsed: 1894.91s (31m 34s)  30% completed  (30% total)
     Speed:     ev/sec=126.158   simsec/sec=0.975791   ev/simsec=129.288
     Messages:  created: 42715   present: 13   in FES: 6
** Event #342784   t=1897.459762751974   Elapsed: 1897.41s (31m 37s)  30% completed  (30% total)
     Speed:     ev/sec=204.498   simsec/sec=1.01963   ev/simsec=200.561
     Messages:  created: 42786   present: 34   in FES: 7
** Event #343296   t=1900.021105482543   Elapsed: 1899.98s (31m 39s)  30% completed  (30% total)
     Speed:     ev/sec=198.773   simsec/sec=0.994385   ev/simsec=199.895
     Messages:  created: 42852   present: 40   in FES: 6
** Event #343808   t=1903.035912273758   Elapsed: 1902.99s (31m 42s)  30% completed  (30% total)
     Speed:     ev/sec=170.651   simsec/sec=1.00484   ev/simsec=169.828
     Messages:  created: 42906   present: 14   in FES: 7
** Event #344064   t=1906.11228701247   Elapsed: 1906.08s (31m 46s)  30% completed  (30% total)
     Speed:     ev/sec=82.6246   simsec/sec=0.992907   ev/simsec=83.2148
     Messages:  created: 42936   present: 8   in FES: 5
** Event #344576   t=1908.521476785528   Elapsed: 1908.47s (31m 48s)  30% completed  (30% total)
     Speed:     ev/sec=214.48   simsec/sec=1.00922   ev/simsec=212.52
     Messages:  created: 43013   present: 43   in FES: 7
** Event #345088   t=1910.766833023407   Elapsed: 1910.72s (31m 50s)  30% completed  (30% total)
     Speed:     ev/sec=227.784   simsec/sec=0.998936   ev/simsec=228.026
     Messages:  created: 43076   present: 40   in FES: 6
** Event #345600   t=1913.361372836554   Elapsed: 1913.31s (31m 53s)  30% completed  (30% total)
     Speed:     ev/sec=197.52   simsec/sec=1.00092   ev/simsec=197.337
     Messages:  created: 43130   present: 13   in FES: 8
** Event #345856   t=1915.583156128755   Elapsed: 1915.53s (31m 55s)  30% completed  (30% total)
     Speed:     ev/sec=115.225   simsec/sec=1.00002   ev/simsec=115.223
     Messages:  created: 43162   present: 15   in FES: 8
** Event #346368   t=1919.080741562997   Elapsed: 1919.03s (31m 59s)  30% completed  (30% total)
     Speed:     ev/sec=146.384   simsec/sec=0.999984   ev/simsec=146.387
     Messages:  created: 43226   present: 15   in FES: 8
** Event #346880   t=1922.456555145116   Elapsed: 1922.41s (32m 02s)  30% completed  (30% total)
     Speed:     ev/sec=151.662   simsec/sec=0.999963   ev/simsec=151.667
     Messages:  created: 43289   present: 13   in FES: 8
** Event #347136   t=1924.460105030423   Elapsed: 1924.44s (32m 04s)  30% completed  (30% total)
     Speed:     ev/sec=125.904   simsec/sec=0.985372   ev/simsec=127.773
     Messages:  created: 43323   present: 18   in FES: 7
** Event #347392   t=1926.550070837503   Elapsed: 1926.5s (32m 06s)  30% completed  (30% total)
     Speed:     ev/sec=124.265   simsec/sec=1.01449   ev/simsec=122.49
     Messages:  created: 43353   present: 12   in FES: 8
** Event #347904   t=1928.706964754391   Elapsed: 1928.66s (32m 08s)  30% completed  (30% total)
     Speed:     ev/sec=236.508   simsec/sec=0.996335   ev/simsec=237.378
     Messages:  created: 43417   present: 12   in FES: 7
** Event #348416   t=1931.200373854346   Elapsed: 1931.15s (32m 11s)  30% completed  (30% total)
     Speed:     ev/sec=205.99   simsec/sec=1.00316   ev/simsec=205.341
     Messages:  created: 43483   present: 16   in FES: 8
** Event #348928   t=1934.113803391484   Elapsed: 1934.06s (32m 14s)  30% completed  (30% total)
     Speed:     ev/sec=175.743   simsec/sec=1.00003   ev/simsec=175.738
     Messages:  created: 43546   present: 14   in FES: 8
** Event #349440   t=1937.76675025295   Elapsed: 1937.72s (32m 17s)  30% completed  (30% total)
     Speed:     ev/sec=140.148   simsec/sec=0.999909   ev/simsec=140.161
     Messages:  created: 43609   present: 12   in FES: 7
** Event #349696   t=1940.030350305961   Elapsed: 1939.98s (32m 19s)  30% completed  (30% total)
     Speed:     ev/sec=113.102   simsec/sec=1.00007   ev/simsec=113.094
     Messages:  created: 43640   present: 10   in FES: 6
** Event #350208   t=1942.713942206642   Elapsed: 1942.67s (32m 22s)  30% completed  (30% total)
     Speed:     ev/sec=190.647   simsec/sec=0.999257   ev/simsec=190.789
     Messages:  created: 43703   present: 10   in FES: 6
** Event #350720   t=1945.986229982712   Elapsed: 1945.97s (32m 25s)  30% completed  (30% total)
     Speed:     ev/sec=154.869   simsec/sec=0.989794   ev/simsec=156.465
     Messages:  created: 43767   present: 10   in FES: 6
** Event #351232   t=1948.567983982305   Elapsed: 1948.52s (32m 28s)  30% completed  (30% total)
     Speed:     ev/sec=201.11   simsec/sec=1.0141   ev/simsec=198.315
     Messages:  created: 43832   present: 12   in FES: 7
** Event #351488   t=1951.312629363552   Elapsed: 1951.27s (32m 31s)  30% completed  (30% total)
     Speed:     ev/sec=92.9781   simsec/sec=0.996844   ev/simsec=93.2725
     Messages:  created: 43863   present: 10   in FES: 6
** Event #352000   t=1953.793535481538   Elapsed: 1953.76s (32m 33s)  31% completed  (31% total)
     Speed:     ev/sec=205.536   simsec/sec=0.995929   ev/simsec=206.376
     Messages:  created: 43927   present: 10   in FES: 6
** Event #352256   t=1955.861457953765   Elapsed: 1955.83s (32m 35s)  31% completed  (31% total)
     Speed:     ev/sec=123.787   simsec/sec=0.99993   ev/simsec=123.796
     Messages:  created: 43959   present: 10   in FES: 6
** Event #352768   t=1960.722969657099   Elapsed: 1960.67s (32m 40s)  31% completed  (31% total)
     Speed:     ev/sec=105.73   simsec/sec=1.00392   ev/simsec=105.317
     Messages:  created: 44025   present: 14   in FES: 8
** Event #353280   t=1963.509384616665   Elapsed: 1963.47s (32m 43s)  31% completed  (31% total)
     Speed:     ev/sec=182.834   simsec/sec=0.99502   ev/simsec=183.749
     Messages:  created: 44087   present: 10   in FES: 6
** Event #353536   t=1965.636068745853   Elapsed: 1965.62s (32m 45s)  31% completed  (31% total)
     Speed:     ev/sec=119.327   simsec/sec=0.991296   ev/simsec=120.375
     Messages:  created: 44119   present: 10   in FES: 6
** Event #354048   t=1967.930954288417   Elapsed: 1967.89s (32m 47s)  31% completed  (31% total)
     Speed:     ev/sec=225.759   simsec/sec=1.0119   ev/simsec=223.105
     Messages:  created: 44183   present: 10   in FES: 6
** Event #354560   t=1970.204745692044   Elapsed: 1970.15s (32m 50s)  31% completed  (31% total)
     Speed:     ev/sec=225.724   simsec/sec=1.00244   ev/simsec=225.175
     Messages:  created: 44249   present: 16   in FES: 7
** Event #355328   t=1973.018661890946   Elapsed: 1972.97s (32m 52s)  31% completed  (31% total)
     Speed:     ev/sec=272.934   simsec/sec=1.00002   ev/simsec=272.929
     Messages:  created: 44342   present: 9   in FES: 5
** Event #356352   t=1975.571319256021   Elapsed: 1975.53s (32m 55s)  31% completed  (31% total)
     Speed:     ev/sec=399.75   simsec/sec=0.996509   ev/simsec=401.151
     Messages:  created: 44471   present: 13   in FES: 7
** Event #357120   t=1979.100927353415   Elapsed: 1979.05s (32m 59s)  31% completed  (31% total)
     Speed:     ev/sec=218.139   simsec/sec=1.00253   ev/simsec=217.588
     Messages:  created: 44566   present: 10   in FES: 6
** Event #357888   t=1982.263104629696   Elapsed: 1982.21s (33m 02s)  31% completed  (31% total)
     Speed:     ev/sec=242.872   simsec/sec=1.00001   ev/simsec=242.871
     Messages:  created: 44662   present: 10   in FES: 6
** Event #358400   t=1985.489958276314   Elapsed: 1985.44s (33m 05s)  31% completed  (31% total)
     Speed:     ev/sec=158.671   simsec/sec=1.00001   ev/simsec=158.668
     Messages:  created: 44725   present: 9   in FES: 5
** Event #358656   t=1988.11033657937   Elapsed: 1988.06s (33m 08s)  31% completed  (31% total)
     Speed:     ev/sec=97.6951   simsec/sec=0.999992   ev/simsec=97.6958
     Messages:  created: 44757   present: 9   in FES: 5
** Event #359168   t=1990.869060633768   Elapsed: 1990.82s (33m 10s)  31% completed  (31% total)
     Speed:     ev/sec=185.595   simsec/sec=1.00001   ev/simsec=185.593
     Messages:  created: 44821   present: 9   in FES: 5
** Event #359680   t=1993.919391243486   Elapsed: 1993.87s (33m 13s)  31% completed  (31% total)
     Speed:     ev/sec=167.844   simsec/sec=0.99996   ev/simsec=167.851
     Messages:  created: 44885   present: 9   in FES: 5
** Event #360192   t=1997.251840072491   Elapsed: 1997.2s (33m 17s)  31% completed  (31% total)
     Speed:     ev/sec=153.642   simsec/sec=1.00001   ev/simsec=153.641
     Messages:  created: 44950   present: 10   in FES: 6
** Event #360704   t=1999.629724672206   Elapsed: 1999.58s (33m 19s)  31% completed  (31% total)
     Speed:     ev/sec=215.322   simsec/sec=1.00002   ev/simsec=215.317
     Messages:  created: 45014   present: 10   in FES: 6
** Event #361216   t=2001.748527912012   Elapsed: 2001.7s (33m 21s)  31% completed  (31% total)
     Speed:     ev/sec=241.662   simsec/sec=1.00007   ev/simsec=241.646
     Messages:  created: 45080   present: 16   in FES: 8
** Event #361984   t=2004.383492221941   Elapsed: 2004.33s (33m 24s)  31% completed  (31% total)
     Speed:     ev/sec=291.45   simsec/sec=0.99995   ev/simsec=291.465
     Messages:  created: 45172   present: 9   in FES: 5
** Event #362496   t=2006.976992923866   Elapsed: 2006.93s (33m 26s)  31% completed  (31% total)
     Speed:     ev/sec=197.422   simsec/sec=1.00003   ev/simsec=197.417
     Messages:  created: 45236   present: 9   in FES: 5
** Event #363264   t=2009.466981363176   Elapsed: 2009.42s (33m 29s)  31% completed  (31% total)
     Speed:     ev/sec=308.422   simsec/sec=0.999959   ev/simsec=308.435
     Messages:  created: 45338   present: 25   in FES: 8
** Event #364544   t=2012.177806881551   Elapsed: 2012.13s (33m 32s)  31% completed  (31% total)
     Speed:     ev/sec=472.193   simsec/sec=1.00003   ev/simsec=472.181
     Messages:  created: 45492   present: 10   in FES: 6
** Event #365056   t=2014.799081247912   Elapsed: 2014.75s (33m 34s)  31% completed  (31% total)
     Speed:     ev/sec=195.323   simsec/sec=0.99999   ev/simsec=195.325
     Messages:  created: 45556   present: 10   in FES: 6
** Event #365568   t=2017.25354258713   Elapsed: 2017.2s (33m 37s)  32% completed  (32% total)
     Speed:     ev/sec=208.6   simsec/sec=1   ev/simsec=208.6
     Messages:  created: 45620   present: 10   in FES: 6
** Event #366080   t=2021.504308898169   Elapsed: 2021.45s (33m 41s)  32% completed  (32% total)
     Speed:     ev/sec=120.451   simsec/sec=1.00002   ev/simsec=120.449
     Messages:  created: 45684   present: 10   in FES: 6
** Event #366336   t=2023.714818317984   Elapsed: 2023.66s (33m 43s)  32% completed  (32% total)
     Speed:     ev/sec=115.809   simsec/sec=0.999988   ev/simsec=115.81
     Messages:  created: 45716   present: 10   in FES: 6
** Event #366848   t=2027.274161352147   Elapsed: 2027.22s (33m 47s)  32% completed  (32% total)
     Speed:     ev/sec=143.846   simsec/sec=0.999995   ev/simsec=143.847
     Messages:  created: 45780   present: 10   in FES: 6
** Event #367360   t=2030.323096999307   Elapsed: 2030.27s (33m 50s)  32% completed  (32% total)
     Speed:     ev/sec=167.924   simsec/sec=0.999981   ev/simsec=167.927
     Messages:  created: 45844   present: 10   in FES: 6
** Event #367872   t=2033.185462997523   Elapsed: 2033.13s (33m 53s)  32% completed  (32% total)
     Speed:     ev/sec=178.859   simsec/sec=0.999921   ev/simsec=178.873
     Messages:  created: 45907   present: 10   in FES: 6
** Event #368384   t=2036.289196683316   Elapsed: 2036.32s (33m 56s)  32% completed  (32% total)
     Speed:     ev/sec=160.935   simsec/sec=0.975582   ev/simsec=164.963
     Messages:  created: 45970   present: 8   in FES: 4
** Event #368896   t=2040.269578354889   Elapsed: 2040.22s (34m 00s)  32% completed  (32% total)
     Speed:     ev/sec=131.201   simsec/sec=1.01998   ev/simsec=128.631
     Messages:  created: 46036   present: 13   in FES: 8
** Event #369408   t=2042.498542727458   Elapsed: 2042.45s (34m 02s)  32% completed  (32% total)
     Speed:     ev/sec=229.699   simsec/sec=0.999981   ev/simsec=229.703
     Messages:  created: 46099   present: 11   in FES: 7
** Event #369920   t=2044.833182290317   Elapsed: 2044.79s (34m 04s)  32% completed  (32% total)
     Speed:     ev/sec=218.199   simsec/sec=0.994951   ev/simsec=219.306
     Messages:  created: 46162   present: 9   in FES: 5
** Event #370432   t=2047.508826166419   Elapsed: 2047.46s (34m 07s)  32% completed  (32% total)
     Speed:     ev/sec=191.989   simsec/sec=1.00331   ev/simsec=191.356
     Messages:  created: 46226   present: 9   in FES: 5
** Event #370944   t=2049.755412319889   Elapsed: 2049.71s (34m 09s)  32% completed  (32% total)
     Speed:     ev/sec=228.13   simsec/sec=1.001   ev/simsec=227.901
     Messages:  created: 46290   present: 9   in FES: 5
** Event #371456   t=2052.056601390832   Elapsed: 2052.01s (34m 12s)  32% completed  (32% total)
     Speed:     ev/sec=222.575   simsec/sec=1.00037   ev/simsec=222.494
     Messages:  created: 46355   present: 11   in FES: 7
** Event #371968   t=2055.270704316168   Elapsed: 2055.22s (34m 15s)  32% completed  (32% total)
     Speed:     ev/sec=159.28   simsec/sec=0.999887   ev/simsec=159.298
     Messages:  created: 46418   present: 9   in FES: 5
** Event #372224   t=2058.414109976691   Elapsed: 2058.4s (34m 18s)  32% completed  (32% total)
     Speed:     ev/sec=80.415   simsec/sec=0.98741   ev/simsec=81.4403
     Messages:  created: 46450   present: 9   in FES: 5
** Event #372736   t=2062.051985425291   Elapsed: 2062s (34m 22s)  32% completed  (32% total)
     Speed:     ev/sec=142.285   simsec/sec=1.01096   ev/simsec=140.741
     Messages:  created: 46514   present: 9   in FES: 5
** Event #373248   t=2064.831600947494   Elapsed: 2064.8s (34m 24s)  32% completed  (32% total)
     Speed:     ev/sec=183.077   simsec/sec=0.993914   ev/simsec=184.198
     Messages:  created: 46577   present: 10   in FES: 6
** Event #373760   t=2068.404688351435   Elapsed: 2068.36s (34m 28s)  32% completed  (32% total)
     Speed:     ev/sec=143.78   simsec/sec=1.00339   ev/simsec=143.293
     Messages:  created: 46641   present: 10   in FES: 6
** Event #374016   t=2070.440678792717   Elapsed: 2070.39s (34m 30s)  32% completed  (32% total)
     Speed:     ev/sec=125.981   simsec/sec=1.00194   ev/simsec=125.737
     Messages:  created: 46673   present: 10   in FES: 6
** Event #374784   t=2072.738578173908   Elapsed: 2072.69s (34m 32s)  32% completed  (32% total)
     Speed:     ev/sec=334.51   simsec/sec=1.00087   ev/simsec=334.218
     Messages:  created: 46771   present: 14   in FES: 8
** Event #375296   t=2076.065937658844   Elapsed: 2076.02s (34m 36s)  32% completed  (32% total)
     Speed:     ev/sec=153.871   simsec/sec=0.999969   ev/simsec=153.876
     Messages:  created: 46833   present: 9   in FES: 5
** Event #375808   t=2079.598850609429   Elapsed: 2079.55s (34m 39s)  33% completed  (33% total)
     Speed:     ev/sec=144.695   simsec/sec=0.998424   ev/simsec=144.923
     Messages:  created: 46897   present: 10   in FES: 6
** Event #376320   t=2081.923722969169   Elapsed: 2081.88s (34m 41s)  33% completed  (33% total)
     Speed:     ev/sec=220.136   simsec/sec=0.999584   ev/simsec=220.227
     Messages:  created: 46961   present: 10   in FES: 5
** Event #377088   t=2084.562418909958   Elapsed: 2084.51s (34m 44s)  33% completed  (33% total)
     Speed:     ev/sec=291.776   simsec/sec=1.00248   ev/simsec=291.053
     Messages:  created: 47059   present: 14   in FES: 8
** Event #377600   t=2086.808795810372   Elapsed: 2086.78s (34m 46s)  33% completed  (33% total)
     Speed:     ev/sec=225.706   simsec/sec=0.990276   ev/simsec=227.923
     Messages:  created: 47121   present: 10   in FES: 6
** Event #378112   t=2089.443871791005   Elapsed: 2089.39s (34m 49s)  33% completed  (33% total)
     Speed:     ev/sec=195.933   simsec/sec=1.00839   ev/simsec=194.302
     Messages:  created: 47185   present: 9   in FES: 5
** Event #378624   t=2092.281471360087   Elapsed: 2092.25s (34m 52s)  33% completed  (33% total)
     Speed:     ev/sec=179.501   simsec/sec=0.994826   ev/simsec=180.434
     Messages:  created: 47248   present: 11   in FES: 6
** Event #378880   t=2094.933458467383   Elapsed: 2094.88s (34m 54s)  33% completed  (33% total)
     Speed:     ev/sec=97.0711   simsec/sec=1.00559   ev/simsec=96.5314
     Messages:  created: 47281   present: 13   in FES: 8
** Event #379392   t=2097.200366939045   Elapsed: 2097.15s (34m 57s)  33% completed  (33% total)
     Speed:     ev/sec=225.883   simsec/sec=1.00011   ev/simsec=225.858
     Messages:  created: 47345   present: 14   in FES: 8
** Event #379904   t=2099.365495491177   Elapsed: 2099.32s (34m 59s)  33% completed  (33% total)
     Speed:     ev/sec=235.486   simsec/sec=0.995813   ev/simsec=236.476
     Messages:  created: 47408   present: 11   in FES: 7
** Event #380416   t=2102.122361264703   Elapsed: 2102.07s (35m 02s)  33% completed  (33% total)
     Speed:     ev/sec=186.33   simsec/sec=1.0033   ev/simsec=185.718
     Messages:  created: 47471   present: 9   in FES: 5
** Event #380928   t=2104.64031609954   Elapsed: 2104.59s (35m 04s)  33% completed  (33% total)
     Speed:     ev/sec=203.33   simsec/sec=0.999953   ev/simsec=203.34
     Messages:  created: 47536   present: 12   in FES: 7
** Event #381440   t=2107.287973700692   Elapsed: 2107.24s (35m 07s)  33% completed  (33% total)
     Speed:     ev/sec=193.386   simsec/sec=1.00004   ev/simsec=193.378
     Messages:  created: 47601   present: 14   in FES: 8
** Event #382464   t=2109.509151747476   Elapsed: 2109.46s (35m 09s)  33% completed  (33% total)
     Speed:     ev/sec=461.021   simsec/sec=1.00001   ev/simsec=461.017
     Messages:  created: 47728   present: 11   in FES: 7
** Event #383232   t=2111.987100969284   Elapsed: 2111.94s (35m 11s)  33% completed  (33% total)
     Speed:     ev/sec=309.921   simsec/sec=0.999959   ev/simsec=309.934
     Messages:  created: 47829   present: 24   in FES: 8
** Event #384000   t=2115.458140242388   Elapsed: 2115.41s (35m 15s)  33% completed  (33% total)
     Speed:     ev/sec=221.259   simsec/sec=1   ev/simsec=221.259
     Messages:  created: 47919   present: 9   in FES: 5
** Event #384256   t=2117.687311684265   Elapsed: 2117.66s (35m 17s)  33% completed  (33% total)
     Speed:     ev/sec=113.54   simsec/sec=0.988675   ev/simsec=114.841
     Messages:  created: 47952   present: 12   in FES: 7
** Event #384512   t=2119.923321759116   Elapsed: 2119.87s (35m 19s)  33% completed  (33% total)
     Speed:     ev/sec=115.798   simsec/sec=1.01143   ev/simsec=114.49
     Messages:  created: 47983   present: 9   in FES: 5
** Event #385024   t=2124.110251984911   Elapsed: 2124.06s (35m 24s)  33% completed  (33% total)
     Speed:     ev/sec=122.29   simsec/sec=1.00004   ev/simsec=122.285
     Messages:  created: 48046   present: 9   in FES: 5
** Event #385536   t=2128.437317516799   Elapsed: 2128.39s (35m 28s)  33% completed  (33% total)
     Speed:     ev/sec=118.33   simsec/sec=1.00004   ev/simsec=118.325
     Messages:  created: 48110   present: 9   in FES: 5
** Event #386048   t=2131.444519524679   Elapsed: 2131.39s (35m 31s)  33% completed  (33% total)
     Speed:     ev/sec=170.253   simsec/sec=0.999973   ev/simsec=170.258
     Messages:  created: 48174   present: 11   in FES: 7
** Event #386560   t=2133.622109626873   Elapsed: 2133.57s (35m 33s)  33% completed  (33% total)
     Speed:     ev/sec=235.136   simsec/sec=1.00006   ev/simsec=235.122
     Messages:  created: 48242   present: 16   in FES: 7
** Event #387328   t=2136.074207448419   Elapsed: 2136.02s (35m 36s)  33% completed  (33% total)
     Speed:     ev/sec=313.208   simsec/sec=1.00002   ev/simsec=313.201
     Messages:  created: 48338   present: 16   in FES: 7
** Event #388352   t=2138.640845001197   Elapsed: 2138.59s (35m 38s)  33% completed  (33% total)
     Speed:     ev/sec=398.945   simsec/sec=0.999948   ev/simsec=398.966
     Messages:  created: 48470   present: 26   in FES: 7
** Event #389376   t=2140.896873184721   Elapsed: 2140.85s (35m 40s)  33% completed  (33% total)
     Speed:     ev/sec=452.787   simsec/sec=0.997558   ev/simsec=453.895
     Messages:  created: 48593   present: 13   in FES: 6
** Event #389888   t=2143.084298157018   Elapsed: 2143.04s (35m 43s)  34% completed  (34% total)
     Speed:     ev/sec=234.276   simsec/sec=1.0009   ev/simsec=234.065
     Messages:  created: 48657   present: 13   in FES: 6
** Event #390656   t=2146.604430205816   Elapsed: 2146.55s (35m 46s)  34% completed  (34% total)
     Speed:     ev/sec=218.39   simsec/sec=1.00099   ev/simsec=218.174
     Messages:  created: 48751   present: 8   in FES: 5
** Event #391168   t=2149.267796728932   Elapsed: 2149.22s (35m 49s)  34% completed  (34% total)
     Speed:     ev/sec=192.244   simsec/sec=1.00003   ev/simsec=192.238
     Messages:  created: 48816   present: 10   in FES: 6
** Event #391680   t=2151.432742747685   Elapsed: 2151.38s (35m 51s)  34% completed  (34% total)
     Speed:     ev/sec=236.507   simsec/sec=1.00005   ev/simsec=236.496
     Messages:  created: 48879   present: 8   in FES: 5
** Event #392192   t=2154.456585611193   Elapsed: 2154.41s (35m 54s)  34% completed  (34% total)
     Speed:     ev/sec=169.318   simsec/sec=0.999985   ev/simsec=169.321
     Messages:  created: 48942   present: 9   in FES: 6
** Event #392704   t=2157.713742619267   Elapsed: 2157.66s (35m 57s)  34% completed  (34% total)
     Speed:     ev/sec=157.193   simsec/sec=1.00001   ev/simsec=157.192
     Messages:  created: 49006   present: 9   in FES: 6
** Event #393216   t=2160.21086432459   Elapsed: 2160.16s (36m 00s)  34% completed  (34% total)
     Speed:     ev/sec=205.03   simsec/sec=0.999969   ev/simsec=205.036
     Messages:  created: 49073   present: 18   in FES: 7
** Event #393728   t=2162.336267877101   Elapsed: 2162.29s (36m 02s)  34% completed  (34% total)
     Speed:     ev/sec=240.094   simsec/sec=0.996675   ev/simsec=240.895
     Messages:  created: 49135   present: 12   in FES: 6
** Event #394240   t=2164.432658621778   Elapsed: 2164.38s (36m 04s)  34% completed  (34% total)
     Speed:     ev/sec=245.062   simsec/sec=1.00341   ev/simsec=244.229
     Messages:  created: 49199   present: 11   in FES: 7
** Event #394752   t=2166.436557892464   Elapsed: 2166.39s (36m 06s)  34% completed  (34% total)
     Speed:     ev/sec=255.501   simsec/sec=0.999995   ev/simsec=255.502
     Messages:  created: 49262   present: 9   in FES: 6
** Event #395264   t=2168.44673726008   Elapsed: 2168.4s (36m 08s)  34% completed  (34% total)
     Speed:     ev/sec=254.711   simsec/sec=1.00003   ev/simsec=254.704
     Messages:  created: 49326   present: 9   in FES: 6
** Event #395776   t=2171.853485042069   Elapsed: 2171.8s (36m 11s)  34% completed  (34% total)
     Speed:     ev/sec=150.29   simsec/sec=0.999999   ev/simsec=150.29
     Messages:  created: 49390   present: 8   in FES: 5
** Event #396544   t=2174.924896448563   Elapsed: 2174.87s (36m 14s)  34% completed  (34% total)
     Speed:     ev/sec=250.037   simsec/sec=0.999957   ev/simsec=250.048
     Messages:  created: 49487   present: 11   in FES: 7
** Event #397056   t=2177.927179178115   Elapsed: 2177.88s (36m 17s)  34% completed  (34% total)
     Speed:     ev/sec=170.538   simsec/sec=1.00001   ev/simsec=170.537
     Messages:  created: 49550   present: 10   in FES: 6
** Event #397568   t=2180.592929138922   Elapsed: 2180.54s (36m 20s)  34% completed  (34% total)
     Speed:     ev/sec=192.056   simsec/sec=0.999949   ev/simsec=192.066
     Messages:  created: 49616   present: 14   in FES: 7
** Event #398336   t=2183.442352137763   Elapsed: 2183.39s (36m 23s)  34% completed  (34% total)
     Speed:     ev/sec=269.523   simsec/sec=0.999981   ev/simsec=269.528
     Messages:  created: 49709   present: 9   in FES: 6
** Event #398848   t=2185.778422175594   Elapsed: 2185.73s (36m 25s)  34% completed  (34% total)
     Speed:     ev/sec=219.083   simsec/sec=0.999594   ev/simsec=219.172
     Messages:  created: 49773   present: 10   in FES: 6
** Event #399360   t=2189.153574286052   Elapsed: 2189.1s (36m 29s)  34% completed  (34% total)
     Speed:     ev/sec=151.743   simsec/sec=1.0003   ev/simsec=151.697
     Messages:  created: 49837   present: 9   in FES: 6
** Event #399872   t=2193.312899663007   Elapsed: 2193.26s (36m 33s)  34% completed  (34% total)
     Speed:     ev/sec=123.101   simsec/sec=1.00003   ev/simsec=123.097
     Messages:  created: 49900   present: 8   in FES: 5
** Event #400384   t=2195.901568426402   Elapsed: 2195.85s (36m 35s)  34% completed  (34% total)
     Speed:     ev/sec=197.778   simsec/sec=0.999964   ev/simsec=197.785
     Messages:  created: 49968   present: 17   in FES: 7
** Event #401152   t=2198.568050307043   Elapsed: 2198.52s (36m 38s)  34% completed  (34% total)
     Speed:     ev/sec=287.776   simsec/sec=0.999153   ev/simsec=288.02
     Messages:  created: 50061   present: 10   in FES: 6
** Event #401408   t=2200.951153953859   Elapsed: 2200.9s (36m 40s)  34% completed  (34% total)
     Speed:     ev/sec=107.519   simsec/sec=1.00089   ev/simsec=107.423
     Messages:  created: 50093   present: 9   in FES: 6
** Event #401920   t=2203.786658725954   Elapsed: 2203.74s (36m 43s)  34% completed  (34% total)
     Speed:     ev/sec=180.57   simsec/sec=1.00001   ev/simsec=180.567
     Messages:  created: 50157   present: 9   in FES: 6
** Event #402432   t=2207.80456539098   Elapsed: 2207.75s (36m 47s)  35% completed  (35% total)
     Speed:     ev/sec=127.42   simsec/sec=0.999925   ev/simsec=127.43
     Messages:  created: 50221   present: 10   in FES: 6
** Event #402944   t=2210.973634975536   Elapsed: 2210.92s (36m 50s)  35% completed  (35% total)
     Speed:     ev/sec=161.587   simsec/sec=1.00016   ev/simsec=161.562
     Messages:  created: 50285   present: 9   in FES: 6
** Event #403712   t=2213.514866010448   Elapsed: 2213.5s (36m 53s)  35% completed  (35% total)
     Speed:     ev/sec=297.916   simsec/sec=0.985773   ev/simsec=302.216
     Messages:  created: 50379   present: 8   in FES: 5
** Event #403968   t=2215.634269153213   Elapsed: 2215.63s (36m 55s)  35% completed  (35% total)
     Speed:     ev/sec=120.153   simsec/sec=0.994734   ev/simsec=120.789
     Messages:  created: 50411   present: 8   in FES: 5
** Event #404480   t=2217.882307871992   Elapsed: 2217.83s (36m 57s)  35% completed  (35% total)
     Speed:     ev/sec=232.694   simsec/sec=1.02169   ev/simsec=227.754
     Messages:  created: 50476   present: 11   in FES: 7
** Event #404992   t=2220.228622248041   Elapsed: 2220.19s (37m 00s)  35% completed  (35% total)
     Speed:     ev/sec=216.698   simsec/sec=0.993049   ev/simsec=218.215
     Messages:  created: 50539   present: 9   in FES: 5
** Event #405504   t=2223.322097651729   Elapsed: 2223.27s (37m 03s)  35% completed  (35% total)
     Speed:     ev/sec=166.39   simsec/sec=1.00532   ev/simsec=165.51
     Messages:  created: 50603   present: 8   in FES: 5
** Event #406016   t=2226.279122727605   Elapsed: 2226.23s (37m 06s)  35% completed  (35% total)
     Speed:     ev/sec=173.159   simsec/sec=1.00007   ev/simsec=173.147
     Messages:  created: 50668   present: 11   in FES: 7
** Event #406528   t=2228.758896657901   Elapsed: 2228.71s (37m 08s)  35% completed  (35% total)
     Speed:     ev/sec=206.461   simsec/sec=0.999954   ev/simsec=206.47
     Messages:  created: 50732   present: 12   in FES: 7
** Event #407040   t=2231.668568011   Elapsed: 2231.62s (37m 11s)  35% completed  (35% total)
     Speed:     ev/sec=175.961   simsec/sec=0.999976   ev/simsec=175.965
     Messages:  created: 50795   present: 8   in FES: 5
** Event #407552   t=2233.802152245252   Elapsed: 2233.75s (37m 13s)  35% completed  (35% total)
     Speed:     ev/sec=239.999   simsec/sec=1.00011   ev/simsec=239.972
     Messages:  created: 50860   present: 12   in FES: 7
** Event #408064   t=2236.736507700554   Elapsed: 2236.69s (37m 16s)  35% completed  (35% total)
     Speed:     ev/sec=174.472   simsec/sec=0.999929   ev/simsec=174.485
     Messages:  created: 50923   present: 8   in FES: 5
** Event #408576   t=2239.797894821159   Elapsed: 2239.75s (37m 19s)  35% completed  (35% total)
     Speed:     ev/sec=167.253   simsec/sec=1.00005   ev/simsec=167.244
     Messages:  created: 50988   present: 11   in FES: 7
** Event #409344   t=2242.502374180637   Elapsed: 2242.45s (37m 22s)  35% completed  (35% total)
     Speed:     ev/sec=283.962   simsec/sec=0.99996   ev/simsec=283.973
     Messages:  created: 51083   present: 12   in FES: 6
** Event #410368   t=2245.046126182877   Elapsed: 2245s (37m 24s)  35% completed  (35% total)
     Speed:     ev/sec=402.555   simsec/sec=1   ev/simsec=402.555
     Messages:  created: 51226   present: 53   in FES: 7
** Event #411136   t=2247.297878026284   Elapsed: 2247.25s (37m 27s)  35% completed  (35% total)
     Speed:     ev/sec=341.082   simsec/sec=1.00004   ev/simsec=341.068
     Messages:  created: 51310   present: 20   in FES: 7
** Event #411904   t=2249.914080818972   Elapsed: 2249.88s (37m 29s)  35% completed  (35% total)
     Speed:     ev/sec=291.924   simsec/sec=0.994443   ev/simsec=293.555
     Messages:  created: 51401   present: 7   in FES: 4
** Event #412416   t=2252.023087126734   Elapsed: 2251.97s (37m 31s)  35% completed  (35% total)
     Speed:     ev/sec=244.436   simsec/sec=1.00687   ev/simsec=242.768
     Messages:  created: 51466   present: 9   in FES: 6
** Event #413184   t=2254.78573506427   Elapsed: 2254.74s (37m 34s)  35% completed  (35% total)
     Speed:     ev/sec=277.999   simsec/sec=1.00002   ev/simsec=277.994
     Messages:  created: 51564   present: 14   in FES: 7
** Event #413952   t=2257.195247696296   Elapsed: 2257.15s (37m 37s)  35% completed  (35% total)
     Speed:     ev/sec=317.765   simsec/sec=0.996953   ev/simsec=318.737
     Messages:  created: 51657   present: 7   in FES: 4
** Event #414464   t=2259.358590361278   Elapsed: 2259.31s (37m 39s)  35% completed  (35% total)
     Speed:     ev/sec=237.476   simsec/sec=1.0034   ev/simsec=236.671
     Messages:  created: 51722   present: 9   in FES: 6
** Event #415488   t=2261.983983387461   Elapsed: 2261.94s (37m 41s)  35% completed  (35% total)
     Speed:     ev/sec=389.724   simsec/sec=0.999197   ev/simsec=390.037
     Messages:  created: 51858   present: 31   in FES: 6
** Event #416512   t=2264.680114710194   Elapsed: 2264.63s (37m 44s)  35% completed  (35% total)
     Speed:     ev/sec=380.131   simsec/sec=1.00086   ev/simsec=379.803
     Messages:  created: 51982   present: 21   in FES: 7
** Event #417280   t=2266.919293301705   Elapsed: 2266.88s (37m 46s)  35% completed  (35% total)
     Speed:     ev/sec=341.584   simsec/sec=0.995921   ev/simsec=342.983
     Messages:  created: 52073   present: 7   in FES: 4
** Event #418048   t=2270.144934192114   Elapsed: 2270.17s (37m 50s)  36% completed  (36% total)
     Speed:     ev/sec=233.617   simsec/sec=0.981202   ev/simsec=238.092
     Messages:  created: 52169   present: 7   in FES: 4
** Event #418560   t=2272.265430125933   Elapsed: 2272.21s (37m 52s)  36% completed  (36% total)
     Speed:     ev/sec=249.791   simsec/sec=1.03453   ev/simsec=241.453
     Messages:  created: 52233   present: 9   in FES: 6
** Event #419328   t=2274.808524019694   Elapsed: 2274.76s (37m 54s)  36% completed  (36% total)
     Speed:     ev/sec=302.002   simsec/sec=1.00003   ev/simsec=301.994
     Messages:  created: 52335   present: 25   in FES: 7
** Event #420096   t=2277.896267502857   Elapsed: 2277.85s (37m 57s)  36% completed  (36% total)
     Speed:     ev/sec=248.188   simsec/sec=0.99784   ev/simsec=248.725
     Messages:  created: 52426   present: 13   in FES: 6
** Event #420608   t=2281.188671442462   Elapsed: 2281.14s (38m 01s)  36% completed  (36% total)
     Speed:     ev/sec=155.823   simsec/sec=1.00201   ev/simsec=155.509
     Messages:  created: 52488   present: 8   in FES: 5
** Event #421120   t=2283.823397529682   Elapsed: 2283.77s (38m 03s)  36% completed  (36% total)
     Speed:     ev/sec=194.328   simsec/sec=1   ev/simsec=194.328
     Messages:  created: 52553   present: 11   in FES: 7
** Event #421632   t=2286.417971276898   Elapsed: 2286.37s (38m 06s)  36% completed  (36% total)
     Speed:     ev/sec=197.335   simsec/sec=1   ev/simsec=197.335
     Messages:  created: 52617   present: 10   in FES: 7
** Event #422144   t=2289.613711104985   Elapsed: 2289.56s (38m 09s)  36% completed  (36% total)
     Speed:     ev/sec=160.216   simsec/sec=1.00001   ev/simsec=160.213
     Messages:  created: 52680   present: 8   in FES: 5
** Event #422656   t=2291.623078441382   Elapsed: 2291.57s (38m 11s)  36% completed  (36% total)
     Speed:     ev/sec=254.81   simsec/sec=1.00002   ev/simsec=254.807
     Messages:  created: 52746   present: 13   in FES: 7
** Event #423424   t=2294.480593870417   Elapsed: 2294.43s (38m 14s)  36% completed  (36% total)
     Speed:     ev/sec=268.782   simsec/sec=1.00006   ev/simsec=268.765
     Messages:  created: 52840   present: 9   in FES: 6
** Event #424192   t=2297.651606040889   Elapsed: 2297.6s (38m 17s)  36% completed  (36% total)
     Speed:     ev/sec=242.185   simsec/sec=0.999965   ev/simsec=242.194
     Messages:  created: 52936   present: 9   in FES: 6
** Event #424704   t=2299.756961028407   Elapsed: 2299.71s (38m 19s)  36% completed  (36% total)
     Speed:     ev/sec=243.191   simsec/sec=1.00001   ev/simsec=243.189
     Messages:  created: 53001   present: 11   in FES: 7
** Event #425216   t=2301.836649367035   Elapsed: 2301.79s (38m 21s)  36% completed  (36% total)
     Speed:     ev/sec=246.177   simsec/sec=0.999945   ev/simsec=246.191
     Messages:  created: 53064   present: 9   in FES: 6
** Event #425728   t=2304.880317078752   Elapsed: 2304.83s (38m 24s)  36% completed  (36% total)
     Speed:     ev/sec=168.221   simsec/sec=1.00002   ev/simsec=168.218
     Messages:  created: 53127   present: 8   in FES: 5
** Event #426240   t=2308.186589064128   Elapsed: 2308.14s (38m 28s)  36% completed  (36% total)
     Speed:     ev/sec=154.861   simsec/sec=1.00002   ev/simsec=154.857
     Messages:  created: 53191   present: 9   in FES: 6
** Event #426752   t=2310.221084663537   Elapsed: 2310.17s (38m 30s)  36% completed  (36% total)
     Speed:     ev/sec=251.645   simsec/sec=0.999944   ev/simsec=251.659
     Messages:  created: 53255   present: 8   in FES: 5
** Event #427520   t=2313.809501480859   Elapsed: 2313.76s (38m 33s)  36% completed  (36% total)
     Speed:     ev/sec=214.029   simsec/sec=1.00003   ev/simsec=214.022
     Messages:  created: 53351   present: 9   in FES: 6
** Event #428288   t=2317.085000329664   Elapsed: 2317.03s (38m 37s)  36% completed  (36% total)
     Speed:     ev/sec=234.473   simsec/sec=1.00002   ev/simsec=234.468
     Messages:  created: 53447   present: 10   in FES: 7
** Event #429056   t=2320.277578422827   Elapsed: 2320.23s (38m 40s)  36% completed  (36% total)
     Speed:     ev/sec=240.535   simsec/sec=0.999906   ev/simsec=240.558
     Messages:  created: 53543   present: 8   in FES: 5
** Event #429568   t=2322.686897103175   Elapsed: 2322.64s (38m 42s)  36% completed  (36% total)
     Speed:     ev/sec=212.523   simsec/sec=1.00007   ev/simsec=212.508
     Messages:  created: 53607   present: 9   in FES: 6
** Event #430080   t=2324.779607836904   Elapsed: 2324.73s (38m 44s)  36% completed  (36% total)
     Speed:     ev/sec=244.663   simsec/sec=1.00002   ev/simsec=244.659
     Messages:  created: 53671   present: 9   in FES: 6
** Event #430592   t=2327.022633425482   Elapsed: 2326.97s (38m 46s)  36% completed  (36% total)
     Speed:     ev/sec=228.228   simsec/sec=0.999848   ev/simsec=228.263
     Messages:  created: 53736   present: 12   in FES: 6
** Event #431616   t=2329.319935168681   Elapsed: 2329.27s (38m 49s)  36% completed  (36% total)
     Speed:     ev/sec=445.783   simsec/sec=1.0001   ev/simsec=445.74
     Messages:  created: 53879   present: 56   in FES: 7
** Event #432384   t=2331.931432247738   Elapsed: 2331.88s (38m 51s)  37% completed  (37% total)
     Speed:     ev/sec=294.082   simsec/sec=0.999991   ev/simsec=294.084
     Messages:  created: 53957   present: 8   in FES: 5
** Event #432896   t=2334.487114607961   Elapsed: 2334.44s (38m 54s)  37% completed  (37% total)
     Speed:     ev/sec=200.354   simsec/sec=1.00008   ev/simsec=200.338
     Messages:  created: 54021   present: 8   in FES: 5
** Event #433408   t=2336.989975876682   Elapsed: 2336.94s (38m 56s)  37% completed  (37% total)
     Speed:     ev/sec=204.546   simsec/sec=0.999904   ev/simsec=204.566
     Messages:  created: 54086   present: 10   in FES: 7
** Event #433920   t=2339.526407253295   Elapsed: 2339.48s (38m 59s)  37% completed  (37% total)
     Speed:     ev/sec=201.863   simsec/sec=1.00002   ev/simsec=201.858
     Messages:  created: 54150   present: 10   in FES: 7
** Event #434432   t=2341.559692059651   Elapsed: 2341.51s (39m 01s)  37% completed  (37% total)
     Speed:     ev/sec=251.819   simsec/sec=1.00004   ev/simsec=251.809
     Messages:  created: 54213   present: 8   in FES: 5
** Event #435200   t=2343.981216511773   Elapsed: 2343.93s (39m 03s)  37% completed  (37% total)
     Speed:     ev/sec=317.177   simsec/sec=1.00007   ev/simsec=317.156
     Messages:  created: 54312   present: 17   in FES: 7
** Event #435968   t=2346.358802575936   Elapsed: 2346.31s (39m 06s)  37% completed  (37% total)
     Speed:     ev/sec=323.011   simsec/sec=0.999983   ev/simsec=323.017
     Messages:  created: 54405   present: 9   in FES: 6
** Event #436736   t=2349.22036452492   Elapsed: 2349.17s (39m 09s)  37% completed  (37% total)
     Speed:     ev/sec=268.384   simsec/sec=0.999997   ev/simsec=268.385
     Messages:  created: 54501   present: 8   in FES: 5
** Event #437504   t=2351.463705018208   Elapsed: 2351.42s (39m 11s)  37% completed  (37% total)
     Speed:     ev/sec=340.654   simsec/sec=0.995055   ev/simsec=342.347
     Messages:  created: 54605   present: 30   in FES: 6
** Event #438528   t=2354.113437121954   Elapsed: 2354.06s (39m 14s)  37% completed  (37% total)
     Speed:     ev/sec=388.075   simsec/sec=1.00419   ev/simsec=386.454
     Messages:  created: 54734   present: 33   in FES: 7
** Event #439296   t=2356.89918456975   Elapsed: 2356.85s (39m 16s)  37% completed  (37% total)
     Speed:     ev/sec=275.682   simsec/sec=0.999975   ev/simsec=275.689
     Messages:  created: 54821   present: 8   in FES: 5
** Event #439808   t=2360.764664077723   Elapsed: 2360.72s (39m 20s)  37% completed  (37% total)
     Speed:     ev/sec=132.26   simsec/sec=0.998533   ev/simsec=132.454
     Messages:  created: 54883   present: 7   in FES: 4
** Event #440320   t=2363.755263621442   Elapsed: 2363.7s (39m 23s)  37% completed  (37% total)
     Speed:     ev/sec=171.532   simsec/sec=1.00192   ev/simsec=171.203
     Messages:  created: 54948   present: 9   in FES: 6
** Event #440832   t=2366.216173556486   Elapsed: 2366.17s (39m 26s)  37% completed  (37% total)
     Speed:     ev/sec=208.056   simsec/sec=1.00001   ev/simsec=208.053
     Messages:  created: 55017   present: 22   in FES: 7
** Event #441600   t=2368.67197073457   Elapsed: 2368.62s (39m 28s)  37% completed  (37% total)
     Speed:     ev/sec=312.748   simsec/sec=1.00006   ev/simsec=312.729
     Messages:  created: 55110   present: 14   in FES: 7
** Event #442368   t=2371.41450376055   Elapsed: 2371.36s (39m 31s)  37% completed  (37% total)
     Speed:     ev/sec=280.009   simsec/sec=0.999913   ev/simsec=280.033
     Messages:  created: 55205   present: 13   in FES: 7
** Event #442880   t=2373.364343461394   Elapsed: 2373.4s (39m 33s)  37% completed  (37% total)
     Speed:     ev/sec=251.799   simsec/sec=0.95892   ev/simsec=262.586
     Messages:  created: 55267   present: 7   in FES: 4
** Event #443392   t=2375.538167306357   Elapsed: 2375.49s (39m 35s)  37% completed  (37% total)
     Speed:     ev/sec=244.946   simsec/sec=1.03998   ev/simsec=235.53
     Messages:  created: 55333   present: 11   in FES: 7
** Event #444160   t=2378.257133650829   Elapsed: 2378.21s (39m 38s)  37% completed  (37% total)
     Speed:     ev/sec=282.455   simsec/sec=0.999982   ev/simsec=282.46
     Messages:  created: 55429   present: 11   in FES: 6
** Event #444672   t=2380.270521526579   Elapsed: 2380.22s (39m 40s)  37% completed  (37% total)
     Speed:     ev/sec=254.3   simsec/sec=1.00001   ev/simsec=254.298
     Messages:  created: 55492   present: 10   in FES: 6
** Event #445184   t=2382.596551498883   Elapsed: 2382.55s (39m 42s)  37% completed  (37% total)
     Speed:     ev/sec=220.12   simsec/sec=1.00001   ev/simsec=220.118
     Messages:  created: 55557   present: 11   in FES: 7
** Event #446208   t=2385.408651589603   Elapsed: 2385.36s (39m 45s)  37% completed  (37% total)
     Speed:     ev/sec=363.943   simsec/sec=0.999458   ev/simsec=364.141
     Messages:  created: 55683   present: 7   in FES: 4
** Event #446976   t=2387.821711077166   Elapsed: 2387.77s (39m 47s)  37% completed  (37% total)
     Speed:     ev/sec=318.466   simsec/sec=1.00062   ev/simsec=318.268
     Messages:  created: 55780   present: 9   in FES: 6
** Event #447744   t=2390.243269594594   Elapsed: 2390.19s (39m 50s)  37% completed  (37% total)
     Speed:     ev/sec=317.146   simsec/sec=0.999983   ev/simsec=317.151
     Messages:  created: 55883   present: 28   in FES: 7
** Event #448512   t=2392.769673537588   Elapsed: 2392.77s (39m 52s)  37% completed  (37% total)
     Speed:     ev/sec=298.419   simsec/sec=0.981677   ev/simsec=303.989
     Messages:  created: 55971   present: 7   in FES: 4
** Event #449280   t=2395.443405147326   Elapsed: 2395.39s (39m 55s)  38% completed  (38% total)
     Speed:     ev/sec=292.407   simsec/sec=1.01799   ev/simsec=287.239
     Messages:  created: 56068   present: 10   in FES: 6
** Event #450304   t=2397.764574836429   Elapsed: 2397.71s (39m 57s)  38% completed  (38% total)
     Speed:     ev/sec=441.159   simsec/sec=1.00001   ev/simsec=441.157
     Messages:  created: 56206   present: 39   in FES: 7
** Event #451072   t=2399.836413374563   Elapsed: 2399.79s (39m 59s)  38% completed  (38% total)
     Speed:     ev/sec=370.681   simsec/sec=0.999989   ev/simsec=370.685
     Messages:  created: 56292   present: 14   in FES: 6
** Event #451584   t=2401.922919970858   Elapsed: 2401.87s (40m 01s)  38% completed  (38% total)
     Speed:     ev/sec=245.365   simsec/sec=0.999913   ev/simsec=245.386
     Messages:  created: 56354   present: 8   in FES: 5
** Event #452352   t=2404.532810979548   Elapsed: 2404.48s (40m 04s)  38% completed  (38% total)
     Speed:     ev/sec=294.273   simsec/sec=1.00003   ev/simsec=294.265
     Messages:  created: 56451   present: 11   in FES: 7
** Event #453120   t=2407.727539008689   Elapsed: 2407.68s (40m 07s)  38% completed  (38% total)
     Speed:     ev/sec=240.4   simsec/sec=1.00002   ev/simsec=240.396
     Messages:  created: 56546   present: 8   in FES: 5
** Event #453632   t=2410.668518890415   Elapsed: 2410.62s (40m 10s)  38% completed  (38% total)
     Speed:     ev/sec=174.089   simsec/sec=0.999986   ev/simsec=174.092
     Messages:  created: 56610   present: 8   in FES: 5
** Event #454144   t=2413.944492138568   Elapsed: 2413.89s (40m 13s)  38% completed  (38% total)
     Speed:     ev/sec=156.296   simsec/sec=1.00004   ev/simsec=156.289
     Messages:  created: 56675   present: 11   in FES: 7
** Event #454656   t=2415.966614085733   Elapsed: 2415.93s (40m 15s)  38% completed  (38% total)
     Speed:     ev/sec=251.459   simsec/sec=0.993125   ev/simsec=253.199
     Messages:  created: 56738   present: 9   in FES: 5
** Event #455168   t=2418.843818755179   Elapsed: 2418.81s (40m 18s)  38% completed  (38% total)
     Speed:     ev/sec=177.841   simsec/sec=0.999383   ev/simsec=177.95
     Messages:  created: 56802   present: 9   in FES: 6
** Event #455680   t=2420.867343245116   Elapsed: 2420.82s (40m 20s)  38% completed  (38% total)
     Speed:     ev/sec=254.641   simsec/sec=1.00639   ev/simsec=253.024
     Messages:  created: 56866   present: 9   in FES: 6
** Event #456704   t=2423.853972241869   Elapsed: 2423.82s (40m 23s)  38% completed  (38% total)
     Speed:     ev/sec=341.567   simsec/sec=0.996224   ev/simsec=342.861
     Messages:  created: 56994   present: 9   in FES: 5
** Event #457216   t=2426.150621742013   Elapsed: 2426.1s (40m 26s)  38% completed  (38% total)
     Speed:     ev/sec=224.325   simsec/sec=1.00624   ev/simsec=222.933
     Messages:  created: 57058   present: 11   in FES: 7
** Event #457984   t=2428.387299059504   Elapsed: 2428.34s (40m 28s)  38% completed  (38% total)
     Speed:     ev/sec=343.384   simsec/sec=1.00005   ev/simsec=343.366
     Messages:  created: 57156   present: 17   in FES: 7
** Event #458752   t=2430.919208246524   Elapsed: 2430.87s (40m 30s)  38% completed  (38% total)
     Speed:     ev/sec=303.308   simsec/sec=0.999933   ev/simsec=303.328
     Messages:  created: 57250   present: 11   in FES: 7
** Event #459520   t=2433.518873405907   Elapsed: 2433.47s (40m 33s)  38% completed  (38% total)
     Speed:     ev/sec=295.415   simsec/sec=0.999975   ev/simsec=295.423
     Messages:  created: 57345   present: 10   in FES: 6
** Event #460288   t=2436.431580079592   Elapsed: 2436.38s (40m 36s)  38% completed  (38% total)
     Speed:     ev/sec=263.686   simsec/sec=1.00005   ev/simsec=263.672
     Messages:  created: 57443   present: 16   in FES: 7
** Event #461056   t=2439.300333256516   Elapsed: 2439.25s (40m 39s)  38% completed  (38% total)
     Speed:     ev/sec=267.721   simsec/sec=1.00003   ev/simsec=267.712
     Messages:  created: 57537   present: 9   in FES: 6
** Event #461824   t=2442.161486902324   Elapsed: 2442.11s (40m 42s)  38% completed  (38% total)
     Speed:     ev/sec=268.405   simsec/sec=0.999934   ev/simsec=268.423
     Messages:  created: 57632   present: 8   in FES: 5
** Event #462336   t=2446.016182507503   Elapsed: 2445.97s (40m 45s)  38% completed  (38% total)
     Speed:     ev/sec=132.818   simsec/sec=0.999944   ev/simsec=132.825
     Messages:  created: 57697   present: 9   in FES: 6
** Event #462848   t=2448.014730981118   Elapsed: 2448.01s (40m 48s)  38% completed  (38% total)
     Speed:     ev/sec=250.724   simsec/sec=0.978681   ev/simsec=256.186
     Messages:  created: 57761   present: 10   in FES: 6
** Event #463360   t=2450.638501926656   Elapsed: 2450.62s (40m 50s)  38% completed  (38% total)
     Speed:     ev/sec=196.32   simsec/sec=1.00605   ev/simsec=195.139
     Messages:  created: 57825   present: 10   in FES: 6
** Event #464128   t=2453.281567592556   Elapsed: 2453.23s (40m 53s)  38% completed  (38% total)
     Speed:     ev/sec=293.682   simsec/sec=1.01071   ev/simsec=290.572
     Messages:  created: 57920   present: 8   in FES: 5
** Event #464640   t=2455.67794428288   Elapsed: 2455.55s (40m 55s)  38% completed  (38% total)
     Speed:     ev/sec=220.672   simsec/sec=1.03284   ev/simsec=213.656
     Messages:  created: 57985   present: 13   in FES: 7
** Event #465408   t=2457.676535798174   Elapsed: 2457.64s (40m 57s)  39% completed  (39% total)
     Speed:     ev/sec=366.946   simsec/sec=0.954916   ev/simsec=384.271
     Messages:  created: 58079   present: 8   in FES: 5
** Event #465920   t=2459.865148253131   Elapsed: 2459.83s (40m 59s)  39% completed  (39% total)
     Speed:     ev/sec=234.381   simsec/sec=1.00189   ev/simsec=233.938
     Messages:  created: 58143   present: 8   in FES: 5
** Event #466688   t=2462.113947540033   Elapsed: 2462.07s (41m 02s)  39% completed  (39% total)
     Speed:     ev/sec=341.895   simsec/sec=1.00111   ev/simsec=341.516
     Messages:  created: 58239   present: 9   in FES: 6
** Event #467456   t=2464.173150097305   Elapsed: 2464.12s (41m 04s)  39% completed  (39% total)
     Speed:     ev/sec=375.052   simsec/sec=1.00561   ev/simsec=372.96
     Messages:  created: 58336   present: 12   in FES: 7
** Event #468224   t=2466.582269400071   Elapsed: 2466.53s (41m 06s)  39% completed  (39% total)
     Speed:     ev/sec=318.812   simsec/sec=1.00007   ev/simsec=318.789
     Messages:  created: 58432   present: 12   in FES: 7
** Event #468736   t=2468.820722000501   Elapsed: 2468.77s (41m 08s)  39% completed  (39% total)
     Speed:     ev/sec=228.695   simsec/sec=0.99985   ev/simsec=228.729
     Messages:  created: 58495   present: 8   in FES: 5
** Event #469504   t=2471.145655330783   Elapsed: 2471.09s (41m 11s)  39% completed  (39% total)
     Speed:     ev/sec=330.384   simsec/sec=1.00016   ev/simsec=330.332
     Messages:  created: 58593   present: 13   in FES: 7
** Event #470272   t=2473.337033120886   Elapsed: 2473.29s (41m 13s)  39% completed  (39% total)
     Speed:     ev/sec=350.4   simsec/sec=0.999817   ev/simsec=350.464
     Messages:  created: 58687   present: 9   in FES: 6
** Event #470784   t=2475.730477020734   Elapsed: 2475.68s (41m 15s)  39% completed  (39% total)
     Speed:     ev/sec=213.709   simsec/sec=0.999023   ev/simsec=213.918
     Messages:  created: 58751   present: 9   in FES: 6
** Event #471296   t=2478.93090702689   Elapsed: 2478.88s (41m 18s)  39% completed  (39% total)
     Speed:     ev/sec=159.871   simsec/sec=0.999331   ev/simsec=159.979
     Messages:  created: 58815   present: 9   in FES: 6
** Event #471808   t=2481.214609727644   Elapsed: 2481.17s (41m 21s)  39% completed  (39% total)
     Speed:     ev/sec=224.463   simsec/sec=1.00119   ev/simsec=224.197
     Messages:  created: 58879   present: 9   in FES: 5
** Event #472320   t=2483.41438010808   Elapsed: 2483.37s (41m 23s)  39% completed  (39% total)
     Speed:     ev/sec=232.596   simsec/sec=0.999333   ev/simsec=232.752
     Messages:  created: 58943   present: 9   in FES: 5
** Event #472832   t=2485.724328794715   Elapsed: 2485.81s (41m 25s)  39% completed  (39% total)
     Speed:     ev/sec=209.413   simsec/sec=0.944792   ev/simsec=221.65
     Messages:  created: 59005   present: 7   in FES: 4
** Event #473600   t=2487.939643855125   Elapsed: 2487.89s (41m 27s)  39% completed  (39% total)
     Speed:     ev/sec=369.798   simsec/sec=1.06669   ev/simsec=346.678
     Messages:  created: 59105   present: 17   in FES: 7
** Event #474112   t=2490.062568627758   Elapsed: 2490.01s (41m 30s)  39% completed  (39% total)
     Speed:     ev/sec=241.17   simsec/sec=0.999972   ev/simsec=241.177
     Messages:  created: 59166   present: 9   in FES: 6
** Event #474624   t=2492.021868964426   Elapsed: 2492.04s (41m 32s)  39% completed  (39% total)
     Speed:     ev/sec=252.849   simsec/sec=0.967593   ev/simsec=261.318
     Messages:  created: 59229   present: 7   in FES: 4
** Event #475392   t=2495.006898249421   Elapsed: 2494.96s (41m 34s)  39% completed  (39% total)
     Speed:     ev/sec=263.074   simsec/sec=1.02251   ev/simsec=257.284
     Messages:  created: 59327   present: 11   in FES: 6
** Event #476160   t=2497.913927410725   Elapsed: 2497.86s (41m 37s)  39% completed  (39% total)
     Speed:     ev/sec=264.191   simsec/sec=1.00002   ev/simsec=264.187
     Messages:  created: 59422   present: 10   in FES: 7
** Event #476928   t=2501.163054841215   Elapsed: 2501.11s (41m 41s)  39% completed  (39% total)
     Speed:     ev/sec=236.361   simsec/sec=0.999957   ev/simsec=236.371
     Messages:  created: 59518   present: 9   in FES: 6
** Event #477440   t=2503.396172995252   Elapsed: 2503.35s (41m 43s)  39% completed  (39% total)
     Speed:     ev/sec=229.296   simsec/sec=1.00009   ev/simsec=229.276
     Messages:  created: 59583   present: 11   in FES: 7
** Event #478208   t=2505.630294963637   Elapsed: 2505.58s (41m 45s)  39% completed  (39% total)
     Speed:     ev/sec=343.678   simsec/sec=0.999762   ev/simsec=343.759
     Messages:  created: 59679   present: 13   in FES: 7
** Event #478976   t=2508.511837388321   Elapsed: 2508.46s (41m 48s)  39% completed  (39% total)
     Speed:     ev/sec=266.468   simsec/sec=0.99979   ev/simsec=266.524
     Messages:  created: 59773   present: 7   in FES: 4
** Event #479488   t=2511.739014427602   Elapsed: 2511.69s (41m 51s)  39% completed  (39% total)
     Speed:     ev/sec=158.705   simsec/sec=1.00033   ev/simsec=158.653
     Messages:  created: 59838   present: 10   in FES: 6
** Event #480256   t=2513.808497715294   Elapsed: 2513.76s (41m 53s)  39% completed  (39% total)
     Speed:     ev/sec=371.065   simsec/sec=0.999885   ev/simsec=371.107
     Messages:  created: 59939   present: 22   in FES: 7
** Event #481280   t=2516.02099964326   Elapsed: 2515.97s (41m 55s)  39% completed  (39% total)
     Speed:     ev/sec=462.83   simsec/sec=1.00001   ev/simsec=462.824
     Messages:  created: 60070   present: 35   in FES: 7
** Event #482048   t=2518.22626828786   Elapsed: 2518.18s (41m 58s)  39% completed  (39% total)
     Speed:     ev/sec=348.246   simsec/sec=0.999969   ev/simsec=348.257
     Messages:  created: 60158   present: 12   in FES: 7
** Event #482816   t=2520.751427390941   Elapsed: 2520.7s (42m 00s)  40% completed  (40% total)
     Speed:     ev/sec=304.166   simsec/sec=1.00009   ev/simsec=304.139
     Messages:  created: 60253   present: 11   in FES: 7
** Event #483328   t=2522.964204856754   Elapsed: 2522.91s (42m 02s)  40% completed  (40% total)
     Speed:     ev/sec=231.371   simsec/sec=0.999947   ev/simsec=231.383
     Messages:  created: 60316   present: 9   in FES: 6
** Event #484096   t=2525.21872287469   Elapsed: 2525.17s (42m 05s)  40% completed  (40% total)
     Speed:     ev/sec=340.668   simsec/sec=1.00006   ev/simsec=340.649
     Messages:  created: 60412   present: 9   in FES: 6
** Event #484864   t=2527.753173268639   Elapsed: 2527.7s (42m 07s)  40% completed  (40% total)
     Speed:     ev/sec=303.007   simsec/sec=0.999944   ev/simsec=303.024
     Messages:  created: 60513   present: 21   in FES: 7
** Event #485632   t=2530.394326301467   Elapsed: 2530.34s (42m 10s)  40% completed  (40% total)
     Speed:     ev/sec=290.811   simsec/sec=1.0001   ev/simsec=290.782
     Messages:  created: 60605   present: 10   in FES: 7
** Event #486144   t=2532.468112115612   Elapsed: 2532.42s (42m 12s)  40% completed  (40% total)
     Speed:     ev/sec=246.88   simsec/sec=0.999952   ev/simsec=246.891
     Messages:  created: 60668   present: 8   in FES: 5
** Event #486656   t=2534.590129797419   Elapsed: 2534.54s (42m 14s)  40% completed  (40% total)
     Speed:     ev/sec=241.291   simsec/sec=1.00005   ev/simsec=241.28
     Messages:  created: 60732   present: 8   in FES: 5
** Event #487168   t=2536.691013136555   Elapsed: 2536.64s (42m 16s)  40% completed  (40% total)
     Speed:     ev/sec=243.698   simsec/sec=0.999963   ev/simsec=243.707
     Messages:  created: 60797   present: 10   in FES: 7
** Event #487680   t=2539.316224362115   Elapsed: 2539.27s (42m 19s)  40% completed  (40% total)
     Speed:     ev/sec=195.03   simsec/sec=0.999989   ev/simsec=195.032
     Messages:  created: 60861   present: 10   in FES: 6
** Event #488192   t=2541.787639267432   Elapsed: 2541.74s (42m 21s)  40% completed  (40% total)
     Speed:     ev/sec=207.169   simsec/sec=0.999999   ev/simsec=207.169
     Messages:  created: 60924   present: 9   in FES: 6
** Event #489216   t=2544.30776163111   Elapsed: 2544.26s (42m 24s)  40% completed  (40% total)
     Speed:     ev/sec=406.322   simsec/sec=0.999981   ev/simsec=406.329
     Messages:  created: 61053   present: 11   in FES: 7
** Event #489984   t=2547.028950758818   Elapsed: 2546.99s (42m 26s)  40% completed  (40% total)
     Speed:     ev/sec=280.784   simsec/sec=0.994876   ev/simsec=282.23
     Messages:  created: 61148   present: 12   in FES: 6
** Event #491008   t=2549.359989269762   Elapsed: 2549.31s (42m 29s)  40% completed  (40% total)
     Speed:     ev/sec=440.945   simsec/sec=1.00377   ev/simsec=439.289
     Messages:  created: 61276   present: 12   in FES: 6
** Event #492032   t=2551.890889955612   Elapsed: 2551.84s (42m 31s)  40% completed  (40% total)
     Speed:     ev/sec=405.411   simsec/sec=1.00201   ev/simsec=404.599
     Messages:  created: 61412   present: 34   in FES: 7
** Event #492800   t=2553.890774770507   Elapsed: 2553.84s (42m 33s)  40% completed  (40% total)
     Speed:     ev/sec=383.903   simsec/sec=0.999689   ev/simsec=384.022
     Messages:  created: 61506   present: 28   in FES: 6
** Event #493568   t=2556.624548096111   Elapsed: 2556.57s (42m 36s)  40% completed  (40% total)
     Speed:     ev/sec=280.996   simsec/sec=1.00023   ev/simsec=280.93
     Messages:  created: 61595   present: 10   in FES: 6
** Event #494080   t=2559.288829208613   Elapsed: 2559.25s (42m 39s)  40% completed  (40% total)
     Speed:     ev/sec=191.157   simsec/sec=0.994717   ev/simsec=192.172
     Messages:  created: 61660   present: 12   in FES: 6
** Event #495616   t=2561.529758206786   Elapsed: 2561.48s (42m 41s)  40% completed  (40% total)
     Speed:     ev/sec=689.833   simsec/sec=1.00642   ev/simsec=685.43
     Messages:  created: 61896   present: 130   in FES: 7
** Event #496384   t=2563.530543881544   Elapsed: 2563.48s (42m 43s)  40% completed  (40% total)
     Speed:     ev/sec=383.831   simsec/sec=0.999954   ev/simsec=383.849
     Messages:  created: 61985   present: 111   in FES: 7
** Event #497408   t=2566.977808513161   Elapsed: 2566.93s (42m 46s)  40% completed  (40% total)
     Speed:     ev/sec=297.047   simsec/sec=1   ev/simsec=297.047
     Messages:  created: 62075   present: 8   in FES: 5
** Event #497920   t=2569.1178928313   Elapsed: 2569.07s (42m 49s)  40% completed  (40% total)
     Speed:     ev/sec=239.26   simsec/sec=1.00007   ev/simsec=239.243
     Messages:  created: 62139   present: 9   in FES: 6
** Event #498432   t=2571.804664105208   Elapsed: 2571.77s (42m 51s)  40% completed  (40% total)
     Speed:     ev/sec=189.697   simsec/sec=0.995455   ev/simsec=190.563
     Messages:  created: 62204   present: 12   in FES: 6
** Event #498944   t=2574.593097225624   Elapsed: 2574.54s (42m 54s)  40% completed  (40% total)
     Speed:     ev/sec=184.434   simsec/sec=1.00446   ev/simsec=183.616
     Messages:  created: 62267   present: 10   in FES: 6
** Event #499456   t=2577.105122528239   Elapsed: 2577.05s (42m 57s)  40% completed  (40% total)
     Speed:     ev/sec=203.794   simsec/sec=0.999872   ev/simsec=203.82
     Messages:  created: 62329   present: 8   in FES: 5
** Event #499968   t=2579.110524988637   Elapsed: 2579.06s (42m 59s)  40% completed  (40% total)
     Speed:     ev/sec=255.32   simsec/sec=1.00004   ev/simsec=255.31
     Messages:  created: 62396   present: 14   in FES: 7
** Event #500736   t=2581.987814134252   Elapsed: 2581.94s (43m 01s)  40% completed  (40% total)
     Speed:     ev/sec=266.923   simsec/sec=1.00002   ev/simsec=266.918
     Messages:  created: 62489   present: 9   in FES: 6
** Event #501248   t=2584.092744388399   Elapsed: 2584.04s (43m 04s)  41% completed  (41% total)
     Speed:     ev/sec=243.252   simsec/sec=1.00006   ev/simsec=243.238
     Messages:  created: 62553   present: 9   in FES: 6
** Event #502016   t=2586.697833107383   Elapsed: 2586.66s (43m 06s)  41% completed  (41% total)
     Speed:     ev/sec=293.604   simsec/sec=0.995918   ev/simsec=294.808
     Messages:  created: 62651   present: 14   in FES: 6
** Event #502528   t=2589.108538429539   Elapsed: 2589.06s (43m 09s)  41% completed  (41% total)
     Speed:     ev/sec=213.315   simsec/sec=1.00437   ev/simsec=212.386
     Messages:  created: 62713   present: 9   in FES: 6
** Event #503296   t=2591.326833914845   Elapsed: 2591.28s (43m 11s)  41% completed  (41% total)
     Speed:     ev/sec=346.065   simsec/sec=0.999577   ev/simsec=346.212
     Messages:  created: 62811   present: 14   in FES: 6
** Event #504064   t=2593.519761399217   Elapsed: 2593.47s (43m 13s)  41% completed  (41% total)
     Speed:     ev/sec=350.372   simsec/sec=1.00044   ev/simsec=350.217
     Messages:  created: 62905   present: 9   in FES: 6
** Event #504576   t=2595.873566751912   Elapsed: 2595.82s (43m 15s)  41% completed  (41% total)
     Speed:     ev/sec=217.518   simsec/sec=0.999993   ev/simsec=217.52
     Messages:  created: 62969   present: 8   in FES: 5
** Event #505344   t=2598.472836518461   Elapsed: 2598.42s (43m 18s)  41% completed  (41% total)
     Speed:     ev/sec=295.465   simsec/sec=0.99999   ev/simsec=295.468
     Messages:  created: 63065   present: 8   in FES: 5
** Event #506112   t=2600.636943197213   Elapsed: 2600.59s (43m 20s)  41% completed  (41% total)
     Speed:     ev/sec=354.917   simsec/sec=1.0001   ev/simsec=354.881
     Messages:  created: 63161   present: 8   in FES: 5
** Event #506880   t=2603.191386131399   Elapsed: 2603.14s (43m 23s)  41% completed  (41% total)
     Speed:     ev/sec=300.641   simsec/sec=0.999961   ev/simsec=300.653
     Messages:  created: 63257   present: 9   in FES: 6
** Event #507904   t=2605.934317653471   Elapsed: 2605.88s (43m 25s)  41% completed  (41% total)
     Speed:     ev/sec=373.302   simsec/sec=0.999943   ev/simsec=373.323
     Messages:  created: 63384   present: 9   in FES: 6
** Event #508160   t=2607.950235801544   Elapsed: 2607.9s (43m 27s)  41% completed  (41% total)
     Speed:     ev/sec=127.002   simsec/sec=1.0001   ev/simsec=126.989
     Messages:  created: 63416   present: 9   in FES: 6
** Event #508928   t=2610.206715730422   Elapsed: 2610.16s (43m 30s)  41% completed  (41% total)
     Speed:     ev/sec=340.348   simsec/sec=0.999986   ev/simsec=340.353
     Messages:  created: 63512   present: 10   in FES: 6
** Event #509952   t=2612.238468714195   Elapsed: 2612.19s (43m 32s)  41% completed  (41% total)
     Speed:     ev/sec=503.982   simsec/sec=0.999968   ev/simsec=503.998
     Messages:  created: 63645   present: 23   in FES: 7
** Event #510720   t=2614.393121165374   Elapsed: 2614.34s (43m 34s)  41% completed  (41% total)
     Speed:     ev/sec=356.449   simsec/sec=1.00003   ev/simsec=356.438
     Messages:  created: 63736   present: 8   in FES: 5
** Event #511232   t=2616.524157531766   Elapsed: 2616.49s (43m 36s)  41% completed  (41% total)
     Speed:     ev/sec=238.009   simsec/sec=0.990638   ev/simsec=240.259
     Messages:  created: 63801   present: 12   in FES: 6
** Event #512256   t=2618.877943217242   Elapsed: 2618.83s (43m 38s)  41% completed  (41% total)
     Speed:     ev/sec=438.785   simsec/sec=1.0086   ev/simsec=435.044
     Messages:  created: 63933   present: 23   in FES: 7
** Event #513024   t=2621.326774184685   Elapsed: 2621.28s (43m 41s)  41% completed  (41% total)
     Speed:     ev/sec=313.617   simsec/sec=0.999992   ev/simsec=313.619
     Messages:  created: 64024   present: 8   in FES: 5
** Event #514048   t=2623.885705812119   Elapsed: 2623.83s (43m 43s)  41% completed  (41% total)
     Speed:     ev/sec=400.193   simsec/sec=1.00007   ev/simsec=400.167
     Messages:  created: 64152   present: 8   in FES: 5
** Event #514560   t=2625.903480986471   Elapsed: 2625.85s (43m 45s)  41% completed  (41% total)
     Speed:     ev/sec=253.745   simsec/sec=1   ev/simsec=253.745
     Messages:  created: 64216   present: 8   in FES: 5
** Event #515584   t=2628.161459678944   Elapsed: 2628.11s (43m 48s)  41% completed  (41% total)
     Speed:     ev/sec=453.476   simsec/sec=0.999941   ev/simsec=453.503
     Messages:  created: 64350   present: 24   in FES: 7
** Event #516352   t=2630.713022596141   Elapsed: 2630.66s (43m 50s)  41% completed  (41% total)
     Speed:     ev/sec=300.982   simsec/sec=0.999967   ev/simsec=300.992
     Messages:  created: 64440   present: 8   in FES: 5
** Event #517120   t=2633.7009069619   Elapsed: 2633.65s (43m 53s)  41% completed  (41% total)
     Speed:     ev/sec=257.038   simsec/sec=0.999999   ev/simsec=257.038
     Messages:  created: 64536   present: 9   in FES: 6
** Event #517888   t=2636.37385699838   Elapsed: 2636.32s (43m 56s)  41% completed  (41% total)
     Speed:     ev/sec=287.319   simsec/sec=0.999985   ev/simsec=287.323
     Messages:  created: 64630   present: 8   in FES: 5
** Event #518400   t=2638.813459917327   Elapsed: 2638.77s (43m 58s)  41% completed  (41% total)
     Speed:     ev/sec=209.424   simsec/sec=0.997875   ev/simsec=209.87
     Messages:  created: 64695   present: 10   in FES: 6
** Event #519168   t=2641.163507620238   Elapsed: 2641.11s (44m 01s)  41% completed  (41% total)
     Speed:     ev/sec=327.546   simsec/sec=1.00228   ev/simsec=326.802
     Messages:  created: 64791   present: 10   in FES: 7
** Event #520192   t=2643.615546432137   Elapsed: 2643.56s (44m 03s)  41% completed  (41% total)
     Speed:     ev/sec=417.638   simsec/sec=1.00006   ev/simsec=417.612
     Messages:  created: 64918   present: 8   in FES: 5
** Event #520960   t=2646.243754634329   Elapsed: 2646.2s (44m 06s)  42% completed  (42% total)
     Speed:     ev/sec=291.506   simsec/sec=0.997575   ev/simsec=292.214
     Messages:  created: 65015   present: 11   in FES: 6
** Event #521728   t=2648.460836941499   Elapsed: 2648.41s (44m 08s)  42% completed  (42% total)
     Speed:     ev/sec=347.385   simsec/sec=1.00284   ev/simsec=346.401
     Messages:  created: 65112   present: 14   in FES: 7
** Event #522496   t=2651.153124816476   Elapsed: 2651.1s (44m 11s)  42% completed  (42% total)
     Speed:     ev/sec=285.248   simsec/sec=0.999962   ev/simsec=285.259
     Messages:  created: 65207   present: 10   in FES: 7
** Event #523008   t=2653.33847534421   Elapsed: 2653.29s (44m 13s)  42% completed  (42% total)
     Speed:     ev/sec=234.287   simsec/sec=0.999997   ev/simsec=234.287
     Messages:  created: 65270   present: 8   in FES: 5
** Event #523776   t=2655.902460688808   Elapsed: 2655.85s (44m 15s)  42% completed  (42% total)
     Speed:     ev/sec=299.539   simsec/sec=1.00002   ev/simsec=299.534
     Messages:  created: 65366   present: 9   in FES: 6
** Event #524032   t=2658.161387781394   Elapsed: 2658.11s (44m 18s)  42% completed  (42% total)
     Speed:     ev/sec=113.33   simsec/sec=1.00001   ev/simsec=113.328
     Messages:  created: 65398   present: 9   in FES: 6
** Event #524800   t=2660.694898197565   Elapsed: 2660.64s (44m 20s)  42% completed  (42% total)
     Speed:     ev/sec=303.128   simsec/sec=0.999973   ev/simsec=303.137
     Messages:  created: 65494   present: 9   in FES: 6
** Event #525568   t=2663.563710032316   Elapsed: 2663.51s (44m 23s)  42% completed  (42% total)
     Speed:     ev/sec=267.703   simsec/sec=0.999987   ev/simsec=267.707
     Messages:  created: 65591   present: 10   in FES: 7
** Event #526592   t=2666.185926244401   Elapsed: 2666.14s (44m 26s)  42% completed  (42% total)
     Speed:     ev/sec=390.43   simsec/sec=0.999797   ev/simsec=390.509
     Messages:  created: 65720   present: 17   in FES: 6
** Event #527360   t=2668.333591750055   Elapsed: 2668.28s (44m 28s)  42% completed  (42% total)
     Speed:     ev/sec=357.736   simsec/sec=1.00039   ev/simsec=357.598
     Messages:  created: 65814   present: 11   in FES: 6
** Event #528384   t=2671.244032603075   Elapsed: 2671.19s (44m 31s)  42% completed  (42% total)
     Speed:     ev/sec=351.831   simsec/sec=0.999984   ev/simsec=351.837
     Messages:  created: 65942   present: 11   in FES: 6
** Event #529152   t=2673.559949708909   Elapsed: 2673.55s (44m 33s)  42% completed  (42% total)
     Speed:     ev/sec=326.41   simsec/sec=0.984295   ev/simsec=331.618
     Messages:  created: 66037   present: 9   in FES: 5
** Event #530176   t=2675.888189917701   Elapsed: 2675.84s (44m 35s)  42% completed  (42% total)
     Speed:     ev/sec=445.874   simsec/sec=1.01377   ev/simsec=439.817
     Messages:  created: 66165   present: 9   in FES: 6
** Event #530944   t=2678.452762751706   Elapsed: 2678.41s (44m 38s)  42% completed  (42% total)
     Speed:     ev/sec=299.363   simsec/sec=0.99966   ev/simsec=299.465
     Messages:  created: 66261   present: 9   in FES: 6
** Event #531456   t=2680.915821080801   Elapsed: 2680.87s (44m 40s)  42% completed  (42% total)
     Speed:     ev/sec=208.363   simsec/sec=1.00236   ev/simsec=207.872
     Messages:  created: 66325   present: 9   in FES: 6
** Event #532224   t=2683.246301160026   Elapsed: 2683.25s (44m 43s)  42% completed  (42% total)
     Speed:     ev/sec=322.416   simsec/sec=0.978365   ev/simsec=329.546
     Messages:  created: 66421   present: 9   in FES: 6
** Event #532736   t=2686.294118903121   Elapsed: 2686.25s (44m 46s)  42% completed  (42% total)
     Speed:     ev/sec=170.386   simsec/sec=1.01427   ev/simsec=167.989
     Messages:  created: 66485   present: 9   in FES: 6
** Event #533504   t=2688.632407788301   Elapsed: 2688.58s (44m 48s)  42% completed  (42% total)
     Speed:     ev/sec=329.683   simsec/sec=1.00377   ev/simsec=328.445
     Messages:  created: 66583   present: 15   in FES: 7
** Event #534272   t=2691.184652133411   Elapsed: 2691.13s (44m 51s)  42% completed  (42% total)
     Speed:     ev/sec=300.934   simsec/sec=1.00007   ev/simsec=300.912
     Messages:  created: 66677   present: 8   in FES: 5
** Event #535040   t=2693.363481655553   Elapsed: 2693.33s (44m 53s)  42% completed  (42% total)
     Speed:     ev/sec=350.052   simsec/sec=0.993104   ev/simsec=352.483
     Messages:  created: 66773   present: 9   in FES: 5
** Event #536064   t=2695.723703517957   Elapsed: 2695.68s (44m 55s)  42% completed  (42% total)
     Speed:     ev/sec=435.792   simsec/sec=1.00446   ev/simsec=433.858
     Messages:  created: 66902   present: 15   in FES: 6
** Event #537344   t=2698.124762895339   Elapsed: 2698.07s (44m 58s)  42% completed  (42% total)
     Speed:     ev/sec=534.095   simsec/sec=1.00187   ev/simsec=533.098
     Messages:  created: 67064   present: 20   in FES: 7
** Event #538368   t=2700.590149507615   Elapsed: 2700.55s (45m 00s)  42% completed  (42% total)
     Speed:     ev/sec=413.116   simsec/sec=0.99462   ev/simsec=415.351
     Messages:  created: 67187   present: 8   in FES: 5
** Event #539392   t=2703.072020806624   Elapsed: 2703.03s (45m 03s)  42% completed  (42% total)
     Speed:     ev/sec=412.625   simsec/sec=1.00008   ev/simsec=412.592
     Messages:  created: 67315   present: 8   in FES: 5
** Event #540672   t=2705.182769482292   Elapsed: 2705.13s (45m 05s)  42% completed  (42% total)
     Speed:     ev/sec=610.233   simsec/sec=1.00629   ev/simsec=606.42
     Messages:  created: 67494   present: 59   in FES: 7
** Event #541696   t=2707.420202583703   Elapsed: 2707.37s (45m 07s)  42% completed  (42% total)
     Speed:     ev/sec=457.333   simsec/sec=0.999268   ev/simsec=457.667
     Messages:  created: 67627   present: 72   in FES: 6
** Event #542720   t=2709.667317134846   Elapsed: 2709.62s (45m 09s)  43% completed  (43% total)
     Speed:     ev/sec=456.01   simsec/sec=1.00069   ev/simsec=455.696
     Messages:  created: 67749   present: 55   in FES: 7
** Event #543744   t=2711.634482258225   Elapsed: 2711.62s (45m 11s)  43% completed  (43% total)
     Speed:     ev/sec=511.067   simsec/sec=0.981791   ev/simsec=520.546
     Messages:  created: 67883   present: 72   in FES: 6
** Event #544512   t=2713.768094159184   Elapsed: 2713.75s (45m 13s)  43% completed  (43% total)
     Speed:     ev/sec=360.951   simsec/sec=1.00277   ev/simsec=359.953
     Messages:  created: 67955   present: 8   in FES: 5
** Event #545280   t=2715.924221300478   Elapsed: 2715.87s (45m 15s)  43% completed  (43% total)
     Speed:     ev/sec=361.335   simsec/sec=1.01443   ev/simsec=356.194
     Messages:  created: 68051   present: 8   in FES: 5
** Event #546048   t=2718.02283440763   Elapsed: 2717.98s (45m 17s)  43% completed  (43% total)
     Speed:     ev/sec=365.224   simsec/sec=0.997999   ev/simsec=365.956
     Messages:  created: 68150   present: 16   in FES: 6
** Event #547072   t=2720.278647587144   Elapsed: 2720.23s (45m 20s)  43% completed  (43% total)
     Speed:     ev/sec=454.326   simsec/sec=1.00085   ev/simsec=453.938
     Messages:  created: 68278   present: 16   in FES: 6
** Event #548096   t=2722.413316627078   Elapsed: 2722.37s (45m 22s)  43% completed  (43% total)
     Speed:     ev/sec=478.515   simsec/sec=0.997531   ev/simsec=479.7
     Messages:  created: 68412   present: 32   in FES: 6
** Event #549376   t=2724.843208202121   Elapsed: 2724.81s (45m 24s)  43% completed  (43% total)
     Speed:     ev/sec=525.614   simsec/sec=0.997802   ev/simsec=526.772
     Messages:  created: 68572   present: 32   in FES: 6
** Event #550400   t=2727.011806490774   Elapsed: 2726.97s (45m 26s)  43% completed  (43% total)
     Speed:     ev/sec=472.357   simsec/sec=1.00034   ev/simsec=472.194
     Messages:  created: 68698   present: 30   in FES: 6
** Event #551680   t=2729.403939731945   Elapsed: 2729.35s (45m 29s)  43% completed  (43% total)
     Speed:     ev/sec=537.811   simsec/sec=1.00509   ev/simsec=535.087
     Messages:  created: 68863   present: 44   in FES: 7
** Event #552448   t=2731.697839875813   Elapsed: 2731.65s (45m 31s)  43% completed  (43% total)
     Speed:     ev/sec=334.848   simsec/sec=1.00014   ev/simsec=334.801
     Messages:  created: 68946   present: 9   in FES: 6
** Event #553472   t=2734.144336429134   Elapsed: 2734.11s (45m 34s)  43% completed  (43% total)
     Speed:     ev/sec=415.697   simsec/sec=0.993165   ev/simsec=418.558
     Messages:  created: 69094   present: 62   in FES: 6
** Event #554496   t=2736.516463830149   Elapsed: 2736.47s (45m 36s)  43% completed  (43% total)
     Speed:     ev/sec=434.757   simsec/sec=1.00713   ev/simsec=431.68
     Messages:  created: 69209   present: 28   in FES: 7
** Event #555520   t=2739.146469028354   Elapsed: 2739.1s (45m 39s)  43% completed  (43% total)
     Speed:     ev/sec=389.319   simsec/sec=0.999913   ev/simsec=389.353
     Messages:  created: 69330   present: 8   in FES: 5
** Event #556288   t=2741.250653254973   Elapsed: 2741.2s (45m 41s)  43% completed  (43% total)
     Speed:     ev/sec=365.03   simsec/sec=1.00012   ev/simsec=364.987
     Messages:  created: 69427   present: 11   in FES: 7
** Event #556800   t=2743.924034938701   Elapsed: 2743.87s (45m 43s)  43% completed  (43% total)
     Speed:     ev/sec=191.499   simsec/sec=0.999903   ev/simsec=191.518
     Messages:  created: 69491   present: 12   in FES: 6
** Event #557568   t=2746.882847465229   Elapsed: 2746.83s (45m 46s)  43% completed  (43% total)
     Speed:     ev/sec=259.581   simsec/sec=1.00007   ev/simsec=259.564
     Messages:  created: 69587   present: 10   in FES: 6
** Event #558336   t=2749.224874783275   Elapsed: 2749.17s (45m 49s)  43% completed  (43% total)
     Speed:     ev/sec=327.892   simsec/sec=0.99991   ev/simsec=327.921
     Messages:  created: 69682   present: 8   in FES: 5
** Event #559104   t=2751.541224003322   Elapsed: 2751.49s (45m 51s)  43% completed  (43% total)
     Speed:     ev/sec=331.563   simsec/sec=1.00002   ev/simsec=331.556
     Messages:  created: 69779   present: 10   in FES: 6
** Event #559872   t=2753.584462261554   Elapsed: 2753.54s (45m 53s)  43% completed  (43% total)
     Speed:     ev/sec=375.216   simsec/sec=0.99825   ev/simsec=375.874
     Messages:  created: 69879   present: 22   in FES: 6
** Event #560896   t=2755.975173143228   Elapsed: 2755.92s (45m 55s)  43% completed  (43% total)
     Speed:     ev/sec=428.937   simsec/sec=1.00143   ev/simsec=428.324
     Messages:  created: 70001   present: 10   in FES: 6
** Event #561664   t=2758.107800769433   Elapsed: 2758.06s (45m 58s)  43% completed  (43% total)
     Speed:     ev/sec=359.088   simsec/sec=0.997138   ev/simsec=360.119
     Messages:  created: 70098   present: 12   in FES: 6
** Event #562432   t=2760.966276163701   Elapsed: 2760.92s (46m 00s)  43% completed  (43% total)
     Speed:     ev/sec=269.274   simsec/sec=1.00223   ev/simsec=268.675
     Messages:  created: 70193   present: 11   in FES: 7
** Event #563200   t=2763.109617743245   Elapsed: 2763.06s (46m 03s)  43% completed  (43% total)
     Speed:     ev/sec=357.907   simsec/sec=0.998849   ev/simsec=358.319
     Messages:  created: 70296   present: 29   in FES: 6
** Event #564480   t=2765.308586130616   Elapsed: 2765.26s (46m 05s)  43% completed  (43% total)
     Speed:     ev/sec=582.735   simsec/sec=1.00111   ev/simsec=582.091
     Messages:  created: 70454   present: 23   in FES: 6
** Event #565248   t=2767.423783363861   Elapsed: 2767.37s (46m 07s)  43% completed  (43% total)
     Speed:     ev/sec=363.104   simsec/sec=1.00005   ev/simsec=363.087
     Messages:  created: 70548   present: 17   in FES: 7
** Event #566272   t=2770.148240678405   Elapsed: 2770.1s (46m 10s)  43% completed  (43% total)
     Speed:     ev/sec=375.844   simsec/sec=0.99997   ev/simsec=375.855
     Messages:  created: 70673   present: 9   in FES: 6
** Event #567296   t=2772.333797643859   Elapsed: 2772.29s (46m 12s)  44% completed  (44% total)
     Speed:     ev/sec=466.827   simsec/sec=0.996363   ev/simsec=468.53
     Messages:  created: 70817   present: 53   in FES: 6
** Event #568320   t=2774.625118003719   Elapsed: 2774.57s (46m 14s)  44% completed  (44% total)
     Speed:     ev/sec=448.467   simsec/sec=1.0035   ev/simsec=446.904
     Messages:  created: 70947   present: 58   in FES: 7
** Event #569088   t=2776.727023810296   Elapsed: 2776.68s (46m 16s)  44% completed  (44% total)
     Speed:     ev/sec=365.394   simsec/sec=1.00003   ev/simsec=365.383
     Messages:  created: 71024   present: 8   in FES: 5
** Event #569600   t=2779.016719681779   Elapsed: 2778.97s (46m 18s)  44% completed  (44% total)
     Speed:     ev/sec=223.62   simsec/sec=1.00004   ev/simsec=223.61
     Messages:  created: 71089   present: 10   in FES: 6
** Event #570880   t=2781.207608146871   Elapsed: 2781.17s (46m 21s)  44% completed  (44% total)
     Speed:     ev/sec=581.517   simsec/sec=0.995343   ev/simsec=584.238
     Messages:  created: 71262   present: 45   in FES: 6
** Event #571904   t=2783.470056863621   Elapsed: 2783.42s (46m 23s)  44% completed  (44% total)
     Speed:     ev/sec=454.647   simsec/sec=1.00451   ev/simsec=452.607
     Messages:  created: 71383   present: 25   in FES: 7
** Event #572672   t=2785.505367469827   Elapsed: 2785.46s (46m 25s)  44% completed  (44% total)
     Speed:     ev/sec=376.209   simsec/sec=0.997008   ev/simsec=377.338
     Messages:  created: 71474   present: 13   in FES: 6
** Event #573440   t=2787.819899993333   Elapsed: 2787.77s (46m 27s)  44% completed  (44% total)
     Speed:     ev/sec=332.705   simsec/sec=1.00268   ev/simsec=331.816
     Messages:  created: 71567   present: 8   in FES: 5
** Event #574208   t=2790.411128913206   Elapsed: 2790.36s (46m 30s)  44% completed  (44% total)
     Speed:     ev/sec=296.35   simsec/sec=0.999883   ev/simsec=296.384
     Messages:  created: 71663   present: 8   in FES: 5
** Event #574976   t=2793.161892817874   Elapsed: 2793.14s (46m 33s)  44% completed  (44% total)
     Speed:     ev/sec=276.634   simsec/sec=0.990826   ev/simsec=279.195
     Messages:  created: 71760   present: 11   in FES: 6
** Event #576000   t=2795.554727418325   Elapsed: 2795.5s (46m 35s)  44% completed  (44% total)
     Speed:     ev/sec=432.588   simsec/sec=1.01085   ev/simsec=427.944
     Messages:  created: 71890   present: 15   in FES: 6
** Event #576768   t=2797.598049827252   Elapsed: 2797.55s (46m 37s)  44% completed  (44% total)
     Speed:     ev/sec=375.855   simsec/sec=0.999992   ev/simsec=375.858
     Messages:  created: 71996   present: 42   in FES: 7
** Event #577792   t=2799.654391243548   Elapsed: 2799.6s (46m 39s)  44% completed  (44% total)
     Speed:     ev/sec=497.953   simsec/sec=0.999963   ev/simsec=497.972
     Messages:  created: 72122   present: 38   in FES: 7
** Event #579072   t=2802.338351265768   Elapsed: 2802.29s (46m 42s)  44% completed  (44% total)
     Speed:     ev/sec=476.91   simsec/sec=1.00001   ev/simsec=476.907
     Messages:  created: 72274   present: 16   in FES: 6
** Event #579840   t=2804.463203681375   Elapsed: 2804.41s (46m 44s)  44% completed  (44% total)
     Speed:     ev/sec=361.447   simsec/sec=1.00003   ev/simsec=361.437
     Messages:  created: 72370   present: 16   in FES: 7
** Event #580864   t=2806.804713734692   Elapsed: 2806.75s (46m 46s)  44% completed  (44% total)
     Speed:     ev/sec=437.348   simsec/sec=1.00005   ev/simsec=437.325
     Messages:  created: 72500   present: 21   in FES: 7
** Event #582144   t=2809.230490409174   Elapsed: 2809.19s (46m 49s)  44% completed  (44% total)
     Speed:     ev/sec=525.494   simsec/sec=0.995883   ev/simsec=527.666
     Messages:  created: 72662   present: 27   in FES: 6
** Event #583168   t=2811.570174137615   Elapsed: 2811.52s (46m 51s)  44% completed  (44% total)
     Speed:     ev/sec=439.488   simsec/sec=1.00416   ev/simsec=437.666
     Messages:  created: 72784   present: 10   in FES: 6
** Event #584192   t=2813.992740695195   Elapsed: 2813.95s (46m 53s)  44% completed  (44% total)
     Speed:     ev/sec=421.63   simsec/sec=0.997487   ev/simsec=422.692
     Messages:  created: 72915   present: 19   in FES: 6
** Event #584960   t=2816.369373060255   Elapsed: 2816.32s (46m 56s)  44% completed  (44% total)
     Speed:     ev/sec=323.981   simsec/sec=1.00258   ev/simsec=323.146
     Messages:  created: 73007   present: 12   in FES: 7
** Event #585984   t=2818.467593577056   Elapsed: 2818.42s (46m 58s)  44% completed  (44% total)
     Speed:     ev/sec=488.071   simsec/sec=1.00008   ev/simsec=488.033
     Messages:  created: 73139   present: 23   in FES: 6
** Event #587264   t=2820.984383031906   Elapsed: 2820.93s (47m 00s)  44% completed  (44% total)
     Speed:     ev/sec=508.583   simsec/sec=0.999997   ev/simsec=508.584
     Messages:  created: 73298   present: 21   in FES: 7
** Event #588544   t=2823.491837589341   Elapsed: 2823.44s (47m 03s)  44% completed  (44% total)
     Speed:     ev/sec=510.495   simsec/sec=1.00003   ev/simsec=510.478
     Messages:  created: 73456   present: 15   in FES: 7
** Event #589312   t=2826.467599238823   Elapsed: 2826.42s (47m 06s)  44% completed  (44% total)
     Speed:     ev/sec=258.056   simsec/sec=0.999888   ev/simsec=258.085
     Messages:  created: 73550   present: 9   in FES: 6
** Event #590080   t=2829.12276348526   Elapsed: 2829.07s (47m 09s)  44% completed  (44% total)
     Speed:     ev/sec=289.278   simsec/sec=1.0001   ev/simsec=289.248
     Messages:  created: 73645   present: 8   in FES: 5
** Event #590592   t=2831.79579875447   Elapsed: 2831.75s (47m 11s)  44% completed  (44% total)
     Speed:     ev/sec=191.54   simsec/sec=0.999986   ev/simsec=191.543
     Messages:  created: 73710   present: 9   in FES: 6
** Event #591360   t=2834.571984299725   Elapsed: 2834.52s (47m 14s)  44% completed  (44% total)
     Speed:     ev/sec=276.627   simsec/sec=0.999957   ev/simsec=276.639
     Messages:  created: 73805   present: 8   in FES: 5
** Event #592128   t=2836.730991579809   Elapsed: 2836.68s (47m 16s)  45% completed  (45% total)
     Speed:     ev/sec=355.716   simsec/sec=0.999993   ev/simsec=355.719
     Messages:  created: 73903   present: 12   in FES: 7
** Event #592896   t=2838.771369987731   Elapsed: 2838.72s (47m 18s)  45% completed  (45% total)
     Speed:     ev/sec=376.382   simsec/sec=0.999949   ev/simsec=376.401
     Messages:  created: 73997   present: 8   in FES: 5
** Event #593920   t=2841.391632268068   Elapsed: 2841.34s (47m 21s)  45% completed  (45% total)
     Speed:     ev/sec=390.292   simsec/sec=0.998698   ev/simsec=390.801
     Messages:  created: 74126   present: 10   in FES: 6
** Event #594688   t=2843.958421116154   Elapsed: 2843.92s (47m 23s)  45% completed  (45% total)
     Speed:     ev/sec=298.456   simsec/sec=0.997491   ev/simsec=299.207
     Messages:  created: 74222   present: 10   in FES: 6
** Event #595712   t=2846.042703906839   Elapsed: 2846.01s (47m 26s)  45% completed  (45% total)
     Speed:     ev/sec=489.784   simsec/sec=0.996922   ev/simsec=491.296
     Messages:  created: 74351   present: 16   in FES: 6
** Event #596736   t=2848.447575687119   Elapsed: 2848.4s (47m 28s)  45% completed  (45% total)
     Speed:     ev/sec=427.585   simsec/sec=1.00419   ev/simsec=425.802
     Messages:  created: 74479   present: 16   in FES: 5
** Event #597504   t=2850.55840307633   Elapsed: 2850.53s (47m 30s)  45% completed  (45% total)
     Speed:     ev/sec=361.801   simsec/sec=0.9944   ev/simsec=363.838
     Messages:  created: 74572   present: 8   in FES: 5
** Event #598528   t=2852.860810574188   Elapsed: 2852.81s (47m 32s)  45% completed  (45% total)
     Speed:     ev/sec=448.111   simsec/sec=1.00755   ev/simsec=444.752
     Messages:  created: 74715   present: 48   in FES: 6
** Event #599808   t=2855.324546150831   Elapsed: 2855.29s (47m 35s)  45% completed  (45% total)
     Speed:     ev/sec=516.019   simsec/sec=0.99323   ev/simsec=519.536
     Messages:  created: 74884   present: 72   in FES: 6
** Event #600832   t=2857.471134236672   Elapsed: 2857.42s (47m 37s)  45% completed  (45% total)
     Speed:     ev/sec=481.025   simsec/sec=1.00836   ev/simsec=477.036
     Messages:  created: 75008   present: 62   in FES: 7
** Event #602112   t=2859.568932911632   Elapsed: 2859.52s (47m 39s)  45% completed  (45% total)
     Speed:     ev/sec=609.204   simsec/sec=0.998427   ev/simsec=610.163
     Messages:  created: 75193   present: 128   in FES: 6
** Event #602880   t=2861.646459255247   Elapsed: 2861.61s (47m 41s)  45% completed  (45% total)
     Speed:     ev/sec=368.6   simsec/sec=0.997104   ev/simsec=369.67
     Messages:  created: 75265   present: 64   in FES: 6
** Event #603648   t=2863.928632538692   Elapsed: 2863.89s (47m 43s)  45% completed  (45% total)
     Speed:     ev/sec=336.781   simsec/sec=1.00077   ev/simsec=336.521
     Messages:  created: 75340   present: 8   in FES: 5
** Event #604416   t=2866.200733844156   Elapsed: 2866.15s (47m 46s)  45% completed  (45% total)
     Speed:     ev/sec=339.165   simsec/sec=1.00341   ev/simsec=338.013
     Messages:  created: 75437   present: 11   in FES: 6
** Event #604928   t=2868.409898103633   Elapsed: 2868.37s (47m 48s)  45% completed  (45% total)
     Speed:     ev/sec=230.138   simsec/sec=0.992995   ev/simsec=231.762
     Messages:  created: 75500   present: 8   in FES: 5
** Event #605952   t=2870.830217561226   Elapsed: 2870.78s (47m 50s)  45% completed  (45% total)
     Speed:     ev/sec=425.792   simsec/sec=1.0064   ev/simsec=423.085
     Messages:  created: 75631   present: 15   in FES: 7
** Event #606720   t=2873.308173102373   Elapsed: 2873.26s (47m 53s)  45% completed  (45% total)
     Speed:     ev/sec=309.983   simsec/sec=1.00016   ev/simsec=309.933
     Messages:  created: 75726   present: 13   in FES: 7
** Event #607488   t=2875.583006133315   Elapsed: 2875.53s (47m 55s)  45% completed  (45% total)
     Speed:     ev/sec=337.563   simsec/sec=0.999868   ev/simsec=337.607
     Messages:  created: 75824   present: 19   in FES: 7
** Event #608256   t=2878.377409682761   Elapsed: 2878.33s (47m 58s)  45% completed  (45% total)
     Speed:     ev/sec=274.822   simsec/sec=0.999953   ev/simsec=274.835
     Messages:  created: 75916   present: 10   in FES: 7
** Event #608768   t=2880.420155588554   Elapsed: 2880.37s (48m 00s)  45% completed  (45% total)
     Speed:     ev/sec=250.66   simsec/sec=1.00007   ev/simsec=250.643
     Messages:  created: 75980   present: 11   in FES: 7
** Event #609536   t=2882.802187824978   Elapsed: 2882.78s (48m 02s)  45% completed  (45% total)
     Speed:     ev/sec=318.655   simsec/sec=0.988341   ev/simsec=322.414
     Messages:  created: 76074   present: 7   in FES: 4
** Event #610304   t=2885.476744173592   Elapsed: 2885.43s (48m 05s)  45% completed  (45% total)
     Speed:     ev/sec=290.194   simsec/sec=1.0106   ev/simsec=287.15
     Messages:  created: 76172   present: 11   in FES: 7
** Event #610816   t=2887.527413222867   Elapsed: 2887.48s (48m 07s)  45% completed  (45% total)
     Speed:     ev/sec=249.675   simsec/sec=1   ev/simsec=249.675
     Messages:  created: 76236   present: 12   in FES: 7
** Event #611584   t=2890.216662711654   Elapsed: 2890.26s (48m 10s)  45% completed  (45% total)
     Speed:     ev/sec=276.081   simsec/sec=0.966732   ev/simsec=285.582
     Messages:  created: 76330   present: 7   in FES: 4
** Event #612352   t=2892.647619580568   Elapsed: 2892.6s (48m 12s)  45% completed  (45% total)
     Speed:     ev/sec=328.463   simsec/sec=1.03969   ev/simsec=315.925
     Messages:  created: 76428   present: 11   in FES: 6
** Event #613120   t=2894.86053067526   Elapsed: 2894.81s (48m 14s)  45% completed  (45% total)
     Speed:     ev/sec=347.044   simsec/sec=0.999969   ev/simsec=347.054
     Messages:  created: 76524   present: 13   in FES: 7
** Event #614144   t=2897.05835954948   Elapsed: 2897.01s (48m 17s)  45% completed  (45% total)
     Speed:     ev/sec=465.87   simsec/sec=0.999905   ev/simsec=465.914
     Messages:  created: 76656   present: 22   in FES: 7
** Event #615168   t=2899.485688122461   Elapsed: 2899.43s (48m 19s)  46% completed  (46% total)
     Speed:     ev/sec=421.914   simsec/sec=1.00012   ev/simsec=421.863
     Messages:  created: 76779   present: 9   in FES: 6
** Event #615936   t=2901.730737179638   Elapsed: 2901.68s (48m 21s)  46% completed  (46% total)
     Speed:     ev/sec=342.05   simsec/sec=0.999896   ev/simsec=342.086
     Messages:  created: 76875   present: 10   in FES: 6
** Event #616704   t=2904.046774369082   Elapsed: 2904s (48m 23s)  46% completed  (46% total)
     Speed:     ev/sec=331.602   simsec/sec=1   ev/simsec=331.601
     Messages:  created: 76971   present: 9   in FES: 6
** Event #617728   t=2906.394670644309   Elapsed: 2906.34s (48m 26s)  46% completed  (46% total)
     Speed:     ev/sec=436.16   simsec/sec=1.00006   ev/simsec=436.135
     Messages:  created: 77113   present: 50   in FES: 7
** Event #619008   t=2908.724572644842   Elapsed: 2908.67s (48m 28s)  46% completed  (46% total)
     Speed:     ev/sec=549.377   simsec/sec=0.999997   ev/simsec=549.379
     Messages:  created: 77293   present: 104   in FES: 7
** Event #620288   t=2911.061486043378   Elapsed: 2911.01s (48m 31s)  46% completed  (46% total)
     Speed:     ev/sec=547.553   simsec/sec=0.999675   ev/simsec=547.731
     Messages:  created: 77467   present: 141   in FES: 6
** Event #621312   t=2913.31609458768   Elapsed: 2913.28s (48m 33s)  46% completed  (46% total)
     Speed:     ev/sec=450.674   simsec/sec=0.992278   ev/simsec=454.181
     Messages:  created: 77580   present: 101   in FES: 6
** Event #622336   t=2915.82332616689   Elapsed: 2915.77s (48m 35s)  46% completed  (46% total)
     Speed:     ev/sec=411.438   simsec/sec=1.00739   ev/simsec=408.419
     Messages:  created: 77690   present: 52   in FES: 7
** Event #623616   t=2918.070070075966   Elapsed: 2918.02s (48m 38s)  46% completed  (46% total)
     Speed:     ev/sec=568.543   simsec/sec=0.997946   ev/simsec=569.713
     Messages:  created: 77859   present: 77   in FES: 6
** Event #624640   t=2920.424753803565   Elapsed: 2920.37s (48m 40s)  46% completed  (46% total)
     Speed:     ev/sec=435.683   simsec/sec=1.00185   ev/simsec=434.878
     Messages:  created: 77972   present: 36   in FES: 7
** Event #625920   t=2922.87498402875   Elapsed: 2922.82s (48m 42s)  46% completed  (46% total)
     Speed:     ev/sec=522.442   simsec/sec=1.00008   ev/simsec=522.4
     Messages:  created: 78135   present: 46   in FES: 7
** Event #627456   t=2925.410254118215   Elapsed: 2925.36s (48m 45s)  46% completed  (46% total)
     Speed:     ev/sec=604.859   simsec/sec=0.99836   ev/simsec=605.853
     Messages:  created: 78328   present: 48   in FES: 6
** Event #628480   t=2927.477521638798   Elapsed: 2927.43s (48m 47s)  46% completed  (46% total)
     Speed:     ev/sec=496.296   simsec/sec=1.00193   ev/simsec=495.34
     Messages:  created: 78450   present: 31   in FES: 7
** Event #629760   t=2929.671005004409   Elapsed: 2929.62s (48m 49s)  46% completed  (46% total)
     Speed:     ev/sec=582.993   simsec/sec=0.999051   ev/simsec=583.547
     Messages:  created: 78610   present: 32   in FES: 6
** Event #631040   t=2932.019033446912   Elapsed: 2931.98s (48m 51s)  46% completed  (46% total)
     Speed:     ev/sec=543.892   simsec/sec=0.997714   ev/simsec=545.138
     Messages:  created: 78773   present: 40   in FES: 6
** Event #632064   t=2934.076272630964   Elapsed: 2934.03s (48m 54s)  46% completed  (46% total)
     Speed:     ev/sec=499.553   simsec/sec=1.00361   ev/simsec=497.754
     Messages:  created: 78904   present: 48   in FES: 6
** Event #633344   t=2936.675690330701   Elapsed: 2936.63s (48m 56s)  46% completed  (46% total)
     Speed:     ev/sec=492.13   simsec/sec=0.999415   ev/simsec=492.418
     Messages:  created: 79050   present: 14   in FES: 6
** Event #634112   t=2938.683476868539   Elapsed: 2938.63s (48m 58s)  46% completed  (46% total)
     Speed:     ev/sec=382.834   simsec/sec=1.00085   ev/simsec=382.511
     Messages:  created: 79146   present: 13   in FES: 7
** Event #635136   t=2940.703415792922   Elapsed: 2940.65s (49m 00s)  46% completed  (46% total)
     Speed:     ev/sec=506.867   simsec/sec=0.999845   ev/simsec=506.946
     Messages:  created: 79272   present: 10   in FES: 6
** Event #635904   t=2943.312024448962   Elapsed: 2943.29s (49m 03s)  46% completed  (46% total)
     Speed:     ev/sec=290.997   simsec/sec=0.988407   ev/simsec=294.41
     Messages:  created: 79367   present: 7   in FES: 4
** Event #636928   t=2946.256222761317   Elapsed: 2946.21s (49m 06s)  46% completed  (46% total)
     Speed:     ev/sec=351.473   simsec/sec=1.01055   ev/simsec=347.803
     Messages:  created: 79496   present: 9   in FES: 6
** Event #637696   t=2948.364740165923   Elapsed: 2948.31s (49m 08s)  46% completed  (46% total)
     Speed:     ev/sec=364.296   simsec/sec=1.00016   ev/simsec=364.237
     Messages:  created: 79592   present: 10   in FES: 7
** Event #638720   t=2950.522836830452   Elapsed: 2950.47s (49m 10s)  46% completed  (46% total)
     Speed:     ev/sec=474.442   simsec/sec=0.999895   ev/simsec=474.492
     Messages:  created: 79721   present: 13   in FES: 6
** Event #640000   t=2952.770567102921   Elapsed: 2952.72s (49m 12s)  46% completed  (46% total)
     Speed:     ev/sec=569.435   simsec/sec=0.999951   ev/simsec=569.463
     Messages:  created: 79883   present: 18   in FES: 7
** Event #641024   t=2955.032245162101   Elapsed: 2954.98s (49m 14s)  46% completed  (46% total)
     Speed:     ev/sec=452.796   simsec/sec=1.00008   ev/simsec=452.761
     Messages:  created: 80012   present: 19   in FES: 7
** Event #641792   t=2957.132816923725   Elapsed: 2957.08s (49m 17s)  46% completed  (46% total)
     Speed:     ev/sec=365.627   simsec/sec=1.00003   ev/simsec=365.615
     Messages:  created: 80105   present: 11   in FES: 6
** Event #642816   t=2959.723679206067   Elapsed: 2959.68s (49m 19s)  46% completed  (46% total)
     Speed:     ev/sec=393.963   simsec/sec=0.996781   ev/simsec=395.235
     Messages:  created: 80231   present: 7   in FES: 4
** Event #643584   t=2961.741392032786   Elapsed: 2961.69s (49m 21s)  47% completed  (47% total)
     Speed:     ev/sec=382.193   simsec/sec=1.00411   ev/simsec=380.629
     Messages:  created: 80328   present: 9   in FES: 6
** Event #644608   t=2963.91116100796   Elapsed: 2963.86s (49m 23s)  47% completed  (47% total)
     Speed:     ev/sec=471.959   simsec/sec=1.00004   ev/simsec=471.94
     Messages:  created: 80463   present: 27   in FES: 7
** Event #645888   t=2966.324781579288   Elapsed: 2966.27s (49m 26s)  47% completed  (47% total)
     Speed:     ev/sec=530.284   simsec/sec=0.999925   ev/simsec=530.324
     Messages:  created: 80614   present: 8   in FES: 5
** Event #646912   t=2969.111844693254   Elapsed: 2969.06s (49m 29s)  47% completed  (47% total)
     Speed:     ev/sec=367.419   simsec/sec=1.00002   ev/simsec=367.412
     Messages:  created: 80743   present: 10   in FES: 6
** Event #647936   t=2971.286324848116   Elapsed: 2971.24s (49m 31s)  47% completed  (47% total)
     Speed:     ev/sec=470.904   simsec/sec=0.999972   ev/simsec=470.917
     Messages:  created: 80870   present: 8   in FES: 5
** Event #648960   t=2973.43663892987   Elapsed: 2973.39s (49m 33s)  47% completed  (47% total)
     Speed:     ev/sec=476.258   simsec/sec=1.0001   ev/simsec=476.21
     Messages:  created: 81006   present: 28   in FES: 7
** Event #650240   t=2975.966975869586   Elapsed: 2975.92s (49m 35s)  47% completed  (47% total)
     Speed:     ev/sec=505.839   simsec/sec=0.999956   ev/simsec=505.861
     Messages:  created: 81160   present: 12   in FES: 7
** Event #651264   t=2978.783481641639   Elapsed: 2978.73s (49m 38s)  47% completed  (47% total)
     Speed:     ev/sec=363.418   simsec/sec=0.999579   ev/simsec=363.571
     Messages:  created: 81288   present: 13   in FES: 6
** Event #652544   t=2980.979967010324   Elapsed: 2980.93s (49m 40s)  47% completed  (47% total)
     Speed:     ev/sec=583.098   simsec/sec=1.0006   ev/simsec=582.749
     Messages:  created: 81447   present: 11   in FES: 6
** Event #653312   t=2983.064449048804   Elapsed: 2983.01s (49m 43s)  47% completed  (47% total)
     Speed:     ev/sec=368.414   simsec/sec=0.999939   ev/simsec=368.437
     Messages:  created: 81543   present: 10   in FES: 7
** Event #654592   t=2985.33053052967   Elapsed: 2985.28s (49m 45s)  47% completed  (47% total)
     Speed:     ev/sec=564.845   simsec/sec=0.999989   ev/simsec=564.852
     Messages:  created: 81705   present: 16   in FES: 7
** Event #655360   t=2987.41889870283   Elapsed: 2987.37s (49m 47s)  47% completed  (47% total)
     Speed:     ev/sec=367.739   simsec/sec=0.999968   ev/simsec=367.751
     Messages:  created: 81799   present: 11   in FES: 6
** Event #656896   t=2989.667043557471   Elapsed: 2989.62s (49m 49s)  47% completed  (47% total)
     Speed:     ev/sec=683.307   simsec/sec=1.00011   ev/simsec=683.23
     Messages:  created: 82010   present: 60   in FES: 7
** Event #657920   t=2991.71280571449   Elapsed: 2991.66s (49m 51s)  47% completed  (47% total)
     Speed:     ev/sec=500.538   simsec/sec=0.999982   ev/simsec=500.547
     Messages:  created: 82134   present: 51   in FES: 7
** Event #658688   t=2994.244648541433   Elapsed: 2994.19s (49m 54s)  47% completed  (47% total)
     Speed:     ev/sec=303.329   simsec/sec=0.999977   ev/simsec=303.336
     Messages:  created: 82214   present: 8   in FES: 5
** Event #659456   t=2996.734820405589   Elapsed: 2996.68s (49m 56s)  47% completed  (47% total)
     Speed:     ev/sec=308.415   simsec/sec=1.00001   ev/simsec=308.412
     Messages:  created: 82309   present: 9   in FES: 6
** Event #660224   t=2998.951945278803   Elapsed: 2998.9s (49m 58s)  47% completed  (47% total)
     Speed:     ev/sec=346.412   simsec/sec=1.00005   ev/simsec=346.395
     Messages:  created: 82405   present: 9   in FES: 6
** Event #660992   t=3001.051802178722   Elapsed: 3001.01s (50m 01s)  47% completed  (47% total)
     Speed:     ev/sec=364.964   simsec/sec=0.997879   ev/simsec=365.739
     Messages:  created: 82502   present: 12   in FES: 6
** Event #662016   t=3003.400217970002   Elapsed: 3003.35s (50m 03s)  47% completed  (47% total)
     Speed:     ev/sec=436.799   simsec/sec=1.00174   ev/simsec=436.039
     Messages:  created: 82633   present: 19   in FES: 6
** Event #663040   t=3005.491523052691   Elapsed: 3005.44s (50m 05s)  47% completed  (47% total)
     Speed:     ev/sec=489.707   simsec/sec=1.00012   ev/simsec=489.646
     Messages:  created: 82759   present: 15   in FES: 7
** Event #664320   t=3008.40791913595   Elapsed: 3008.36s (50m 08s)  47% completed  (47% total)
     Speed:     ev/sec=438.898   simsec/sec=1   ev/simsec=438.898
     Messages:  created: 82917   present: 9   in FES: 6
** Event #665088   t=3010.653984093774   Elapsed: 3010.6s (50m 10s)  47% completed  (47% total)
     Speed:     ev/sec=341.925   simsec/sec=0.99998   ev/simsec=341.931
     Messages:  created: 83013   present: 9   in FES: 6
** Event #665856   t=3012.982279875173   Elapsed: 3012.93s (50m 12s)  47% completed  (47% total)
     Speed:     ev/sec=329.862   simsec/sec=1.00002   ev/simsec=329.855
     Messages:  created: 83111   present: 15   in FES: 7
** Event #666624   t=3015.270772909253   Elapsed: 3015.22s (50m 15s)  47% completed  (47% total)
     Speed:     ev/sec=335.511   simsec/sec=0.999759   ev/simsec=335.592
     Messages:  created: 83206   present: 12   in FES: 6
** Event #667392   t=3017.650418237786   Elapsed: 3017.6s (50m 17s)  47% completed  (47% total)
     Speed:     ev/sec=322.811   simsec/sec=1.00023   ev/simsec=322.737
     Messages:  created: 83301   present: 8   in FES: 5
** Event #668160   t=3019.677924296229   Elapsed: 3019.63s (50m 19s)  47% completed  (47% total)
     Speed:     ev/sec=378.756   simsec/sec=0.999909   ev/simsec=378.79
     Messages:  created: 83397   present: 8   in FES: 5
** Event #668928   t=3022.12172727452   Elapsed: 3022.07s (50m 22s)  47% completed  (47% total)
     Speed:     ev/sec=314.292   simsec/sec=1.00009   ev/simsec=314.264
     Messages:  created: 83493   present: 9   in FES: 6
** Event #669696   t=3024.82198184152   Elapsed: 3024.77s (50m 24s)  48% completed  (48% total)
     Speed:     ev/sec=284.402   simsec/sec=0.999945   ev/simsec=284.418
     Messages:  created: 83589   present: 10   in FES: 6
** Event #670720   t=3027.42105736536   Elapsed: 3027.39s (50m 27s)  48% completed  (48% total)
     Speed:     ev/sec=390.944   simsec/sec=0.992278   ev/simsec=393.986
     Messages:  created: 83716   present: 10   in FES: 5
** Event #671744   t=3029.905034473165   Elapsed: 3029.85s (50m 29s)  48% completed  (48% total)
     Speed:     ev/sec=415.644   simsec/sec=1.00825   ev/simsec=412.242
     Messages:  created: 83844   present: 9   in FES: 6
** Event #672768   t=3032.141545418953   Elapsed: 3032.09s (50m 32s)  48% completed  (48% total)
     Speed:     ev/sec=457.827   simsec/sec=0.999936   ev/simsec=457.856
     Messages:  created: 83986   present: 47   in FES: 7
** Event #673536   t=3034.638578621765   Elapsed: 3034.59s (50m 34s)  48% completed  (48% total)
     Speed:     ev/sec=307.57   simsec/sec=1.00002   ev/simsec=307.565
     Messages:  created: 84068   present: 9   in FES: 6
** Event #674560   t=3036.735038907626   Elapsed: 3036.68s (50m 36s)  48% completed  (48% total)
     Speed:     ev/sec=488.44   simsec/sec=0.999995   ev/simsec=488.442
     Messages:  created: 84203   present: 28   in FES: 7
** Event #675840   t=3039.068653924627   Elapsed: 3039.02s (50m 39s)  48% completed  (48% total)
     Speed:     ev/sec=548.518   simsec/sec=1.00002   ev/simsec=548.505
     Messages:  created: 84358   present: 16   in FES: 7
** Event #676864   t=3041.209249793419   Elapsed: 3041.16s (50m 41s)  48% completed  (48% total)
     Speed:     ev/sec=478.38   simsec/sec=1.00002   ev/simsec=478.371
     Messages:  created: 84485   present: 13   in FES: 6
** Event #678400   t=3043.378362615814   Elapsed: 3043.33s (50m 43s)  48% completed  (48% total)
     Speed:     ev/sec=708.066   simsec/sec=0.999919   ev/simsec=708.124
     Messages:  created: 84708   present: 95   in FES: 7
** Event #679424   t=3045.448566874994   Elapsed: 3045.4s (50m 45s)  48% completed  (48% total)
     Speed:     ev/sec=494.7   simsec/sec=1.00013   ev/simsec=494.637
     Messages:  created: 84829   present: 76   in FES: 7
** Event #680448   t=3047.949384288116   Elapsed: 3047.91s (50m 47s)  48% completed  (48% total)
     Speed:     ev/sec=407.16   simsec/sec=0.994369   ev/simsec=409.466
     Messages:  created: 84932   present: 10   in FES: 5
** Event #681472   t=3050.046770306564   Elapsed: 3050s (50m 49s)  48% completed  (48% total)
     Speed:     ev/sec=491.54   simsec/sec=1.00679   ev/simsec=488.227
     Messages:  created: 85059   present: 8   in FES: 5
** Event #682240   t=3052.119071806884   Elapsed: 3052.07s (50m 52s)  48% completed  (48% total)
     Speed:     ev/sec=370.6   simsec/sec=0.999994   ev/simsec=370.602
     Messages:  created: 85156   present: 9   in FES: 6
** Event #683264   t=3054.86206994318   Elapsed: 3054.81s (50m 54s)  48% completed  (48% total)
     Speed:     ev/sec=373.284   simsec/sec=0.999918   ev/simsec=373.314
     Messages:  created: 85284   present: 9   in FES: 6
** Event #684032   t=3057.110410756373   Elapsed: 3057.1s (50m 57s)  48% completed  (48% total)
     Speed:     ev/sec=335.22   simsec/sec=0.981365   ev/simsec=341.585
     Messages:  created: 85378   present: 8   in FES: 5
** Event #684800   t=3059.332756867986   Elapsed: 3059.28s (50m 59s)  48% completed  (48% total)
     Speed:     ev/sec=352.385   simsec/sec=1.01969   ev/simsec=345.581
     Messages:  created: 85475   present: 10   in FES: 7
** Event #685824   t=3061.651308383389   Elapsed: 3061.6s (51m 01s)  48% completed  (48% total)
     Speed:     ev/sec=441.655   simsec/sec=1   ev/simsec=441.655
     Messages:  created: 85602   present: 8   in FES: 5
** Event #686848   t=3064.391485157226   Elapsed: 3064.34s (51m 04s)  48% completed  (48% total)
     Speed:     ev/sec=373.37   simsec/sec=0.99912   ev/simsec=373.699
     Messages:  created: 85730   present: 9   in FES: 6
** Event #687872   t=3066.868658714137   Elapsed: 3066.82s (51m 06s)  48% completed  (48% total)
     Speed:     ev/sec=413.781   simsec/sec=1.00098   ev/simsec=413.374
     Messages:  created: 85860   present: 14   in FES: 7
** Event #688640   t=3068.905777425539   Elapsed: 3068.86s (51m 08s)  48% completed  (48% total)
     Speed:     ev/sec=376.601   simsec/sec=0.998934   ev/simsec=377.003
     Messages:  created: 85954   present: 9   in FES: 5
** Event #689408   t=3071.118781247839   Elapsed: 3071.07s (51m 11s)  48% completed  (48% total)
     Speed:     ev/sec=346.582   simsec/sec=0.998681   ev/simsec=347.04
     Messages:  created: 86053   present: 17   in FES: 6
** Event #690432   t=3073.796788158353   Elapsed: 3073.75s (51m 13s)  48% completed  (48% total)
     Speed:     ev/sec=383.086   simsec/sec=1.00186   ev/simsec=382.374
     Messages:  created: 86179   present: 11   in FES: 7
** Event #691456   t=3076.27779300412   Elapsed: 3076.23s (51m 16s)  48% completed  (48% total)
     Speed:     ev/sec=412.721   simsec/sec=0.999965   ev/simsec=412.736
     Messages:  created: 86307   present: 11   in FES: 6
** Event #692224   t=3079.018244071448   Elapsed: 3078.98s (51m 18s)  48% completed  (48% total)
     Speed:     ev/sec=279.454   simsec/sec=0.997173   ev/simsec=280.246
     Messages:  created: 86402   present: 9   in FES: 5
** Event #692992   t=3081.380696559047   Elapsed: 3081.33s (51m 21s)  48% completed  (48% total)
     Speed:     ev/sec=326.167   simsec/sec=1.00333   ev/simsec=325.086
     Messages:  created: 86500   present: 15   in FES: 7
** Event #694016   t=3083.80155355842   Elapsed: 3083.75s (51m 23s)  48% completed  (48% total)
     Speed:     ev/sec=423.004   simsec/sec=1.00003   ev/simsec=422.991
     Messages:  created: 86628   present: 14   in FES: 6
** Event #695040   t=3086.366684939339   Elapsed: 3086.32s (51m 26s)  48% completed  (48% total)
     Speed:     ev/sec=399.188   simsec/sec=0.999969   ev/simsec=399.2
     Messages:  created: 86753   present: 9   in FES: 6
** Event #696064   t=3088.570434160106   Elapsed: 3088.53s (51m 28s)  49% completed  (49% total)
     Speed:     ev/sec=462.919   simsec/sec=0.996247   ev/simsec=464.663
     Messages:  created: 86883   present: 15   in FES: 6
** Event #697344   t=3090.752066726817   Elapsed: 3090.7s (51m 30s)  49% completed  (49% total)
     Speed:     ev/sec=589.005   simsec/sec=1.0039   ev/simsec=586.717
     Messages:  created: 87050   present: 34   in FES: 7
** Event #698624   t=3092.962533308498   Elapsed: 3092.91s (51m 32s)  49% completed  (49% total)
     Speed:     ev/sec=579.083   simsec/sec=1.00003   ev/simsec=579.063
     Messages:  created: 87208   present: 29   in FES: 7
** Event #699648   t=3094.971604089696   Elapsed: 3094.92s (51m 34s)  49% completed  (49% total)
     Speed:     ev/sec=509.401   simsec/sec=0.999436   ev/simsec=509.688
     Messages:  created: 87334   present: 23   in FES: 6
** Event #700416   t=3097.160983880889   Elapsed: 3097.11s (51m 37s)  49% completed  (49% total)
     Speed:     ev/sec=350.962   simsec/sec=1.00051   ev/simsec=350.784
     Messages:  created: 87425   present: 9   in FES: 6
** Event #701184   t=3099.362964172407   Elapsed: 3099.31s (51m 39s)  49% completed  (49% total)
     Speed:     ev/sec=348.731   simsec/sec=0.999868   ev/simsec=348.777
     Messages:  created: 87521   present: 9   in FES: 6
** Event #702208   t=3101.597805318071   Elapsed: 3101.55s (51m 41s)  49% completed  (49% total)
     Speed:     ev/sec=458.233   simsec/sec=1.00008   ev/simsec=458.198
     Messages:  created: 87649   present: 10   in FES: 7
** Event #703232   t=3104.577090995027   Elapsed: 3104.53s (51m 44s)  49% completed  (49% total)
     Speed:     ev/sec=343.685   simsec/sec=0.999938   ev/simsec=343.707
     Messages:  created: 87777   present: 9   in FES: 6
** Event #704000   t=3106.636827579923   Elapsed: 3106.59s (51m 46s)  49% completed  (49% total)
     Speed:     ev/sec=372.905   simsec/sec=1.00011   ev/simsec=372.863
     Messages:  created: 87875   present: 15   in FES: 7
** Event #704768   t=3109.166648423616   Elapsed: 3109.12s (51m 49s)  49% completed  (49% total)
     Speed:     ev/sec=303.573   simsec/sec=0.999982   ev/simsec=303.579
     Messages:  created: 87968   present: 8   in FES: 5
** Event #705536   t=3111.424424753552   Elapsed: 3111.38s (51m 51s)  49% completed  (49% total)
     Speed:     ev/sec=339.875   simsec/sec=0.999169   ev/simsec=340.158
     Messages:  created: 88065   present: 10   in FES: 5
** Event #706048   t=3113.788124428216   Elapsed: 3113.74s (51m 53s)  49% completed  (49% total)
     Speed:     ev/sec=216.77   simsec/sec=1.00074   ev/simsec=216.61
     Messages:  created: 88129   present: 9   in FES: 6
** Event #706816   t=3117.001200500027   Elapsed: 3116.95s (51m 56s)  49% completed  (49% total)
     Speed:     ev/sec=239.044   simsec/sec=1.00009   ev/simsec=239.023
     Messages:  created: 88225   present: 12   in FES: 7
** Event #707840   t=3119.079568217013   Elapsed: 3119.03s (51m 59s)  49% completed  (49% total)
     Speed:     ev/sec=492.671   simsec/sec=0.999952   ev/simsec=492.694
     Messages:  created: 88355   present: 19   in FES: 7
** Event #708608   t=3121.185759955224   Elapsed: 3121.15s (52m 01s)  49% completed  (49% total)
     Speed:     ev/sec=362.395   simsec/sec=0.993845   ev/simsec=364.639
     Messages:  created: 88447   present: 9   in FES: 6
** Event #709376   t=3123.469320808173   Elapsed: 3123.42s (52m 03s)  49% completed  (49% total)
     Speed:     ev/sec=337.452   simsec/sec=1.00338   ev/simsec=336.317
     Messages:  created: 88546   present: 17   in FES: 6
** Event #710400   t=3125.605983163004   Elapsed: 3125.57s (52m 05s)  49% completed  (49% total)
     Speed:     ev/sec=476.887   simsec/sec=0.995064   ev/simsec=479.252
     Messages:  created: 88683   present: 41   in FES: 6
** Event #711680   t=3128.073859404343   Elapsed: 3128.02s (52m 08s)  49% completed  (49% total)
     Speed:     ev/sec=522.005   simsec/sec=1.00644   ev/simsec=518.665
     Messages:  created: 88856   present: 75   in FES: 7
** Event #712960   t=3130.259560712114   Elapsed: 3130.21s (52m 10s)  49% completed  (49% total)
     Speed:     ev/sec=585.614   simsec/sec=0.999982   ev/simsec=585.624
     Messages:  created: 89024   present: 96   in FES: 7
** Event #713984   t=3132.397174740867   Elapsed: 3132.35s (52m 12s)  49% completed  (49% total)
     Speed:     ev/sec=479.02   simsec/sec=0.999961   ev/simsec=479.039
     Messages:  created: 89148   present: 86   in FES: 7
** Event #715008   t=3134.760676307484   Elapsed: 3134.71s (52m 14s)  49% completed  (49% total)
     Speed:     ev/sec=433.276   simsec/sec=1.00005   ev/simsec=433.255
     Messages:  created: 89251   present: 19   in FES: 7
** Event #715776   t=3137.470739610477   Elapsed: 3137.42s (52m 17s)  49% completed  (49% total)
     Speed:     ev/sec=283.388   simsec/sec=0.999999   ev/simsec=283.388
     Messages:  created: 89343   present: 8   in FES: 5
** Event #716544   t=3139.644887586061   Elapsed: 3139.59s (52m 19s)  49% completed  (49% total)
     Speed:     ev/sec=353.277   simsec/sec=1.0001   ev/simsec=353.242
     Messages:  created: 89443   present: 19   in FES: 7
** Event #717568   t=3141.979559319333   Elapsed: 3141.93s (52m 21s)  49% completed  (49% total)
     Speed:     ev/sec=438.557   simsec/sec=0.999889   ev/simsec=438.606
     Messages:  created: 89573   present: 24   in FES: 7
** Event #719104   t=3144.496974390087   Elapsed: 3144.45s (52m 24s)  49% completed  (49% total)
     Speed:     ev/sec=610.167   simsec/sec=1.00003   ev/simsec=610.15
     Messages:  created: 89796   present: 108   in FES: 7
** Event #720384   t=3146.592022719233   Elapsed: 3146.54s (52m 26s)  49% completed  (49% total)
     Speed:     ev/sec=611.008   simsec/sec=1.00007   ev/simsec=610.964
     Messages:  created: 89964   present: 131   in FES: 7
** Event #721664   t=3148.845946097253   Elapsed: 3148.8s (52m 28s)  49% completed  (49% total)
     Speed:     ev/sec=567.885   simsec/sec=0.999976   ev/simsec=567.899
     Messages:  created: 90137   present: 166   in FES: 7
** Event #722432   t=3150.925108451565   Elapsed: 3150.89s (52m 30s)  50% completed  (50% total)
     Speed:     ev/sec=366.071   simsec/sec=0.991042   ev/simsec=369.38
     Messages:  created: 90227   present: 151   in FES: 6
** Event #722944   t=3152.966801600159   Elapsed: 3152.92s (52m 32s)  50% completed  (50% total)
     Speed:     ev/sec=253.09   simsec/sec=1.00924   ev/simsec=250.772
     Messages:  created: 90245   present: 29   in FES: 7
** Event #724480   t=3155.461461663609   Elapsed: 3155.41s (52m 35s)  50% completed  (50% total)
     Speed:     ev/sec=615.736   simsec/sec=1.00003   ev/simsec=615.715
     Messages:  created: 90448   present: 58   in FES: 7
** Event #725760   t=3158.148046502172   Elapsed: 3158.1s (52m 38s)  50% completed  (50% total)
     Speed:     ev/sec=476.454   simsec/sec=1.00003   ev/simsec=476.441
     Messages:  created: 90596   present: 26   in FES: 7
** Event #726784   t=3160.511073415243   Elapsed: 3160.46s (52m 40s)  50% completed  (50% total)
     Speed:     ev/sec=433.307   simsec/sec=0.999918   ev/simsec=433.343
     Messages:  created: 90718   present: 9   in FES: 6
** Event #727296   t=3162.749094356155   Elapsed: 3162.7s (52m 42s)  50% completed  (50% total)
     Speed:     ev/sec=228.779   simsec/sec=1.00002   ev/simsec=228.774
     Messages:  created: 90782   present: 10   in FES: 7
** Event #727808   t=3164.908024895652   Elapsed: 3164.86s (52m 44s)  50% completed  (50% total)
     Speed:     ev/sec=237.153   simsec/sec=0.999995   ev/simsec=237.154
     Messages:  created: 90846   present: 10   in FES: 7
** Event #728320   t=3167.554504338721   Elapsed: 3167.5s (52m 47s)  50% completed  (50% total)
     Speed:     ev/sec=193.471   simsec/sec=1.00003   ev/simsec=193.465
     Messages:  created: 90910   present: 9   in FES: 6
** Event #729088   t=3170.102693726424   Elapsed: 3170.05s (52m 50s)  50% completed  (50% total)
     Speed:     ev/sec=301.383   simsec/sec=0.999976   ev/simsec=301.39
     Messages:  created: 91007   present: 11   in FES: 6
** Event #730112   t=3172.402607805709   Elapsed: 3172.35s (52m 52s)  50% completed  (50% total)
     Speed:     ev/sec=445.227   simsec/sec=0.999985   ev/simsec=445.234
     Messages:  created: 91135   present: 13   in FES: 7
** Event #731136   t=3174.717792165108   Elapsed: 3174.67s (52m 54s)  50% completed  (50% total)
     Speed:     ev/sec=442.299   simsec/sec=1   ev/simsec=442.297
     Messages:  created: 91263   present: 13   in FES: 6
** Event #731904   t=3176.93368318591   Elapsed: 3176.88s (52m 56s)  50% completed  (50% total)
     Speed:     ev/sec=346.611   simsec/sec=1.00007   ev/simsec=346.587
     Messages:  created: 91357   present: 11   in FES: 7
** Event #732416   t=3179.002840008549   Elapsed: 3178.95s (52m 58s)  50% completed  (50% total)
     Speed:     ev/sec=247.433   simsec/sec=0.999957   ev/simsec=247.444
     Messages:  created: 91421   present: 11   in FES: 7
** Event #733440   t=3181.45517882884   Elapsed: 3181.4s (53m 01s)  50% completed  (50% total)
     Speed:     ev/sec=417.545   simsec/sec=0.999962   ev/simsec=417.561
     Messages:  created: 91549   present: 10   in FES: 7
** Event #734464   t=3183.703735544141   Elapsed: 3183.65s (53m 03s)  50% completed  (50% total)
     Speed:     ev/sec=455.447   simsec/sec=1.0001   ev/simsec=455.403
     Messages:  created: 91679   present: 17   in FES: 7
** Event #735488   t=3185.781225477505   Elapsed: 3185.73s (53m 05s)  50% completed  (50% total)
     Speed:     ev/sec=492.835   simsec/sec=0.999864   ev/simsec=492.903
     Messages:  created: 91811   present: 27   in FES: 7
** Event #736768   t=3188.24501477763   Elapsed: 3188.2s (53m 08s)  50% completed  (50% total)
     Speed:     ev/sec=518.594   simsec/sec=0.998208   ev/simsec=519.525
     Messages:  created: 91981   present: 54   in FES: 6
** Event #738048   t=3190.477763154211   Elapsed: 3190.43s (53m 10s)  50% completed  (50% total)
     Speed:     ev/sec=574.494   simsec/sec=1.00211   ev/simsec=573.284
     Messages:  created: 92158   present: 100   in FES: 7
** Event #739072   t=3192.74344208325   Elapsed: 3192.69s (53m 12s)  50% completed  (50% total)
     Speed:     ev/sec=451.95   simsec/sec=0.999973   ev/simsec=451.962
     Messages:  created: 92292   present: 116   in FES: 7
** Event #740096   t=3194.906969955436   Elapsed: 3194.86s (53m 14s)  50% completed  (50% total)
     Speed:     ev/sec=473.262   simsec/sec=0.999917   ev/simsec=473.301
     Messages:  created: 92418   present: 109   in FES: 7
** Event #741376   t=3196.955183494912   Elapsed: 3196.93s (53m 16s)  50% completed  (50% total)
     Speed:     ev/sec=618.573   simsec/sec=0.989819   ev/simsec=624.935
     Messages:  created: 92599   present: 166   in FES: 6
** Event #742400   t=3198.999959715308   Elapsed: 3198.95s (53m 18s)  50% completed  (50% total)
     Speed:     ev/sec=505.133   simsec/sec=1.00868   ev/simsec=500.788
     Messages:  created: 92735   present: 185   in FES: 6
** Event #743680   t=3201.345707400106   Elapsed: 3201.3s (53m 21s)  50% completed  (50% total)
     Speed:     ev/sec=546.474   simsec/sec=1.00148   ev/simsec=545.668
     Messages:  created: 92900   present: 195   in FES: 7
** Event #744704   t=3203.522634658955   Elapsed: 3203.47s (53m 23s)  50% completed  (50% total)
     Speed:     ev/sec=470.435   simsec/sec=1.0001   ev/simsec=470.388
     Messages:  created: 93036   present: 213   in FES: 7
** Event #745984   t=3206.207580649667   Elapsed: 3206.16s (53m 26s)  50% completed  (50% total)
     Speed:     ev/sec=476.717   simsec/sec=0.999969   ev/simsec=476.732
     Messages:  created: 93182   present: 182   in FES: 8
** Event #747008   t=3208.482822770002   Elapsed: 3208.43s (53m 28s)  50% completed  (50% total)
     Speed:     ev/sec=450.035   simsec/sec=0.999939   ev/simsec=450.062
     Messages:  created: 93312   present: 185   in FES: 8
** Event #748032   t=3210.690805342059   Elapsed: 3210.64s (53m 30s)  50% completed  (50% total)
     Speed:     ev/sec=463.789   simsec/sec=1.00004   ev/simsec=463.772
     Messages:  created: 93420   present: 137   in FES: 8
** Event #749056   t=3213.276567665228   Elapsed: 3213.23s (53m 33s)  51% completed  (51% total)
     Speed:     ev/sec=396.003   simsec/sec=0.99997   ev/simsec=396.015
     Messages:  created: 93516   present: 52   in FES: 7
** Event #750336   t=3215.607427941566   Elapsed: 3215.56s (53m 35s)  51% completed  (51% total)
     Speed:     ev/sec=549.228   simsec/sec=1.00013   ev/simsec=549.153
     Messages:  created: 93687   present: 82   in FES: 8
** Event #751360   t=3217.737868331782   Elapsed: 3217.69s (53m 37s)  51% completed  (51% total)
     Speed:     ev/sec=480.661   simsec/sec=1.00002   ev/simsec=480.652
     Messages:  created: 93799   present: 38   in FES: 8
** Event #752896   t=3219.884306996975   Elapsed: 3219.83s (53m 39s)  51% completed  (51% total)
     Speed:     ev/sec=715.52   simsec/sec=0.999882   ev/simsec=715.604
     Messages:  created: 94036   present: 158   in FES: 8
** Event #754176   t=3222.477536488695   Elapsed: 3222.43s (53m 42s)  51% completed  (51% total)
     Speed:     ev/sec=493.578   simsec/sec=0.999969   ev/simsec=493.593
     Messages:  created: 94207   present: 187   in FES: 8
** Event #755200   t=3224.483241787603   Elapsed: 3224.43s (53m 44s)  51% completed  (51% total)
     Speed:     ev/sec=510.524   simsec/sec=0.999962   ev/simsec=510.544
     Messages:  created: 94323   present: 156   in FES: 8
** Event #756224   t=3226.532473999093   Elapsed: 3226.48s (53m 46s)  51% completed  (51% total)
     Speed:     ev/sec=499.723   simsec/sec=1.00005   ev/simsec=499.699
     Messages:  created: 94454   present: 164   in FES: 8
** Event #757248   t=3228.922129787511   Elapsed: 3228.87s (53m 48s)  51% completed  (51% total)
     Speed:     ev/sec=428.371   simsec/sec=0.999667   ev/simsec=428.514
     Messages:  created: 94562   present: 111   in FES: 7
** Event #758272   t=3231.01363393528   Elapsed: 3230.96s (53m 50s)  51% completed  (51% total)
     Speed:     ev/sec=489.81   simsec/sec=1.00043   ev/simsec=489.6
     Messages:  created: 94671   present: 60   in FES: 8
** Event #759296   t=3233.457654884012   Elapsed: 3233.41s (53m 53s)  51% completed  (51% total)
     Speed:     ev/sec=418.985   simsec/sec=1.00001   ev/simsec=418.982
     Messages:  created: 94783   present: 18   in FES: 8
** Event #760064   t=3235.833496130323   Elapsed: 3235.78s (53m 55s)  51% completed  (51% total)
     Speed:     ev/sec=323.187   simsec/sec=0.999793   ev/simsec=323.254
     Messages:  created: 94876   present: 13   in FES: 7
** Event #760832   t=3238.529365603584   Elapsed: 3238.48s (53m 58s)  51% completed  (51% total)
     Speed:     ev/sec=284.913   simsec/sec=1.00011   ev/simsec=284.88
     Messages:  created: 94972   present: 12   in FES: 7
** Event #761600   t=3240.636425096463   Elapsed: 3240.59s (54m 00s)  51% completed  (51% total)
     Speed:     ev/sec=364.488   simsec/sec=0.999996   ev/simsec=364.489
     Messages:  created: 95067   present: 10   in FES: 6
** Event #762368   t=3243.225213828582   Elapsed: 3243.17s (54m 03s)  51% completed  (51% total)
     Speed:     ev/sec=296.676   simsec/sec=1.00004   ev/simsec=296.664
     Messages:  created: 95163   present: 11   in FES: 7
** Event #763648   t=3246.085746327899   Elapsed: 3246.03s (54m 06s)  51% completed  (51% total)
     Speed:     ev/sec=447.494   simsec/sec=1.00006   ev/simsec=447.469
     Messages:  created: 95323   present: 10   in FES: 6
** Event #764416   t=3248.394937896807   Elapsed: 3248.34s (54m 08s)  51% completed  (51% total)
     Speed:     ev/sec=332.558   simsec/sec=0.999923   ev/simsec=332.584
     Messages:  created: 95424   present: 24   in FES: 8
** Event #765184   t=3250.932076513515   Elapsed: 3250.95s (54m 10s)  51% completed  (51% total)
     Speed:     ev/sec=295.061   simsec/sec=0.974753   ev/simsec=302.703
     Messages:  created: 95514   present: 9   in FES: 5
** Event #765952   t=3253.112025276908   Elapsed: 3253.06s (54m 13s)  51% completed  (51% total)
     Speed:     ev/sec=362.999   simsec/sec=1.03036   ev/simsec=352.302
     Messages:  created: 95616   present: 25   in FES: 7
** Event #767232   t=3255.522991594171   Elapsed: 3255.47s (54m 15s)  51% completed  (51% total)
     Speed:     ev/sec=531.209   simsec/sec=1.00057   ev/simsec=530.907
     Messages:  created: 95780   present: 36   in FES: 8
** Event #768256   t=3258.339554156103   Elapsed: 3258.35s (54m 18s)  51% completed  (51% total)
     Speed:     ev/sec=356.296   simsec/sec=0.980009   ev/simsec=363.564
     Messages:  created: 95898   present: 9   in FES: 5
** Event #769024   t=3260.964432404245   Elapsed: 3260.91s (54m 20s)  51% completed  (51% total)
     Speed:     ev/sec=299.144   simsec/sec=1.02242   ev/simsec=292.585
     Messages:  created: 95995   present: 11   in FES: 7
** Event #770048   t=3263.082705097399   Elapsed: 3263.03s (54m 23s)  51% completed  (51% total)
     Speed:     ev/sec=483.457   simsec/sec=1.00009   ev/simsec=483.413
     Messages:  created: 96124   present: 14   in FES: 7
** Event #771328   t=3265.296300600173   Elapsed: 3265.25s (54m 25s)  51% completed  (51% total)
     Speed:     ev/sec=577.98   simsec/sec=0.999542   ev/simsec=578.245
     Messages:  created: 96285   present: 17   in FES: 7
** Event #772352   t=3267.640187771312   Elapsed: 3267.59s (54m 27s)  51% completed  (51% total)
     Speed:     ev/sec=437.064   simsec/sec=1.00042   ev/simsec=436.881
     Messages:  created: 96409   present: 9   in FES: 5
** Event #773632   t=3269.717311085139   Elapsed: 3269.67s (54m 29s)  51% completed  (51% total)
     Speed:     ev/sec=616.174   simsec/sec=0.999898   ev/simsec=616.237
     Messages:  created: 96572   present: 17   in FES: 7
** Event #775168   t=3271.946753667683   Elapsed: 3271.9s (54m 31s)  51% completed  (51% total)
     Speed:     ev/sec=689.006   simsec/sec=1.00006   ev/simsec=688.961
     Messages:  created: 96761   present: 9   in FES: 5
** Event #776192   t=3274.478441051845   Elapsed: 3274.43s (54m 34s)  51% completed  (51% total)
     Speed:     ev/sec=404.456   simsec/sec=0.999957   ev/simsec=404.473
     Messages:  created: 96893   present: 19   in FES: 8
** Event #777216   t=3277.204808480337   Elapsed: 3277.15s (54m 37s)  52% completed  (52% total)
     Speed:     ev/sec=375.619   simsec/sec=1.00007   ev/simsec=375.591
     Messages:  created: 97017   present: 10   in FES: 6
** Event #778240   t=3279.363460902078   Elapsed: 3279.31s (54m 39s)  52% completed  (52% total)
     Speed:     ev/sec=474.324   simsec/sec=0.999903   ev/simsec=474.37
     Messages:  created: 97146   present: 11   in FES: 6
** Event #779008   t=3281.369423728778   Elapsed: 3281.32s (54m 41s)  52% completed  (52% total)
     Speed:     ev/sec=382.876   simsec/sec=1.00005   ev/simsec=382.859
     Messages:  created: 97241   present: 10   in FES: 6
** Event #780032   t=3283.527426409694   Elapsed: 3283.48s (54m 43s)  52% completed  (52% total)
     Speed:     ev/sec=474.481   simsec/sec=0.999932   ev/simsec=474.513
     Messages:  created: 97371   present: 15   in FES: 7
** Event #781056   t=3286.629470835355   Elapsed: 3286.58s (54m 46s)  52% completed  (52% total)
     Speed:     ev/sec=330.124   simsec/sec=1.00006   ev/simsec=330.105
     Messages:  created: 97498   present: 11   in FES: 7
** Event #781568   t=3288.740450018414   Elapsed: 3288.69s (54m 48s)  52% completed  (52% total)
     Speed:     ev/sec=242.545   simsec/sec=1.00001   ev/simsec=242.541
     Messages:  created: 97562   present: 13   in FES: 8
** Event #782592   t=3290.944548165175   Elapsed: 3290.89s (54m 50s)  52% completed  (52% total)
     Speed:     ev/sec=464.58   simsec/sec=0.999981   ev/simsec=464.589
     Messages:  created: 97690   present: 12   in FES: 7
** Event #783616   t=3293.312755473701   Elapsed: 3293.26s (54m 53s)  52% completed  (52% total)
     Speed:     ev/sec=432.378   simsec/sec=0.999962   ev/simsec=432.395
     Messages:  created: 97818   present: 13   in FES: 7
** Event #784640   t=3295.493777829396   Elapsed: 3295.44s (54m 55s)  52% completed  (52% total)
     Speed:     ev/sec=469.561   simsec/sec=1.00012   ev/simsec=469.505
     Messages:  created: 97948   present: 17   in FES: 8
** Event #785664   t=3297.839018576224   Elapsed: 3297.79s (54m 57s)  52% completed  (52% total)
     Speed:     ev/sec=436.598   simsec/sec=0.99993   ev/simsec=436.629
     Messages:  created: 98072   present: 11   in FES: 7
** Event #786432   t=3299.938974936363   Elapsed: 3299.9s (54m 59s)  52% completed  (52% total)
     Speed:     ev/sec=363.153   simsec/sec=0.992977   ev/simsec=365.722
     Messages:  created: 98167   present: 8   in FES: 4
** Event #787200   t=3302.043152148137   Elapsed: 3301.99s (55m 01s)  52% completed  (52% total)
     Speed:     ev/sec=367.573   simsec/sec=1.00708   ev/simsec=364.988
     Messages:  created: 98264   present: 12   in FES: 8
** Event #787968   t=3304.072453342798   Elapsed: 3304.02s (55m 04s)  52% completed  (52% total)
     Speed:     ev/sec=378.442   simsec/sec=0.999966   ev/simsec=378.455
     Messages:  created: 98359   present: 9   in FES: 5
** Event #788736   t=3306.360275515892   Elapsed: 3306.31s (55m 06s)  52% completed  (52% total)
     Speed:     ev/sec=335.684   simsec/sec=0.99998   ev/simsec=335.69
     Messages:  created: 98456   present: 11   in FES: 7
** Event #790016   t=3308.492241042999   Elapsed: 3308.44s (55m 08s)  52% completed  (52% total)
     Speed:     ev/sec=600.462   simsec/sec=1.00013   ev/simsec=600.385
     Messages:  created: 98617   present: 13   in FES: 8
** Event #791040   t=3310.98742356922   Elapsed: 3310.94s (55m 10s)  52% completed  (52% total)
     Speed:     ev/sec=410.379   simsec/sec=0.999971   ev/simsec=410.391
     Messages:  created: 98744   present: 12   in FES: 7
** Event #792320   t=3313.286606350862   Elapsed: 3313.24s (55m 13s)  52% completed  (52% total)
     Speed:     ev/sec=556.719   simsec/sec=1   ev/simsec=556.72
     Messages:  created: 98907   present: 20   in FES: 8
** Event #793856   t=3315.327475424787   Elapsed: 3315.28s (55m 15s)  52% completed  (52% total)
     Speed:     ev/sec=752.592   simsec/sec=0.999962   ev/simsec=752.621
     Messages:  created: 99096   present: 11   in FES: 7
** Event #794880   t=3317.42307844441   Elapsed: 3317.37s (55m 17s)  52% completed  (52% total)
     Speed:     ev/sec=488.686   simsec/sec=1.00009   ev/simsec=488.642
     Messages:  created: 99224   present: 11   in FES: 7
** Event #795904   t=3319.614975176867   Elapsed: 3319.56s (55m 19s)  52% completed  (52% total)
     Speed:     ev/sec=467.036   simsec/sec=0.999702   ev/simsec=467.175
     Messages:  created: 99351   present: 9   in FES: 5
** Event #796928   t=3321.852914425738   Elapsed: 3321.8s (55m 21s)  52% completed  (52% total)
     Speed:     ev/sec=457.326   simsec/sec=0.999481   ev/simsec=457.564
     Messages:  created: 99479   present: 9   in FES: 5
** Event #798208   t=3324.002562438012   Elapsed: 3323.95s (55m 23s)  52% completed  (52% total)
     Speed:     ev/sec=595.892   simsec/sec=1.00075   ev/simsec=595.446
     Messages:  created: 99640   present: 11   in FES: 7
** Event #798976   t=3326.515022322716   Elapsed: 3326.47s (55m 26s)  52% completed  (52% total)
     Speed:     ev/sec=304.63   simsec/sec=0.996578   ev/simsec=305.677
     Messages:  created: 99734   present: 10   in FES: 6
** Event #800000   t=3328.549753180549   Elapsed: 3328.5s (55m 28s)  52% completed  (52% total)
     Speed:     ev/sec=505.443   simsec/sec=1.00434   ev/simsec=503.261
     Messages:  created: 99863   present: 13   in FES: 7
** Event #801024   t=3330.809775966656   Elapsed: 3330.76s (55m 30s)  52% completed  (52% total)
     Speed:     ev/sec=453.066   simsec/sec=0.999942   ev/simsec=453.093
     Messages:  created: 99991   present: 12   in FES: 7
** Event #802048   t=3332.873360640234   Elapsed: 3332.82s (55m 32s)  52% completed  (52% total)
     Speed:     ev/sec=496.269   simsec/sec=1.00009   ev/simsec=496.224
     Messages:  created: 100120   present: 15   in FES: 8
** Event #803072   t=3335.173392247692   Elapsed: 3335.12s (55m 35s)  52% completed  (52% total)
     Speed:     ev/sec=445.208   simsec/sec=0.999992   ev/simsec=445.211
     Messages:  created: 100248   present: 14   in FES: 8
** Event #804096   t=3337.356808778332   Elapsed: 3337.31s (55m 37s)  52% completed  (52% total)
     Speed:     ev/sec=468.947   simsec/sec=0.999909   ev/simsec=468.99
     Messages:  created: 100377   present: 17   in FES: 7
** Event #804864   t=3339.462036122457   Elapsed: 3339.42s (55m 39s)  53% completed  (53% total)
     Speed:     ev/sec=364.154   simsec/sec=0.998213   ev/simsec=364.806
     Messages:  created: 100470   present: 10   in FES: 6
** Event #805888   t=3341.597496661045   Elapsed: 3341.55s (55m 41s)  53% completed  (53% total)
     Speed:     ev/sec=479.829   simsec/sec=1.00064   ev/simsec=479.522
     Messages:  created: 100598   present: 10   in FES: 6
** Event #806656   t=3343.71904789536   Elapsed: 3343.67s (55m 43s)  53% completed  (53% total)
     Speed:     ev/sec=361.728   simsec/sec=0.999252   ev/simsec=361.999
     Messages:  created: 100694   present: 10   in FES: 6
** Event #807680   t=3345.870536898365   Elapsed: 3345.82s (55m 45s)  53% completed  (53% total)
     Speed:     ev/sec=476.823   simsec/sec=1.00183   ev/simsec=475.949
     Messages:  created: 100822   present: 9   in FES: 5
** Event #808704   t=3348.057991738549   Elapsed: 3348.01s (55m 48s)  53% completed  (53% total)
     Speed:     ev/sec=468.137   simsec/sec=1.00003   ev/simsec=468.124
     Messages:  created: 100951   present: 13   in FES: 8
** Event #809728   t=3350.059430774978   Elapsed: 3350.01s (55m 50s)  53% completed  (53% total)
     Speed:     ev/sec=511.607   simsec/sec=0.999952   ev/simsec=511.632
     Messages:  created: 101079   present: 13   in FES: 6
** Event #810752   t=3352.163588198957   Elapsed: 3352.11s (55m 52s)  53% completed  (53% total)
     Speed:     ev/sec=486.389   simsec/sec=0.999452   ev/simsec=486.656
     Messages:  created: 101206   present: 10   in FES: 6
** Event #811520   t=3354.785996739427   Elapsed: 3354.74s (55m 54s)  53% completed  (53% total)
     Speed:     ev/sec=292.991   simsec/sec=1.00045   ev/simsec=292.861
     Messages:  created: 101302   present: 9   in FES: 5
** Event #812032   t=3356.78790197492   Elapsed: 3356.74s (55m 56s)  53% completed  (53% total)
     Speed:     ev/sec=255.624   simsec/sec=0.999483   ev/simsec=255.756
     Messages:  created: 101365   present: 11   in FES: 7
** Event #812800   t=3359.430191715839   Elapsed: 3359.38s (55m 59s)  53% completed  (53% total)
     Speed:     ev/sec=290.317   simsec/sec=0.998831   ev/simsec=290.657
     Messages:  created: 101461   present: 11   in FES: 6
** Event #813824   t=3361.632322289501   Elapsed: 3361.58s (56m 01s)  53% completed  (53% total)
     Speed:     ev/sec=465.889   simsec/sec=1.0019   ev/simsec=465.004
     Messages:  created: 101589   present: 11   in FES: 6
** Event #814848   t=3363.751949329977   Elapsed: 3363.7s (56m 03s)  53% completed  (53% total)
     Speed:     ev/sec=483.131   simsec/sec=1.00006   ev/simsec=483.104
     Messages:  created: 101716   present: 9   in FES: 5
** Event #815616   t=3365.778549566677   Elapsed: 3365.73s (56m 05s)  53% completed  (53% total)
     Speed:     ev/sec=378.928   simsec/sec=0.999915   ev/simsec=378.96
     Messages:  created: 101813   present: 11   in FES: 7
** Event #816640   t=3367.931567797841   Elapsed: 3367.88s (56m 07s)  53% completed  (53% total)
     Speed:     ev/sec=475.607   simsec/sec=0.999992   ev/simsec=475.611
     Messages:  created: 101941   present: 12   in FES: 7
** Event #817664   t=3370.388433127414   Elapsed: 3370.34s (56m 10s)  53% completed  (53% total)
     Speed:     ev/sec=416.811   simsec/sec=1.00005   ev/simsec=416.791
     Messages:  created: 102070   present: 14   in FES: 8
** Event #819200   t=3372.573179232161   Elapsed: 3372.52s (56m 12s)  53% completed  (53% total)
     Speed:     ev/sec=703.075   simsec/sec=1.00003   ev/simsec=703.057
     Messages:  created: 102262   present: 14   in FES: 7
** Event #820480   t=3374.943790267844   Elapsed: 3374.89s (56m 14s)  53% completed  (53% total)
     Speed:     ev/sec=539.965   simsec/sec=1.00004   ev/simsec=539.945
     Messages:  created: 102420   present: 10   in FES: 6
** Event #821760   t=3377.259711789512   Elapsed: 3377.21s (56m 17s)  53% completed  (53% total)
     Speed:     ev/sec=552.549   simsec/sec=0.999735   ev/simsec=552.696
     Messages:  created: 102581   present: 12   in FES: 7
** Event #822784   t=3379.460504705376   Elapsed: 3379.41s (56m 19s)  53% completed  (53% total)
     Speed:     ev/sec=465.371   simsec/sec=1.00018   ev/simsec=465.287
     Messages:  created: 102708   present: 10   in FES: 6
** Event #824064   t=3381.76826395634   Elapsed: 3381.72s (56m 21s)  53% completed  (53% total)
     Speed:     ev/sec=554.645   simsec/sec=0.99999   ev/simsec=554.651
     Messages:  created: 102873   present: 22   in FES: 7
** Event #825600   t=3384.052869613109   Elapsed: 3384s (56m 24s)  53% completed  (53% total)
     Speed:     ev/sec=672.331   simsec/sec=1.00001   ev/simsec=672.326
     Messages:  created: 103061   present: 11   in FES: 7
** Event #826880   t=3386.246865619113   Elapsed: 3386.2s (56m 26s)  53% completed  (53% total)
     Speed:     ev/sec=583.446   simsec/sec=1.00006   ev/simsec=583.41
     Messages:  created: 103220   present: 12   in FES: 8
** Event #827904   t=3388.381146080636   Elapsed: 3388.33s (56m 28s)  53% completed  (53% total)
     Speed:     ev/sec=479.791   simsec/sec=1.00001   ev/simsec=479.787
     Messages:  created: 103349   present: 16   in FES: 8
** Event #828672   t=3390.553253539496   Elapsed: 3390.5s (56m 30s)  53% completed  (53% total)
     Speed:     ev/sec=353.532   simsec/sec=0.999882   ev/simsec=353.574
     Messages:  created: 103444   present: 12   in FES: 6
** Event #829696   t=3392.76091047851   Elapsed: 3392.73s (56m 32s)  53% completed  (53% total)
     Speed:     ev/sec=460.461   simsec/sec=0.992716   ev/simsec=463.84
     Messages:  created: 103575   present: 21   in FES: 7
** Event #831232   t=3395.210300941482   Elapsed: 3395.16s (56m 35s)  53% completed  (53% total)
     Speed:     ev/sec=631.354   simsec/sec=1.00679   ev/simsec=627.095
     Messages:  created: 103763   present: 11   in FES: 6
** Event #832000   t=3397.263614984424   Elapsed: 3397.21s (56m 37s)  53% completed  (53% total)
     Speed:     ev/sec=374.003   simsec/sec=0.99993   ev/simsec=374.029
     Messages:  created: 103859   present: 10   in FES: 6
** Event #833024   t=3399.791697553706   Elapsed: 3399.74s (56m 39s)  53% completed  (53% total)
     Speed:     ev/sec=405.043   simsec/sec=0.999982   ev/simsec=405.05
     Messages:  created: 103987   present: 11   in FES: 7
** Event #833792   t=3401.924981796169   Elapsed: 3401.87s (56m 41s)  53% completed  (53% total)
     Speed:     ev/sec=360.014   simsec/sec=1.00002   ev/simsec=360.008
     Messages:  created: 104083   present: 11   in FES: 7
** Event #835072   t=3404.244519347554   Elapsed: 3404.2s (56m 44s)  54% completed  (54% total)
     Speed:     ev/sec=551.118   simsec/sec=0.998702   ev/simsec=551.834
     Messages:  created: 104244   present: 13   in FES: 7
** Event #836352   t=3406.394994256164   Elapsed: 3406.34s (56m 46s)  54% completed  (54% total)
     Speed:     ev/sec=596.036   simsec/sec=1.00137   ev/simsec=595.217
     Messages:  created: 104403   present: 9   in FES: 5
** Event #837120   t=3408.607363086756   Elapsed: 3408.56s (56m 48s)  54% completed  (54% total)
     Speed:     ev/sec=347.178   simsec/sec=1.00011   ev/simsec=347.139
     Messages:  created: 104499   present: 10   in FES: 6
** Event #837888   t=3411.099167063724   Elapsed: 3411.05s (56m 51s)  54% completed  (54% total)
     Speed:     ev/sec=308.212   simsec/sec=1   ev/simsec=308.21
     Messages:  created: 104595   present: 9   in FES: 5
** Event #838912   t=3413.816534997584   Elapsed: 3413.78s (56m 53s)  54% completed  (54% total)
     Speed:     ev/sec=375.537   simsec/sec=0.996556   ev/simsec=376.835
     Messages:  created: 104724   present: 13   in FES: 7
** Event #839680   t=3416.257760578595   Elapsed: 3416.21s (56m 56s)  54% completed  (54% total)
     Speed:     ev/sec=315.786   simsec/sec=1.00378   ev/simsec=314.596
     Messages:  created: 104818   present: 10   in FES: 6
** Event #840448   t=3418.354518744346   Elapsed: 3418.3s (56m 58s)  54% completed  (54% total)
     Speed:     ev/sec=366.271   simsec/sec=0.999977   ev/simsec=366.28
     Messages:  created: 104914   present: 12   in FES: 7
** Event #841472   t=3420.742226061372   Elapsed: 3420.69s (57m 00s)  54% completed  (54% total)
     Speed:     ev/sec=428.899   simsec/sec=1.00008   ev/simsec=428.863
     Messages:  created: 105042   present: 11   in FES: 7
** Event #842496   t=3423.251908719965   Elapsed: 3423.2s (57m 03s)  54% completed  (54% total)
     Speed:     ev/sec=408.004   simsec/sec=0.999962   ev/simsec=408.02
     Messages:  created: 105169   present: 10   in FES: 6
** Event #843776   t=3425.515331831081   Elapsed: 3425.46s (57m 05s)  54% completed  (54% total)
     Speed:     ev/sec=565.484   simsec/sec=0.999945   ev/simsec=565.515
     Messages:  created: 105332   present: 18   in FES: 7
** Event #845056   t=3427.556514011854   Elapsed: 3427.51s (57m 07s)  54% completed  (54% total)
     Speed:     ev/sec=625.369   simsec/sec=0.997259   ev/simsec=627.088
     Messages:  created: 105495   present: 26   in FES: 7
** Event #846336   t=3429.787409347888   Elapsed: 3429.74s (57m 09s)  54% completed  (54% total)
     Speed:     ev/sec=575.22   simsec/sec=1.00254   ev/simsec=573.761
     Messages:  created: 105654   present: 22   in FES: 8
** Event #847616   t=3432.324442079086   Elapsed: 3432.27s (57m 12s)  54% completed  (54% total)
     Speed:     ev/sec=504.553   simsec/sec=1.00005   ev/simsec=504.526
     Messages:  created: 105809   present: 9   in FES: 5
** Event #848896   t=3434.722437870306   Elapsed: 3434.67s (57m 14s)  54% completed  (54% total)
     Speed:     ev/sec=533.734   simsec/sec=0.999915   ev/simsec=533.779
     Messages:  created: 105971   present: 15   in FES: 8
** Event #849664   t=3437.2623958846   Elapsed: 3437.24s (57m 17s)  54% completed  (54% total)
     Speed:     ev/sec=299.092   simsec/sec=0.989167   ev/simsec=302.367
     Messages:  created: 106065   present: 10   in FES: 6
** Event #850432   t=3439.46333022388   Elapsed: 3439.43s (57m 19s)  54% completed  (54% total)
     Speed:     ev/sec=350.243   simsec/sec=1.00373   ev/simsec=348.943
     Messages:  created: 106161   present: 10   in FES: 6
** Event #851200   t=3442.000018929002   Elapsed: 3441.95s (57m 21s)  54% completed  (54% total)
     Speed:     ev/sec=305.138   simsec/sec=1.00787   ev/simsec=302.757
     Messages:  created: 106257   present: 9   in FES: 5
** Event #852480   t=3444.846013036732   Elapsed: 3444.8s (57m 24s)  54% completed  (54% total)
     Speed:     ev/sec=449.732   simsec/sec=0.999948   ev/simsec=449.755
     Messages:  created: 106418   present: 12   in FES: 7
** Event #853760   t=3447.288971457999   Elapsed: 3447.24s (57m 27s)  54% completed  (54% total)
     Speed:     ev/sec=524.016   simsec/sec=1.00012   ev/simsec=523.955
     Messages:  created: 106577   present: 14   in FES: 8
** Event #854784   t=3449.968874900549   Elapsed: 3449.92s (57m 29s)  54% completed  (54% total)
     Speed:     ev/sec=382.059   simsec/sec=0.999885   ev/simsec=382.103
     Messages:  created: 106704   present: 10   in FES: 6
** Event #855808   t=3452.640512709581   Elapsed: 3452.59s (57m 32s)  54% completed  (54% total)
     Speed:     ev/sec=383.296   simsec/sec=1.00003   ev/simsec=383.285
     Messages:  created: 106831   present: 9   in FES: 5
** Event #857088   t=3454.803824415672   Elapsed: 3454.75s (57m 34s)  54% completed  (54% total)
     Speed:     ev/sec=591.703   simsec/sec=1.00003   ev/simsec=591.685
     Messages:  created: 106993   present: 14   in FES: 7
** Event #858368   t=3456.867670186281   Elapsed: 3456.82s (57m 36s)  54% completed  (54% total)
     Speed:     ev/sec=620.175   simsec/sec=0.999957   ev/simsec=620.201
     Messages:  created: 107154   present: 17   in FES: 8
** Event #859904   t=3459.147034861588   Elapsed: 3459.1s (57m 39s)  54% completed  (54% total)
     Speed:     ev/sec=673.714   simsec/sec=0.999766   ev/simsec=673.872
     Messages:  created: 107344   present: 11   in FES: 5
** Event #861440   t=3461.367021592187   Elapsed: 3461.32s (57m 41s)  54% completed  (54% total)
     Speed:     ev/sec=692.06   simsec/sec=1.00024   ev/simsec=691.896
     Messages:  created: 107541   present: 25   in FES: 8
** Event #862720   t=3463.803214005009   Elapsed: 3463.75s (57m 43s)  54% completed  (54% total)
     Speed:     ev/sec=525.429   simsec/sec=1.00004   ev/simsec=525.41
     Messages:  created: 107696   present: 10   in FES: 6
** Event #863744   t=3466.013157520465   Elapsed: 3465.96s (57m 45s)  55% completed  (55% total)
     Speed:     ev/sec=463.345   simsec/sec=0.999967   ev/simsec=463.36
     Messages:  created: 107824   present: 10   in FES: 6
** Event #864768   t=3468.597471810101   Elapsed: 3468.55s (57m 48s)  55% completed  (55% total)
     Speed:     ev/sec=396.246   simsec/sec=1.00002   ev/simsec=396.237
     Messages:  created: 107952   present: 10   in FES: 6
** Event #865536   t=3470.764141957708   Elapsed: 3470.72s (57m 50s)  55% completed  (55% total)
     Speed:     ev/sec=353.799   simsec/sec=0.998132   ev/simsec=354.461
     Messages:  created: 108048   present: 11   in FES: 7
** Event #867072   t=3473.054699186411   Elapsed: 3473s (57m 53s)  55% completed  (55% total)
     Speed:     ev/sec=671.76   simsec/sec=1.00176   ev/simsec=670.579
     Messages:  created: 108248   present: 32   in FES: 8
** Event #868352   t=3475.31595981704   Elapsed: 3475.27s (57m 55s)  55% completed  (55% total)
     Speed:     ev/sec=566.068   simsec/sec=1.00002   ev/simsec=566.056
     Messages:  created: 108402   present: 15   in FES: 8
** Event #869632   t=3477.510603229734   Elapsed: 3477.46s (57m 57s)  55% completed  (55% total)
     Speed:     ev/sec=583.242   simsec/sec=1.00001   ev/simsec=583.238
     Messages:  created: 108559   present: 11   in FES: 7
** Event #870656   t=3479.675441943821   Elapsed: 3479.63s (57m 59s)  55% completed  (55% total)
     Speed:     ev/sec=472.947   simsec/sec=0.999858   ev/simsec=473.014
     Messages:  created: 108696   present: 36   in FES: 7
** Event #872192   t=3482.352940699325   Elapsed: 3482.3s (58m 02s)  55% completed  (55% total)
     Speed:     ev/sec=573.752   simsec/sec=1.00014   ev/simsec=573.67
     Messages:  created: 108878   present: 10   in FES: 6
** Event #873216   t=3484.629110000579   Elapsed: 3484.58s (58m 04s)  55% completed  (55% total)
     Speed:     ev/sec=449.866   simsec/sec=0.999972   ev/simsec=449.879
     Messages:  created: 109012   present: 27   in FES: 8
** Event #874496   t=3487.17796834995   Elapsed: 3487.13s (58m 07s)  55% completed  (55% total)
     Speed:     ev/sec=502.153   simsec/sec=0.999936   ev/simsec=502.186
     Messages:  created: 109167   present: 12   in FES: 7
** Event #875520   t=3489.705453700511   Elapsed: 3489.66s (58m 09s)  55% completed  (55% total)
     Speed:     ev/sec=405.086   simsec/sec=0.999851   ev/simsec=405.146
     Messages:  created: 109295   present: 13   in FES: 7
** Event #876544   t=3492.368485015761   Elapsed: 3492.32s (58m 12s)  55% completed  (55% total)
     Speed:     ev/sec=384.581   simsec/sec=1.00015   ev/simsec=384.524
     Messages:  created: 109422   present: 11   in FES: 6
** Event #877568   t=3494.87602307936   Elapsed: 3494.83s (58m 14s)  55% completed  (55% total)
     Speed:     ev/sec=408.397   simsec/sec=1.00007   ev/simsec=408.369
     Messages:  created: 109550   present: 11   in FES: 7
** Event #878336   t=3497.524096492571   Elapsed: 3497.47s (58m 17s)  55% completed  (55% total)
     Speed:     ev/sec=290.006   simsec/sec=0.999945   ev/simsec=290.022
     Messages:  created: 109646   present: 9   in FES: 5
** Event #879104   t=3499.994450159725   Elapsed: 3499.94s (58m 19s)  55% completed  (55% total)
     Speed:     ev/sec=310.887   simsec/sec=1   ev/simsec=310.887
     Messages:  created: 109742   present: 10   in FES: 6
** Event #879872   t=3502.09592257115   Elapsed: 3502.05s (58m 22s)  55% completed  (55% total)
     Speed:     ev/sec=365.468   simsec/sec=1.00003   ev/simsec=365.458
     Messages:  created: 109839   present: 12   in FES: 8
** Event #881152   t=3504.457904097541   Elapsed: 3504.41s (58m 24s)  55% completed  (55% total)
     Speed:     ev/sec=541.913   simsec/sec=0.999991   ev/simsec=541.918
     Messages:  created: 109998   present: 11   in FES: 6
** Event #881920   t=3506.591612510807   Elapsed: 3506.54s (58m 26s)  55% completed  (55% total)
     Speed:     ev/sec=359.977   simsec/sec=1.00011   ev/simsec=359.937
     Messages:  created: 110094   present: 13   in FES: 8
** Event #882688   t=3508.700503768429   Elapsed: 3508.67s (58m 28s)  55% completed  (55% total)
     Speed:     ev/sec=360.654   simsec/sec=0.990338   ev/simsec=364.172
     Messages:  created: 110190   present: 14   in FES: 6
** Event #883712   t=3511.041903247061   Elapsed: 3510.99s (58m 30s)  55% completed  (55% total)
     Speed:     ev/sec=441.175   simsec/sec=1.00876   ev/simsec=437.345
     Messages:  created: 110320   present: 20   in FES: 8
** Event #884736   t=3513.27895123346   Elapsed: 3513.23s (58m 33s)  55% completed  (55% total)
     Speed:     ev/sec=456.708   simsec/sec=0.997731   ev/simsec=457.746
     Messages:  created: 110446   present: 14   in FES: 7
** Event #886528   t=3515.470000895947   Elapsed: 3515.43s (58m 35s)  55% completed  (55% total)
     Speed:     ev/sec=814.114   simsec/sec=0.995404   ev/simsec=817.873
     Messages:  created: 110685   present: 54   in FES: 7
** Event #887808   t=3517.578482310384   Elapsed: 3517.53s (58m 37s)  55% completed  (55% total)
     Speed:     ev/sec=611.46   simsec/sec=1.00723   ev/simsec=607.072
     Messages:  created: 110829   present: 11   in FES: 7
** Event #888832   t=3519.727663158096   Elapsed: 3519.68s (58m 39s)  55% completed  (55% total)
     Speed:     ev/sec=476.511   simsec/sec=1.00011   ev/simsec=476.461
     Messages:  created: 110957   present: 12   in FES: 7
** Event #889600   t=3521.777809739675   Elapsed: 3521.73s (58m 41s)  55% completed  (55% total)
     Speed:     ev/sec=374.557   simsec/sec=0.999866   ev/simsec=374.607
     Messages:  created: 111053   present: 11   in FES: 7
** Event #891136   t=3524.116438668079   Elapsed: 3524.07s (58m 44s)  55% completed  (55% total)
     Speed:     ev/sec=656.814   simsec/sec=1.00003   ev/simsec=656.795
     Messages:  created: 111248   present: 19   in FES: 8
** Event #892160   t=3526.154831641832   Elapsed: 3526.1s (58m 46s)  55% completed  (55% total)
     Speed:     ev/sec=502.355   simsec/sec=0.999998   ev/simsec=502.357
     Messages:  created: 111374   present: 13   in FES: 6
** Event #892928   t=3528.289598845722   Elapsed: 3528.24s (58m 48s)  56% completed  (56% total)
     Speed:     ev/sec=359.774   simsec/sec=1.00004   ev/simsec=359.758
     Messages:  created: 111469   present: 10   in FES: 6
** Event #894208   t=3530.475238828911   Elapsed: 3530.43s (58m 50s)  56% completed  (56% total)
     Speed:     ev/sec=583.079   simsec/sec=0.995626   ev/simsec=585.641
     Messages:  created: 111630   present: 14   in FES: 7
** Event #895232   t=3532.578350534375   Elapsed: 3532.53s (58m 52s)  56% completed  (56% total)
     Speed:     ev/sec=489.141   simsec/sec=1.00461   ev/simsec=486.898
     Messages:  created: 111756   present: 9   in FES: 5
** Event #896256   t=3534.724369643011   Elapsed: 3534.67s (58m 54s)  56% completed  (56% total)
     Speed:     ev/sec=477.151   simsec/sec=0.999975   ev/simsec=477.163
     Messages:  created: 111888   present: 18   in FES: 8
** Event #897536   t=3537.43422399915   Elapsed: 3537.38s (58m 57s)  56% completed  (56% total)
     Speed:     ev/sec=472.33   simsec/sec=0.999957   ev/simsec=472.35
     Messages:  created: 112045   present: 14   in FES: 8
** Event #898560   t=3539.578053793806   Elapsed: 3539.53s (58m 59s)  56% completed  (56% total)
     Speed:     ev/sec=477.674   simsec/sec=1.00005   ev/simsec=477.65
     Messages:  created: 112171   present: 10   in FES: 6
** Event #899840   t=3541.840175036129   Elapsed: 3541.79s (59m 01s)  56% completed  (56% total)
     Speed:     ev/sec=565.875   simsec/sec=1.00006   ev/simsec=565.841
     Messages:  created: 112332   present: 12   in FES: 6
** Event #900864   t=3543.984194705525   Elapsed: 3543.93s (59m 03s)  56% completed  (56% total)
     Speed:     ev/sec=477.573   simsec/sec=0.999928   ev/simsec=477.608
     Messages:  created: 112460   present: 12   in FES: 8
** Event #901632   t=3546.890741   Elapsed: 3546.99s (59m 06s)  56% completed  (56% total)
     Speed:     ev/sec=251.3   simsec/sec=0.951062   ev/simsec=264.231
     Messages:  created: 112554   present: 8   in FES: 4
** Event #902144   t=3550.068643296703   Elapsed: 3550.02s (59m 10s)  56% completed  (56% total)
     Speed:     ev/sec=169.068   simsec/sec=1.04938   ev/simsec=161.113
     Messages:  created: 112619   present: 10   in FES: 6
** Event #902656   t=3552.890837317327   Elapsed: 3552.95s (59m 12s)  56% completed  (56% total)
     Speed:     ev/sec=174.877   simsec/sec=0.963938   ev/simsec=181.419
     Messages:  created: 112682   present: 8   in FES: 4
** Event #902912   t=3555.000128   Elapsed: 3555.1s (59m 15s)  56% completed  (56% total)
     Speed:     ev/sec=118.566   simsec/sec=0.976913   ev/simsec=121.368
     Messages:  created: 112714   present: 8   in FES: 4
** Event #903680   t=3557.74756133046   Elapsed: 3557.7s (59m 17s)  56% completed  (56% total)
     Speed:     ev/sec=296.296   simsec/sec=1.05997   ev/simsec=279.534
     Messages:  created: 112811   present: 10   in FES: 6
** Event #904448   t=3560.168187783925   Elapsed: 3560.12s (59m 20s)  56% completed  (56% total)
     Speed:     ev/sec=317.255   simsec/sec=0.999942   ev/simsec=317.273
     Messages:  created: 112907   present: 10   in FES: 6
** Event #904960   t=3562.856856033307   Elapsed: 3562.81s (59m 22s)  56% completed  (56% total)
     Speed:     ev/sec=190.113   simsec/sec=0.998341   ev/simsec=190.429
     Messages:  created: 112970   present: 8   in FES: 4
** Event #905728   t=3565.273840990413   Elapsed: 3565.22s (59m 25s)  56% completed  (56% total)
     Speed:     ev/sec=318.36   simsec/sec=1.00191   ev/simsec=317.751
     Messages:  created: 113068   present: 12   in FES: 7
** Event #906496   t=3567.518690268874   Elapsed: 3567.48s (59m 27s)  56% completed  (56% total)
     Speed:     ev/sec=340.815   simsec/sec=0.996195   ev/simsec=342.117
     Messages:  created: 113161   present: 9   in FES: 5
** Event #907520   t=3569.841774857905   Elapsed: 3569.79s (59m 29s)  56% completed  (56% total)
     Speed:     ev/sec=442.422   simsec/sec=1.0037   ev/simsec=440.793
     Messages:  created: 113290   present: 11   in FES: 7
** Event #908288   t=3572.162694293861   Elapsed: 3572.13s (59m 32s)  56% completed  (56% total)
     Speed:     ev/sec=328.548   simsec/sec=0.992882   ev/simsec=330.903
     Messages:  created: 113385   present: 9   in FES: 5
** Event #909312   t=3574.476854207162   Elapsed: 3574.43s (59m 34s)  56% completed  (56% total)
     Speed:     ev/sec=445.696   simsec/sec=1.00724   ev/simsec=442.493
     Messages:  created: 113514   present: 12   in FES: 7
** Event #910080   t=3576.730524590941   Elapsed: 3576.68s (59m 36s)  56% completed  (56% total)
     Speed:     ev/sec=340.229   simsec/sec=0.998392   ev/simsec=340.777
     Messages:  created: 113609   present: 9   in FES: 5
** Event #911616   t=3579.195911391448   Elapsed: 3579.18s (59m 39s)  56% completed  (56% total)
     Speed:     ev/sec=615.66   simsec/sec=0.988177   ev/simsec=623.026
     Messages:  created: 113801   present: 9   in FES: 5
** Event #912640   t=3581.727897730097   Elapsed: 3581.68s (59m 41s)  56% completed  (56% total)
     Speed:     ev/sec=409.812   simsec/sec=1.01332   ev/simsec=404.426
     Messages:  created: 113929   present: 10   in FES: 6
** Event #913920   t=3584.323147259704   Elapsed: 3584.27s (59m 44s)  56% completed  (56% total)
     Speed:     ev/sec=493.177   simsec/sec=0.999935   ev/simsec=493.209
     Messages:  created: 114089   present: 9   in FES: 5
** Event #914688   t=3586.443994796173   Elapsed: 3586.39s (59m 46s)  56% completed  (56% total)
     Speed:     ev/sec=362.145   simsec/sec=1.00007   ev/simsec=362.119
     Messages:  created: 114188   present: 18   in FES: 8
** Event #915712   t=3588.888828981179   Elapsed: 3588.84s (59m 48s)  56% completed  (56% total)
     Speed:     ev/sec=418.823   simsec/sec=0.999955   ev/simsec=418.842
     Messages:  created: 114314   present: 11   in FES: 7
** Event #916224   t=3591.185276004179   Elapsed: 3591.13s (59m 51s)  57% completed  (57% total)
     Speed:     ev/sec=222.972   simsec/sec=1.00008   ev/simsec=222.953
     Messages:  created: 114377   present: 10   in FES: 6
** Event #917248   t=3593.419661056292   Elapsed: 3593.37s (59m 53s)  57% completed  (57% total)
     Speed:     ev/sec=458.257   simsec/sec=0.999924   ev/simsec=458.292
     Messages:  created: 114506   present: 11   in FES: 6
** Event #918272   t=3595.903372788687   Elapsed: 3595.85s (59m 55s)  57% completed  (57% total)
     Speed:     ev/sec=412.305   simsec/sec=1.00005   ev/simsec=412.286
     Messages:  created: 114632   present: 10   in FES: 6
** Event #918784   t=3598.151668292029   Elapsed: 3598.1s (59m 58s)  57% completed  (57% total)
     Speed:     ev/sec=227.705   simsec/sec=0.999898   ev/simsec=227.728
     Messages:  created: 114696   present: 9   in FES: 5
** Event #919808   t=3600.671321526334   Elapsed: 3600.62s (1h 00m)  57% completed  (57% total)
     Speed:     ev/sec=406.425   simsec/sec=1.00005   ev/simsec=406.405
     Messages:  created: 114826   present: 16   in FES: 7
** Event #920832   t=3603.643234974138   Elapsed: 3603.59s (1h 00m)  57% completed  (57% total)
     Speed:     ev/sec=344.388   simsec/sec=0.999503   ev/simsec=344.559
     Messages:  created: 114953   present: 14   in FES: 7
** Event #921856   t=3606.120254939603   Elapsed: 3606.07s (1h 00m)  57% completed  (57% total)
     Speed:     ev/sec=413.652   simsec/sec=1.00061   ev/simsec=413.4
     Messages:  created: 115080   present: 10   in FES: 6
** Event #922880   t=3608.260411812841   Elapsed: 3608.21s (1h 00m)  57% completed  (57% total)
     Speed:     ev/sec=478.435   simsec/sec=0.999928   ev/simsec=478.47
     Messages:  created: 115209   present: 13   in FES: 7
** Event #923904   t=3610.973539197453   Elapsed: 3610.92s (1h 00m)  57% completed  (57% total)
     Speed:     ev/sec=377.438   simsec/sec=1.00004   ev/simsec=377.424
     Messages:  created: 115336   present: 10   in FES: 6
** Event #924672   t=3613.140920225929   Elapsed: 3613.09s (1h 00m)  57% completed  (57% total)
     Speed:     ev/sec=354.351   simsec/sec=1.00002   ev/simsec=354.345
     Messages:  created: 115433   present: 13   in FES: 7
** Event #925696   t=3615.59118281569   Elapsed: 3615.54s (1h 00m)  57% completed  (57% total)
     Speed:     ev/sec=417.922   simsec/sec=1.00002   ev/simsec=417.914
     Messages:  created: 115560   present: 10   in FES: 6
** Event #926720   t=3617.828112993821   Elapsed: 3617.78s (1h 00m)  57% completed  (57% total)
     Speed:     ev/sec=457.771   simsec/sec=1   ev/simsec=457.77
     Messages:  created: 115690   present: 16   in FES: 8
** Event #927744   t=3619.847471409439   Elapsed: 3619.8s (1h 00m)  57% completed  (57% total)
     Speed:     ev/sec=506.291   simsec/sec=0.998421   ev/simsec=507.092
     Messages:  created: 115817   present: 14   in FES: 7
** Event #928768   t=3621.977731706761   Elapsed: 3621.93s (1h 00m)  57% completed  (57% total)
     Speed:     ev/sec=481.377   simsec/sec=1.00142   ev/simsec=480.692
     Messages:  created: 115944   present: 10   in FES: 6
** Event #930048   t=3624.220364200913   Elapsed: 3624.17s (1h 00m)  57% completed  (57% total)
     Speed:     ev/sec=569.999   simsec/sec=0.998671   ev/simsec=570.758
     Messages:  created: 116111   present: 30   in FES: 7
** Event #931072   t=3626.295038825858   Elapsed: 3626.24s (1h 00m)  57% completed  (57% total)
     Speed:     ev/sec=494.337   simsec/sec=1.00155   ev/simsec=493.571
     Messages:  created: 116237   present: 27   in FES: 8
** Event #932096   t=3628.71501753363   Elapsed: 3628.66s (1h 00m)  57% completed  (57% total)
     Speed:     ev/sec=423.164   simsec/sec=1.00005   ev/simsec=423.144
     Messages:  created: 116359   present: 12   in FES: 7
** Event #932864   t=3631.18824209667   Elapsed: 3631.14s (1h 00m)  57% completed  (57% total)
     Speed:     ev/sec=310.514   simsec/sec=0.999961   ev/simsec=310.526
     Messages:  created: 116454   present: 10   in FES: 6
** Event #933632   t=3633.344579875927   Elapsed: 3633.3s (1h 00m)  57% completed  (57% total)
     Speed:     ev/sec=355.76   simsec/sec=0.99888   ev/simsec=356.159
     Messages:  created: 116552   present: 15   in FES: 6
** Event #934400   t=3635.375647270916   Elapsed: 3635.32s (1h 00m)  57% completed  (57% total)
     Speed:     ev/sec=378.593   simsec/sec=1.00124   ev/simsec=378.126
     Messages:  created: 116648   present: 14   in FES: 7
** Event #935424   t=3637.421823145676   Elapsed: 3637.37s (1h 00m)  57% completed  (57% total)
     Speed:     ev/sec=500.417   simsec/sec=0.999942   ev/simsec=500.446
     Messages:  created: 116774   present: 9   in FES: 5
** Event #936448   t=3639.818636137571   Elapsed: 3639.77s (1h 00m)  57% completed  (57% total)
     Speed:     ev/sec=427.224   simsec/sec=0.999977   ev/simsec=427.234
     Messages:  created: 116902   present: 10   in FES: 6
** Event #937728   t=3642.357742538987   Elapsed: 3642.31s (1h 00m)  57% completed  (57% total)
     Speed:     ev/sec=504.1   simsec/sec=0.999971   ev/simsec=504.114
     Messages:  created: 117064   present: 14   in FES: 8
** Event #938752   t=3645.034273357034   Elapsed: 3644.98s (1h 00m)  57% completed  (57% total)
     Speed:     ev/sec=382.603   simsec/sec=1.00005   ev/simsec=382.585
     Messages:  created: 117193   present: 17   in FES: 8
** Event #940032   t=3647.355449485914   Elapsed: 3647.31s (1h 00m)  57% completed  (57% total)
     Speed:     ev/sec=549.815   simsec/sec=0.997044   ev/simsec=551.445
     Messages:  created: 117355   present: 23   in FES: 7
** Event #941312   t=3649.853610356787   Elapsed: 3649.8s (1h 00m)  57% completed  (57% total)
     Speed:     ev/sec=513.76   simsec/sec=1.0027   ev/simsec=512.377
     Messages:  created: 117511   present: 11   in FES: 7
** Event #942336   t=3652.2293177386   Elapsed: 3652.18s (1h 00m)  57% completed  (57% total)
     Speed:     ev/sec=431.033   simsec/sec=1.00001   ev/simsec=431.03
     Messages:  created: 117639   present: 11   in FES: 7
** Event #943360   t=3654.551003848017   Elapsed: 3654.5s (1h 00m)  58% completed  (58% total)
     Speed:     ev/sec=441.052   simsec/sec=0.999984   ev/simsec=441.059
     Messages:  created: 117767   present: 11   in FES: 7
** Event #944640   t=3657.103616309204   Elapsed: 3657.06s (1h 00m)  58% completed  (58% total)
     Speed:     ev/sec=500.475   simsec/sec=0.998062   ev/simsec=501.447
     Messages:  created: 117924   present: 8   in FES: 4
** Event #945664   t=3659.440166288688   Elapsed: 3659.39s (1h 00m)  58% completed  (58% total)
     Speed:     ev/sec=439.191   simsec/sec=1.00214   ev/simsec=438.253
     Messages:  created: 118053   present: 11   in FES: 7
** Event #946432   t=3661.555660508941   Elapsed: 3661.51s (1h 01m)  58% completed  (58% total)
     Speed:     ev/sec=363.032   simsec/sec=0.999991   ev/simsec=363.036
     Messages:  created: 118151   present: 16   in FES: 7
** Event #947456   t=3664.104101383895   Elapsed: 3664.06s (1h 01m)  58% completed  (58% total)
     Speed:     ev/sec=400.268   simsec/sec=0.996152   ev/simsec=401.814
     Messages:  created: 118276   present: 9   in FES: 5
** Event #948480   t=3666.336143015696   Elapsed: 3666.29s (1h 01m)  58% completed  (58% total)
     Speed:     ev/sec=460.83   simsec/sec=1.00448   ev/simsec=458.773
     Messages:  created: 118406   present: 13   in FES: 6
** Event #949760   t=3669.074126806808   Elapsed: 3669.06s (1h 01m)  58% completed  (58% total)
     Speed:     ev/sec=461.769   simsec/sec=0.987746   ev/simsec=467.497
     Messages:  created: 118564   present: 9   in FES: 5
** Event #951040   t=3671.29594545723   Elapsed: 3671.25s (1h 01m)  58% completed  (58% total)
     Speed:     ev/sec=585.019   simsec/sec=1.01547   ev/simsec=576.105
     Messages:  created: 118726   present: 14   in FES: 8
** Event #952576   t=3673.681230024895   Elapsed: 3673.63s (1h 01m)  58% completed  (58% total)
     Speed:     ev/sec=644.003   simsec/sec=1.00008   ev/simsec=643.948
     Messages:  created: 118920   present: 19   in FES: 7
** Event #953344   t=3675.711548755944   Elapsed: 3675.66s (1h 01m)  58% completed  (58% total)
     Speed:     ev/sec=378.278   simsec/sec=1.00003   ev/simsec=378.266
     Messages:  created: 119015   present: 16   in FES: 8
** Event #954624   t=3678.202271386421   Elapsed: 3678.15s (1h 01m)  58% completed  (58% total)
     Speed:     ev/sec=513.83   simsec/sec=0.999851   ev/simsec=513.907
     Messages:  created: 119175   present: 16   in FES: 8
** Event #955648   t=3680.232030807815   Elapsed: 3680.18s (1h 01m)  58% completed  (58% total)
     Speed:     ev/sec=504.547   simsec/sec=1.00011   ev/simsec=504.493
     Messages:  created: 119301   present: 11   in FES: 6
** Event #956416   t=3682.836050834004   Elapsed: 3682.83s (1h 01m)  58% completed  (58% total)
     Speed:     ev/sec=290.414   simsec/sec=0.984691   ev/simsec=294.929
     Messages:  created: 119396   present: 9   in FES: 5
** Event #957696   t=3684.902265910172   Elapsed: 3684.85s (1h 01m)  58% completed  (58% total)
     Speed:     ev/sec=631.911   simsec/sec=1.02005   ev/simsec=619.49
     Messages:  created: 119575   present: 59   in FES: 8
** Event #959488   t=3687.284289383972   Elapsed: 3687.23s (1h 01m)  58% completed  (58% total)
     Speed:     ev/sec=752.306   simsec/sec=1.00001   ev/simsec=752.302
     Messages:  created: 119800   present: 65   in FES: 7
** Event #960768   t=3689.285882894189   Elapsed: 3689.24s (1h 01m)  58% completed  (58% total)
     Speed:     ev/sec=639.442   simsec/sec=0.999924   ev/simsec=639.49
     Messages:  created: 119956   present: 55   in FES: 8
** Event #962048   t=3691.326189655301   Elapsed: 3691.28s (1h 01m)  58% completed  (58% total)
     Speed:     ev/sec=627.36   simsec/sec=1   ev/simsec=627.357
     Messages:  created: 120108   present: 33   in FES: 8
** Event #963584   t=3693.696107806222   Elapsed: 3693.65s (1h 01m)  58% completed  (58% total)
     Speed:     ev/sec=648.16   simsec/sec=1.00006   ev/simsec=648.124
     Messages:  created: 120294   present: 17   in FES: 8
** Event #964608   t=3696.019506318487   Elapsed: 3695.97s (1h 01m)  58% completed  (58% total)
     Speed:     ev/sec=440.692   simsec/sec=0.999906   ev/simsec=440.734
     Messages:  created: 120420   present: 12   in FES: 7
** Event #965632   t=3698.347548339562   Elapsed: 3698.3s (1h 01m)  58% completed  (58% total)
     Speed:     ev/sec=439.891   simsec/sec=1.00008   ev/simsec=439.855
     Messages:  created: 120548   present: 12   in FES: 7
** Event #966400   t=3700.790862199201   Elapsed: 3700.74s (1h 01m)  58% completed  (58% total)
     Speed:     ev/sec=313.808   simsec/sec=0.998347   ev/simsec=314.327
     Messages:  created: 120643   present: 10   in FES: 6
** Event #967168   t=3703.078953635985   Elapsed: 3703.04s (1h 01m)  58% completed  (58% total)
     Speed:     ev/sec=334.969   simsec/sec=0.997968   ev/simsec=335.651
     Messages:  created: 120739   present: 10   in FES: 6
** Event #968192   t=3705.407780918166   Elapsed: 3705.36s (1h 01m)  58% completed  (58% total)
     Speed:     ev/sec=441.321   simsec/sec=1.00367   ev/simsec=439.706
     Messages:  created: 120873   present: 25   in FES: 8
** Event #969728   t=3707.860619245845   Elapsed: 3707.81s (1h 01m)  58% completed  (58% total)
     Speed:     ev/sec=626.249   simsec/sec=1.00006   ev/simsec=626.213
     Messages:  created: 121066   present: 29   in FES: 8
** Event #970752   t=3710.249959665862   Elapsed: 3710.2s (1h 01m)  58% completed  (58% total)
     Speed:     ev/sec=428.552   simsec/sec=0.999957   ev/simsec=428.57
     Messages:  created: 121188   present: 13   in FES: 7
** Event #971776   t=3712.849820798959   Elapsed: 3712.8s (1h 01m)  58% completed  (58% total)
     Speed:     ev/sec=393.854   simsec/sec=0.999968   ev/simsec=393.867
     Messages:  created: 121317   present: 14   in FES: 8
** Event #973312   t=3715.350194671948   Elapsed: 3715.3s (1h 01m)  58% completed  (58% total)
     Speed:     ev/sec=614.324   simsec/sec=1.00003   ev/simsec=614.308
     Messages:  created: 121511   present: 21   in FES: 8
** Event #974592   t=3717.908781623602   Elapsed: 3717.86s (1h 01m)  59% completed  (59% total)
     Speed:     ev/sec=500.291   simsec/sec=1.00003   ev/simsec=500.276
     Messages:  created: 121667   present: 13   in FES: 7
** Event #975872   t=3720.302722482831   Elapsed: 3720.25s (1h 02m)  59% completed  (59% total)
     Speed:     ev/sec=534.653   simsec/sec=0.999944   ev/simsec=534.683
     Messages:  created: 121828   present: 17   in FES: 8
** Event #977152   t=3722.603520512724   Elapsed: 3722.55s (1h 02m)  59% completed  (59% total)
     Speed:     ev/sec=555.834   simsec/sec=0.999111   ev/simsec=556.329
     Messages:  created: 121989   present: 20   in FES: 7
** Event #978176   t=3725.17580950132   Elapsed: 3725.12s (1h 02m)  59% completed  (59% total)
     Speed:     ev/sec=398.446   simsec/sec=1.0009   ev/simsec=398.089
     Messages:  created: 122114   present: 11   in FES: 7
** Event #979200   t=3727.388685800356   Elapsed: 3727.34s (1h 02m)  59% completed  (59% total)
     Speed:     ev/sec=462.75   simsec/sec=1.00001   ev/simsec=462.746
     Messages:  created: 122244   present: 17   in FES: 8
** Event #980224   t=3730.095278219457   Elapsed: 3730.04s (1h 02m)  59% completed  (59% total)
     Speed:     ev/sec=378.258   simsec/sec=0.999795   ev/simsec=378.336
     Messages:  created: 122370   present: 12   in FES: 7
** Event #981504   t=3732.28939468257   Elapsed: 3732.24s (1h 02m)  59% completed  (59% total)
     Speed:     ev/sec=583.49   simsec/sec=1.00019   ev/simsec=583.378
     Messages:  created: 122531   present: 15   in FES: 8
** Event #982528   t=3735.269314626423   Elapsed: 3735.22s (1h 02m)  59% completed  (59% total)
     Speed:     ev/sec=343.626   simsec/sec=0.999978   ev/simsec=343.633
     Messages:  created: 122657   present: 9   in FES: 5
** Event #983552   t=3737.645813203879   Elapsed: 3737.6s (1h 02m)  59% completed  (59% total)
     Speed:     ev/sec=430.882   simsec/sec=0.999991   ev/simsec=430.886
     Messages:  created: 122785   present: 9   in FES: 5
** Event #984576   t=3740.283359786823   Elapsed: 3740.23s (1h 02m)  59% completed  (59% total)
     Speed:     ev/sec=388.265   simsec/sec=1.00007   ev/simsec=388.24
     Messages:  created: 122913   present: 9   in FES: 5
** Event #985600   t=3742.82986825274   Elapsed: 3742.78s (1h 02m)  59% completed  (59% total)
     Speed:     ev/sec=402.089   simsec/sec=0.999926   ev/simsec=402.119
     Messages:  created: 123041   present: 10   in FES: 6
** Event #986624   t=3745.890430862549   Elapsed: 3745.85s (1h 02m)  59% completed  (59% total)
     Speed:     ev/sec=333.115   simsec/sec=0.995625   ev/simsec=334.579
     Messages:  created: 123169   present: 13   in FES: 7
** Event #987392   t=3748.454757557293   Elapsed: 3748.4s (1h 02m)  59% completed  (59% total)
     Speed:     ev/sec=301.082   simsec/sec=1.0053   ev/simsec=299.494
     Messages:  created: 123267   present: 17   in FES: 8
** Event #988416   t=3750.757495358472   Elapsed: 3750.71s (1h 02m)  59% completed  (59% total)
     Speed:     ev/sec=444.662   simsec/sec=0.999941   ev/simsec=444.688
     Messages:  created: 123394   present: 16   in FES: 7
** Event #989696   t=3753.311180486186   Elapsed: 3753.26s (1h 02m)  59% completed  (59% total)
     Speed:     ev/sec=501.287   simsec/sec=1.0001   ev/simsec=501.236
     Messages:  created: 123552   present: 11   in FES: 6
** Event #990464   t=3755.602657145952   Elapsed: 3755.55s (1h 02m)  59% completed  (59% total)
     Speed:     ev/sec=335.153   simsec/sec=0.999995   ev/simsec=335.155
     Messages:  created: 123650   present: 15   in FES: 7
** Event #991488   t=3758.193153665275   Elapsed: 3758.14s (1h 02m)  59% completed  (59% total)
     Speed:     ev/sec=395.261   simsec/sec=0.999924   ev/simsec=395.291
     Messages:  created: 123776   present: 10   in FES: 6
** Event #992512   t=3760.204801672423   Elapsed: 3760.15s (1h 02m)  59% completed  (59% total)
     Speed:     ev/sec=509.02   simsec/sec=0.999971   ev/simsec=509.035
     Messages:  created: 123906   present: 16   in FES: 7
** Event #993792   t=3762.640860555971   Elapsed: 3762.59s (1h 02m)  59% completed  (59% total)
     Speed:     ev/sec=525.442   simsec/sec=1.00001   ev/simsec=525.439
     Messages:  created: 124064   present: 9   in FES: 5
** Event #994560   t=3764.9416328391   Elapsed: 3764.89s (1h 02m)  59% completed  (59% total)
     Speed:     ev/sec=333.823   simsec/sec=1.00007   ev/simsec=333.801
     Messages:  created: 124160   present: 10   in FES: 6
** Event #995072   t=3767.726155125661   Elapsed: 3767.68s (1h 02m)  59% completed  (59% total)
     Speed:     ev/sec=183.781   simsec/sec=0.999499   ev/simsec=183.874
     Messages:  created: 124225   present: 13   in FES: 7
** Event #996096   t=3770.282867490265   Elapsed: 3770.23s (1h 02m)  59% completed  (59% total)
     Speed:     ev/sec=400.729   simsec/sec=1.00054   ev/simsec=400.514
     Messages:  created: 124353   present: 12   in FES: 6
** Event #997120   t=3772.957614358669   Elapsed: 3772.91s (1h 02m)  59% completed  (59% total)
     Speed:     ev/sec=382.831   simsec/sec=0.999976   ev/simsec=382.84
     Messages:  created: 124481   present: 12   in FES: 7
** Event #998400   t=3775.187740203866   Elapsed: 3775.14s (1h 02m)  59% completed  (59% total)
     Speed:     ev/sec=573.729   simsec/sec=0.9996   ev/simsec=573.959
     Messages:  created: 124641   present: 13   in FES: 6
** Event #999424   t=3777.297028921017   Elapsed: 3777.25s (1h 02m)  59% completed  (59% total)
     Speed:     ev/sec=485.71   simsec/sec=1.00049   ev/simsec=485.472
     Messages:  created: 124771   present: 21   in FES: 8
** Event #1000704   t=3779.996946427678   Elapsed: 3779.95s (1h 02m)  59% completed  (59% total)
     Speed:     ev/sec=474.087   simsec/sec=0.999997   ev/simsec=474.089
     Messages:  created: 124927   present: 10   in FES: 6
** Event #1001728   t=3782.437285519423   Elapsed: 3782.39s (1h 03m)  60% completed  (60% total)
     Speed:     ev/sec=419.622   simsec/sec=1.00002   ev/simsec=419.614
     Messages:  created: 125056   present: 14   in FES: 7
** Event #1003008   t=3784.839071725546   Elapsed: 3784.79s (1h 03m)  60% completed  (60% total)
     Speed:     ev/sec=532.843   simsec/sec=0.999825   ev/simsec=532.937
     Messages:  created: 125217   present: 17   in FES: 8
** Event #1004032   t=3786.920873186375   Elapsed: 3786.91s (1h 03m)  60% completed  (60% total)
     Speed:     ev/sec=483.118   simsec/sec=0.982184   ev/simsec=491.882
     Messages:  created: 125347   present: 23   in FES: 7
** Event #1005312   t=3789.463522849426   Elapsed: 3789.41s (1h 03m)  60% completed  (60% total)
     Speed:     ev/sec=511.013   simsec/sec=1.0151   ev/simsec=503.412
     Messages:  created: 125506   present: 20   in FES: 8
** Event #1006336   t=3791.514703400397   Elapsed: 3791.46s (1h 03m)  60% completed  (60% total)
     Speed:     ev/sec=499.297   simsec/sec=1.00015   ev/simsec=499.225
     Messages:  created: 125631   present: 12   in FES: 7
** Event #1007360   t=3793.630980728435   Elapsed: 3793.58s (1h 03m)  60% completed  (60% total)
     Speed:     ev/sec=483.854   simsec/sec=0.99997   ev/simsec=483.869
     Messages:  created: 125772   present: 47   in FES: 8
** Event #1008896   t=3795.673929684315   Elapsed: 3795.62s (1h 03m)  60% completed  (60% total)
     Speed:     ev/sec=751.914   simsec/sec=1.00008   ev/simsec=751.854
     Messages:  created: 125994   present: 128   in FES: 8
** Event #1010432   t=3797.95330444096   Elapsed: 3797.9s (1h 03m)  60% completed  (60% total)
     Speed:     ev/sec=673.792   simsec/sec=0.999886   ev/simsec=673.869
     Messages:  created: 126203   present: 172   in FES: 8
** Event #1011712   t=3800.289491486606   Elapsed: 3800.24s (1h 03m)  60% completed  (60% total)
     Speed:     ev/sec=547.896   simsec/sec=0.999991   ev/simsec=547.901
     Messages:  created: 126337   present: 102   in FES: 8
** Event #1012992   t=3802.399156539316   Elapsed: 3802.35s (1h 03m)  60% completed  (60% total)
     Speed:     ev/sec=606.762   simsec/sec=1.00005   ev/simsec=606.731
     Messages:  created: 126484   present: 68   in FES: 8
** Event #1014016   t=3804.445380000907   Elapsed: 3804.4s (1h 03m)  60% completed  (60% total)
     Speed:     ev/sec=498.904   simsec/sec=0.996943   ev/simsec=500.434
     Messages:  created: 126593   present: 18   in FES: 6
** Event #1015296   t=3806.837406997902   Elapsed: 3806.79s (1h 03m)  60% completed  (60% total)
     Speed:     ev/sec=536.455   simsec/sec=1.00251   ev/simsec=535.111
     Messages:  created: 126749   present: 11   in FES: 6
** Event #1016320   t=3808.887599437048   Elapsed: 3808.84s (1h 03m)  60% completed  (60% total)
     Speed:     ev/sec=499.546   simsec/sec=1.00016   ev/simsec=499.465
     Messages:  created: 126878   present: 13   in FES: 8
** Event #1017344   t=3811.168490484959   Elapsed: 3811.12s (1h 03m)  60% completed  (60% total)
     Speed:     ev/sec=448.934   simsec/sec=0.99997   ev/simsec=448.947
     Messages:  created: 127005   present: 10   in FES: 6
** Event #1018624   t=3813.485546011098   Elapsed: 3813.44s (1h 03m)  60% completed  (60% total)
     Speed:     ev/sec=552.392   simsec/sec=0.999941   ev/simsec=552.425
     Messages:  created: 127176   present: 39   in FES: 8
** Event #1019648   t=3815.568891765463   Elapsed: 3815.52s (1h 03m)  60% completed  (60% total)
     Speed:     ev/sec=491.565   simsec/sec=1.0001   ev/simsec=491.517
     Messages:  created: 127295   present: 16   in FES: 7
** Event #1020672   t=3817.711991305491   Elapsed: 3817.66s (1h 03m)  60% completed  (60% total)
     Speed:     ev/sec=477.823   simsec/sec=1.00002   ev/simsec=477.813
     Messages:  created: 127423   present: 15   in FES: 8
** Event #1021952   t=3820.129224443731   Elapsed: 3820.1s (1h 03m)  60% completed  (60% total)
     Speed:     ev/sec=524.394   simsec/sec=0.9903   ev/simsec=529.531
     Messages:  created: 127587   present: 27   in FES: 7
** Event #1022976   t=3822.305892384524   Elapsed: 3822.26s (1h 03m)  60% completed  (60% total)
     Speed:     ev/sec=475.6   simsec/sec=1.01096   ev/simsec=470.444
     Messages:  created: 127710   present: 14   in FES: 6
** Event #1024000   t=3824.342958011008   Elapsed: 3824.29s (1h 03m)  60% completed  (60% total)
     Speed:     ev/sec=502.589   simsec/sec=0.99981   ev/simsec=502.684
     Messages:  created: 127840   present: 19   in FES: 7
** Event #1025280   t=3826.736670766751   Elapsed: 3826.69s (1h 03m)  60% completed  (60% total)
     Speed:     ev/sec=534.837   simsec/sec=1.00019   ev/simsec=534.734
     Messages:  created: 127999   present: 16   in FES: 8
** Event #1026304   t=3828.87601691625   Elapsed: 3828.83s (1h 03m)  60% completed  (60% total)
     Speed:     ev/sec=478.607   simsec/sec=0.999908   ev/simsec=478.651
     Messages:  created: 128133   present: 33   in FES: 8
** Event #1027328   t=3831.146107925325   Elapsed: 3831.1s (1h 03m)  60% completed  (60% total)
     Speed:     ev/sec=451.127   simsec/sec=1.0001   ev/simsec=451.083
     Messages:  created: 128258   present: 23   in FES: 8
** Event #1028608   t=3833.324229555621   Elapsed: 3833.29s (1h 03m)  60% completed  (60% total)
     Speed:     ev/sec=584.328   simsec/sec=0.994327   ev/simsec=587.662
     Messages:  created: 128422   present: 35   in FES: 7
** Event #1029632   t=3835.663778   Elapsed: 3835.61s (1h 03m)  60% completed  (60% total)
     Speed:     ev/sec=439.997   simsec/sec=1.00527   ev/simsec=437.691
     Messages:  created: 128540   present: 10   in FES: 6
** Event #1030400   t=3837.743178459051   Elapsed: 3837.69s (1h 03m)  60% completed  (60% total)
     Speed:     ev/sec=369.344   simsec/sec=1.00002   ev/simsec=369.337
     Messages:  created: 128637   present: 14   in FES: 8
** Event #1031680   t=3839.925856904546   Elapsed: 3839.88s (1h 03m)  60% completed  (60% total)
     Speed:     ev/sec=586.413   simsec/sec=0.999962   ev/simsec=586.435
     Messages:  created: 128803   present: 31   in FES: 8
** Event #1032704   t=3842.28181707907   Elapsed: 3842.23s (1h 04m)  60% completed  (60% total)
     Speed:     ev/sec=433.957   simsec/sec=0.998423   ev/simsec=434.642
     Messages:  created: 128924   present: 13   in FES: 7
** Event #1033728   t=3844.744207369872   Elapsed: 3844.72s (1h 04m)  61% completed  (61% total)
     Speed:     ev/sec=412.575   simsec/sec=0.992111   ev/simsec=415.856
     Messages:  created: 129052   present: 13   in FES: 6
** Event #1035008   t=3847.432944485157   Elapsed: 3847.38s (1h 04m)  61% completed  (61% total)
     Speed:     ev/sec=480.265   simsec/sec=1.00883   ev/simsec=476.06
     Messages:  created: 129211   present: 10   in FES: 6
** Event #1036032   t=3850.229870755257   Elapsed: 3850.18s (1h 04m)  61% completed  (61% total)
     Speed:     ev/sec=366.108   simsec/sec=0.999978   ev/simsec=366.116
     Messages:  created: 129339   present: 10   in FES: 6
** Event #1037056   t=3852.550470928617   Elapsed: 3852.5s (1h 04m)  61% completed  (61% total)
     Speed:     ev/sec=441.269   simsec/sec=1.00001   ev/simsec=441.265
     Messages:  created: 129467   present: 10   in FES: 6
** Event #1037568   t=3854.688623946704   Elapsed: 3854.64s (1h 04m)  61% completed  (61% total)
     Speed:     ev/sec=239.432   simsec/sec=0.999886   ev/simsec=239.459
     Messages:  created: 129531   present: 11   in FES: 7
** Event #1038592   t=3857.115873277765   Elapsed: 3857.07s (1h 04m)  61% completed  (61% total)
     Speed:     ev/sec=421.929   simsec/sec=1.00012   ev/simsec=421.877
     Messages:  created: 129660   present: 12   in FES: 7
** Event #1039872   t=3859.254983199535   Elapsed: 3859.2s (1h 04m)  61% completed  (61% total)
     Speed:     ev/sec=598.337   simsec/sec=0.999929   ev/simsec=598.38
     Messages:  created: 129833   present: 48   in FES: 8
** Event #1041152   t=3861.341284682766   Elapsed: 3861.3s (1h 04m)  61% completed  (61% total)
     Speed:     ev/sec=611.32   simsec/sec=0.996404   ev/simsec=613.526
     Messages:  created: 129983   present: 21   in FES: 7
** Event #1042688   t=3863.906787273924   Elapsed: 3863.86s (1h 04m)  61% completed  (61% total)
     Speed:     ev/sec=600.514   simsec/sec=1.00301   ev/simsec=598.713
     Messages:  created: 130175   present: 20   in FES: 7
** Event #1043712   t=3866.13016652082   Elapsed: 3866.08s (1h 04m)  61% completed  (61% total)
     Speed:     ev/sec=460.535   simsec/sec=0.999946   ev/simsec=460.56
     Messages:  created: 130298   present: 10   in FES: 6
** Event #1044992   t=3868.143095340761   Elapsed: 3868.09s (1h 04m)  61% completed  (61% total)
     Speed:     ev/sec=635.889   simsec/sec=0.999999   ev/simsec=635.889
     Messages:  created: 130473   present: 52   in FES: 8
** Event #1046272   t=3870.261201567386   Elapsed: 3870.21s (1h 04m)  61% completed  (61% total)
     Speed:     ev/sec=604.255   simsec/sec=0.999903   ev/simsec=604.313
     Messages:  created: 130640   present: 69   in FES: 8
** Event #1047552   t=3872.443162466854   Elapsed: 3872.39s (1h 04m)  61% completed  (61% total)
     Speed:     ev/sec=586.701   simsec/sec=1.00012   ev/simsec=586.628
     Messages:  created: 130801   present: 73   in FES: 8
** Event #1049088   t=3874.767619195765   Elapsed: 3874.72s (1h 04m)  61% completed  (61% total)
     Speed:     ev/sec=660.765   simsec/sec=0.999947   ev/simsec=660.8
     Messages:  created: 131010   present: 117   in FES: 8
** Event #1050368   t=3877.357365354969   Elapsed: 3877.31s (1h 04m)  61% completed  (61% total)
     Speed:     ev/sec=494.289   simsec/sec=1.00007   ev/simsec=494.257
     Messages:  created: 131133   present: 20   in FES: 8
** Event #1051392   t=3879.76517145352   Elapsed: 3879.71s (1h 04m)  61% completed  (61% total)
     Speed:     ev/sec=425.289   simsec/sec=1.00001   ev/simsec=425.283
     Messages:  created: 131260   present: 16   in FES: 8
** Event #1052672   t=3882.218300825802   Elapsed: 3882.17s (1h 04m)  61% completed  (61% total)
     Speed:     ev/sec=521.76   simsec/sec=0.999957   ev/simsec=521.783
     Messages:  created: 131418   present: 10   in FES: 6
** Event #1053440   t=3884.30017807613   Elapsed: 3884.25s (1h 04m)  61% completed  (61% total)
     Speed:     ev/sec=368.873   simsec/sec=0.999932   ev/simsec=368.898
     Messages:  created: 131514   present: 10   in FES: 6
** Event #1054464   t=3887.094980725386   Elapsed: 3887.04s (1h 04m)  61% completed  (61% total)
     Speed:     ev/sec=366.414   simsec/sec=1.00005   ev/simsec=366.394
     Messages:  created: 131642   present: 10   in FES: 6
** Event #1055232   t=3889.615276151833   Elapsed: 3889.56s (1h 04m)  61% completed  (61% total)
     Speed:     ev/sec=304.718   simsec/sec=0.999972   ev/simsec=304.726
     Messages:  created: 131738   present: 12   in FES: 7
** Event #1056000   t=3891.720493364826   Elapsed: 3891.67s (1h 04m)  61% completed  (61% total)
     Speed:     ev/sec=364.801   simsec/sec=0.999982   ev/simsec=364.808
     Messages:  created: 131834   present: 12   in FES: 7
** Event #1057024   t=3894.337841140969   Elapsed: 3894.29s (1h 04m)  61% completed  (61% total)
     Speed:     ev/sec=391.225   simsec/sec=0.999973   ev/simsec=391.236
     Messages:  created: 131962   present: 11   in FES: 7
** Event #1058048   t=3896.432530593959   Elapsed: 3896.38s (1h 04m)  61% completed  (61% total)
     Speed:     ev/sec=488.557   simsec/sec=0.999389   ev/simsec=488.855
     Messages:  created: 132090   present: 15   in FES: 7
** Event #1059072   t=3898.735361943431   Elapsed: 3898.68s (1h 04m)  61% completed  (61% total)
     Speed:     ev/sec=444.962   simsec/sec=1.00066   ev/simsec=444.67
     Messages:  created: 132216   present: 10   in FES: 6
** Event #1059840   t=3901.102250509062   Elapsed: 3901.05s (1h 05m)  61% completed  (61% total)
     Speed:     ev/sec=324.462   simsec/sec=0.999954   ev/simsec=324.477
     Messages:  created: 132313   present: 13   in FES: 8
** Event #1060864   t=3903.731718213679   Elapsed: 3903.7s (1h 05m)  61% completed  (61% total)
     Speed:     ev/sec=386.31   simsec/sec=0.991982   ev/simsec=389.432
     Messages:  created: 132439   present: 8   in FES: 4
** Event #1061376   t=3905.783402376283   Elapsed: 3905.73s (1h 05m)  61% completed  (61% total)
     Speed:     ev/sec=252.148   simsec/sec=1.01041   ev/simsec=249.551
     Messages:  created: 132504   present: 10   in FES: 6
** Event #1062400   t=3907.993499967803   Elapsed: 3907.95s (1h 05m)  62% completed  (62% total)
     Speed:     ev/sec=461.672   simsec/sec=0.996425   ev/simsec=463.328
     Messages:  created: 132634   present: 16   in FES: 7
** Event #1063424   t=3919.727176509087   Elapsed: 3919.68s (1h 05m)  62% completed  (62% total)
     Speed:     ev/sec=87.3295   simsec/sec=1.00068   ev/simsec=87.2702
     Messages:  created: 132766   present: 27   in FES: 8
** Event #1064448   t=3922.452487957757   Elapsed: 3922.4s (1h 05m)  62% completed  (62% total)
     Speed:     ev/sec=375.735   simsec/sec=0.999995   ev/simsec=375.737
     Messages:  created: 132888   present: 10   in FES: 6
** Event #1065216   t=3924.715033301234   Elapsed: 3924.66s (1h 05m)  62% completed  (62% total)
     Speed:     ev/sec=339.454   simsec/sec=1.00004   ev/simsec=339.441
     Messages:  created: 132984   present: 10   in FES: 6
** Event #1066240   t=3926.954943627599   Elapsed: 3926.9s (1h 05m)  62% completed  (62% total)
     Speed:     ev/sec=457.148   simsec/sec=0.99997   ev/simsec=457.161
     Messages:  created: 133113   present: 17   in FES: 7
** Event #1067520   t=3929.275190832476   Elapsed: 3929.22s (1h 05m)  62% completed  (62% total)
     Speed:     ev/sec=551.694   simsec/sec=1.00005   ev/simsec=551.665
     Messages:  created: 133272   present: 15   in FES: 8
** Event #1068544   t=3931.302483913019   Elapsed: 3931.25s (1h 05m)  62% completed  (62% total)
     Speed:     ev/sec=505.063   simsec/sec=0.999913   ev/simsec=505.107
     Messages:  created: 133400   present: 15   in FES: 8
** Event #1069824   t=3933.443344141423   Elapsed: 3933.39s (1h 05m)  62% completed  (62% total)
     Speed:     ev/sec=597.874   simsec/sec=0.999972   ev/simsec=597.891
     Messages:  created: 133574   present: 51   in FES: 8
** Event #1070848   t=3935.896976195846   Elapsed: 3935.86s (1h 05m)  62% completed  (62% total)
     Speed:     ev/sec=415.319   simsec/sec=0.995157   ev/simsec=417.34
     Messages:  created: 133686   present: 9   in FES: 5
** Event #1072128   t=3938.091561757726   Elapsed: 3938.04s (1h 05m)  62% completed  (62% total)
     Speed:     ev/sec=586.519   simsec/sec=1.0056   ev/simsec=583.254
     Messages:  created: 133855   present: 32   in FES: 8
** Event #1073152   t=3940.246061200907   Elapsed: 3940.2s (1h 05m)  62% completed  (62% total)
     Speed:     ev/sec=475.245   simsec/sec=0.999916   ev/simsec=475.284
     Messages:  created: 133978   present: 20   in FES: 8
** Event #1074432   t=3942.789197765685   Elapsed: 3942.74s (1h 05m)  62% completed  (62% total)
     Speed:     ev/sec=503.331   simsec/sec=1.00003   ev/simsec=503.315
     Messages:  created: 134135   present: 11   in FES: 7
** Event #1075712   t=3945.038666670335   Elapsed: 3945s (1h 05m)  62% completed  (62% total)
     Speed:     ev/sec=566.721   simsec/sec=0.995955   ev/simsec=569.023
     Messages:  created: 134304   present: 36   in FES: 7
** Event #1076992   t=3947.230622555481   Elapsed: 3947.18s (1h 05m)  62% completed  (62% total)
     Speed:     ev/sec=585.472   simsec/sec=1.0026   ev/simsec=583.953
     Messages:  created: 134455   present: 12   in FES: 7
** Event #1077760   t=3949.507746932721   Elapsed: 3949.46s (1h 05m)  62% completed  (62% total)
     Speed:     ev/sec=336.673   simsec/sec=0.998236   ev/simsec=337.267
     Messages:  created: 134551   present: 12   in FES: 7
** Event #1078784   t=3951.948683475486   Elapsed: 3951.92s (1h 05m)  62% completed  (62% total)
     Speed:     ev/sec=417.494   simsec/sec=0.995191   ev/simsec=419.511
     Messages:  created: 134679   present: 12   in FES: 7
** Event #1080064   t=3954.257004600541   Elapsed: 3954.21s (1h 05m)  62% completed  (62% total)
     Speed:     ev/sec=558.998   simsec/sec=1.00808   ev/simsec=554.516
     Messages:  created: 134845   present: 28   in FES: 7
** Event #1081600   t=3956.552677142577   Elapsed: 3956.51s (1h 05m)  62% completed  (62% total)
     Speed:     ev/sec=667.611   simsec/sec=0.997797   ev/simsec=669.085
     Messages:  created: 135039   present: 37   in FES: 7
** Event #1083136   t=3958.927864177912   Elapsed: 3958.88s (1h 05m)  62% completed  (62% total)
     Speed:     ev/sec=648.239   simsec/sec=1.0024   ev/simsec=646.686
     Messages:  created: 135229   present: 32   in FES: 8
** Event #1084160   t=3961.327162928242   Elapsed: 3961.29s (1h 06m)  62% completed  (62% total)
     Speed:     ev/sec=425.287   simsec/sec=0.996475   ev/simsec=426.791
     Messages:  created: 135350   present: 14   in FES: 7
** Event #1085440   t=3963.697198095913   Elapsed: 3963.65s (1h 06m)  62% completed  (62% total)
     Speed:     ev/sec=542.04   simsec/sec=1.00364   ev/simsec=540.076
     Messages:  created: 135511   present: 16   in FES: 8
** Event #1086720   t=3966.246364374045   Elapsed: 3966.2s (1h 06m)  62% completed  (62% total)
     Speed:     ev/sec=502.152   simsec/sec=1.00005   ev/simsec=502.125
     Messages:  created: 135668   present: 9   in FES: 5
** Event #1087744   t=3968.621580298754   Elapsed: 3968.57s (1h 06m)  62% completed  (62% total)
     Speed:     ev/sec=431.062   simsec/sec=0.999868   ev/simsec=431.119
     Messages:  created: 135797   present: 11   in FES: 6
** Event #1089024   t=3971.05811640639   Elapsed: 3971.01s (1h 06m)  63% completed  (63% total)
     Speed:     ev/sec=525.411   simsec/sec=1.00014   ev/simsec=525.336
     Messages:  created: 135960   present: 20   in FES: 8
** Event #1090816   t=3973.432585483902   Elapsed: 3973.38s (1h 06m)  63% completed  (63% total)
     Speed:     ev/sec=754.671   simsec/sec=0.999968   ev/simsec=754.695
     Messages:  created: 136203   present: 69   in FES: 8
** Event #1092352   t=3975.619732530424   Elapsed: 3975.57s (1h 06m)  63% completed  (63% total)
     Speed:     ev/sec=702.226   simsec/sec=0.999916   ev/simsec=702.285
     Messages:  created: 136417   present: 128   in FES: 8
** Event #1093632   t=3977.651956912786   Elapsed: 3977.6s (1h 06m)  63% completed  (63% total)
     Speed:     ev/sec=629.919   simsec/sec=1.00011   ev/simsec=629.852
     Messages:  created: 136562   present: 88   in FES: 8
** Event #1094912   t=3979.786707140497   Elapsed: 3979.74s (1h 06m)  63% completed  (63% total)
     Speed:     ev/sec=599.59   simsec/sec=0.999981   ev/simsec=599.602
     Messages:  created: 136707   present: 48   in FES: 8
** Event #1096192   t=3982.242859879402   Elapsed: 3982.19s (1h 06m)  63% completed  (63% total)
     Speed:     ev/sec=521.156   simsec/sec=1.00003   ev/simsec=521.14
     Messages:  created: 136853   present: 11   in FES: 6
** Event #1097216   t=3984.474973057988   Elapsed: 3984.42s (1h 06m)  63% completed  (63% total)
     Speed:     ev/sec=458.722   simsec/sec=0.999922   ev/simsec=458.758
     Messages:  created: 136983   present: 16   in FES: 7
** Event #1098496   t=3986.732235487558   Elapsed: 3986.68s (1h 06m)  63% completed  (63% total)
     Speed:     ev/sec=567.086   simsec/sec=1.00005   ev/simsec=567.059
     Messages:  created: 137148   present: 34   in FES: 8
** Event #1099776   t=3988.836217116806   Elapsed: 3988.79s (1h 06m)  63% completed  (63% total)
     Speed:     ev/sec=608.402   simsec/sec=1.00005   ev/simsec=608.37
     Messages:  created: 137306   present: 28   in FES: 8
** Event #1101312   t=3990.949319587838   Elapsed: 3990.9s (1h 06m)  63% completed  (63% total)
     Speed:     ev/sec=726.857   simsec/sec=0.99995   ev/simsec=726.893
     Messages:  created: 137498   present: 28   in FES: 7
** Event #1102592   t=3993.082726185906   Elapsed: 3993.03s (1h 06m)  63% completed  (63% total)
     Speed:     ev/sec=599.975   simsec/sec=0.999993   ev/simsec=599.979
     Messages:  created: 137653   present: 14   in FES: 7
** Event #1103616   t=3995.24852629138   Elapsed: 3995.2s (1h 06m)  63% completed  (63% total)
     Speed:     ev/sec=472.82   simsec/sec=1.00003   ev/simsec=472.804
     Messages:  created: 137779   present: 10   in FES: 6
** Event #1104896   t=3997.528469551577   Elapsed: 3997.48s (1h 06m)  63% completed  (63% total)
     Speed:     ev/sec=561.372   simsec/sec=0.999919   ev/simsec=561.417
     Messages:  created: 137946   present: 28   in FES: 8
** Event #1106176   t=4000.003925770868   Elapsed: 3999.95s (1h 06m)  63% completed  (63% total)
     Speed:     ev/sec=517.103   simsec/sec=1.00005   ev/simsec=517.076
     Messages:  created: 138100   present: 11   in FES: 7
** Event #1107200   t=4002.135484643482   Elapsed: 4002.08s (1h 06m)  63% completed  (63% total)
     Speed:     ev/sec=480.366   simsec/sec=0.99993   ev/simsec=480.4
     Messages:  created: 138234   present: 27   in FES: 8
** Event #1108480   t=4004.213400117804   Elapsed: 4004.16s (1h 06m)  63% completed  (63% total)
     Speed:     ev/sec=615.988   simsec/sec=0.999978   ev/simsec=616.002
     Messages:  created: 138394   present: 27   in FES: 7
** Event #1109760   t=4006.725728068131   Elapsed: 4006.68s (1h 06m)  63% completed  (63% total)
     Speed:     ev/sec=509.507   simsec/sec=1.00004   ev/simsec=509.488
     Messages:  created: 138547   present: 10   in FES: 6
** Event #1110784   t=4009.199484480549   Elapsed: 4009.15s (1h 06m)  63% completed  (63% total)
     Speed:     ev/sec=413.954   simsec/sec=1.00002   ev/simsec=413.945
     Messages:  created: 138679   present: 20   in FES: 8
** Event #1112064   t=4011.559260315038   Elapsed: 4011.51s (1h 06m)  63% completed  (63% total)
     Speed:     ev/sec=542.375   simsec/sec=0.99991   ev/simsec=542.424
     Messages:  created: 138836   present: 13   in FES: 6
** Event #1112832   t=4014.067346737276   Elapsed: 4014.02s (1h 06m)  63% completed  (63% total)
     Speed:     ev/sec=306.218   simsec/sec=1.00003   ev/simsec=306.21
     Messages:  created: 138931   present: 10   in FES: 6
** Event #1113856   t=4016.569106525501   Elapsed: 4016.54s (1h 06m)  63% completed  (63% total)
     Speed:     ev/sec=405.761   simsec/sec=0.991324   ev/simsec=409.312
     Messages:  created: 139057   present: 8   in FES: 4
** Event #1114880   t=4019.167387380111   Elapsed: 4019.12s (1h 06m)  63% completed  (63% total)
     Speed:     ev/sec=397.462   simsec/sec=1.00851   ev/simsec=394.107
     Messages:  created: 139186   present: 10   in FES: 6
** Event #1115904   t=4021.183664919292   Elapsed: 4021.14s (1h 07m)  63% completed  (63% total)
     Speed:     ev/sec=506.779   simsec/sec=0.997859   ev/simsec=507.867
     Messages:  created: 139319   present: 25   in FES: 7
** Event #1117184   t=4023.975864730428   Elapsed: 4023.95s (1h 07m)  63% completed  (63% total)
     Speed:     ev/sec=455.269   simsec/sec=0.993127   ev/simsec=458.42
     Messages:  created: 139473   present: 9   in FES: 5
** Event #1118208   t=4026.68322712917   Elapsed: 4026.63s (1h 07m)  63% completed  (63% total)
     Speed:     ev/sec=381.594   simsec/sec=1.0089   ev/simsec=378.228
     Messages:  created: 139602   present: 11   in FES: 7
** Event #1118720   t=4029.03956409076   Elapsed: 4029.01s (1h 07m)  63% completed  (63% total)
     Speed:     ev/sec=215.593   simsec/sec=0.992207   ev/simsec=217.286
     Messages:  created: 139665   present: 9   in FES: 5
** Event #1119744   t=4031.751646801932   Elapsed: 4031.7s (1h 07m)  63% completed  (63% total)
     Speed:     ev/sec=380.134   simsec/sec=1.00679   ev/simsec=377.57
     Messages:  created: 139795   present: 13   in FES: 8
** Event #1120768   t=4034.357809172295   Elapsed: 4034.31s (1h 07m)  64% completed  (64% total)
     Speed:     ev/sec=392.924   simsec/sec=1.00002   ev/simsec=392.915
     Messages:  created: 139923   present: 13   in FES: 8
** Event #1121536   t=4036.417799679853   Elapsed: 4036.37s (1h 07m)  64% completed  (64% total)
     Speed:     ev/sec=372.809   simsec/sec=0.999979   ev/simsec=372.817
     Messages:  created: 140017   present: 9   in FES: 5
** Event #1122560   t=4038.762281257283   Elapsed: 4038.71s (1h 07m)  64% completed  (64% total)
     Speed:     ev/sec=436.789   simsec/sec=1.00004   ev/simsec=436.77
     Messages:  created: 140147   present: 15   in FES: 8
** Event #1123584   t=4040.939643968877   Elapsed: 4040.9s (1h 07m)  64% completed  (64% total)
     Speed:     ev/sec=467.847   simsec/sec=0.994797   ev/simsec=470.294
     Messages:  created: 140282   present: 33   in FES: 7
** Event #1125120   t=4043.272782234528   Elapsed: 4043.24s (1h 07m)  64% completed  (64% total)
     Speed:     ev/sec=657.526   simsec/sec=0.998763   ev/simsec=658.341
     Messages:  created: 140477   present: 41   in FES: 7
** Event #1126400   t=4045.310930202902   Elapsed: 4045.27s (1h 07m)  64% completed  (64% total)
     Speed:     ev/sec=630.904   simsec/sec=1.00459   ev/simsec=628.021
     Messages:  created: 140631   present: 25   in FES: 7
** Event #1127936   t=4047.532847961308   Elapsed: 4047.48s (1h 07m)  64% completed  (64% total)
     Speed:     ev/sec=692.716   simsec/sec=1.00206   ev/simsec=691.295
     Messages:  created: 140825   present: 34   in FES: 7
** Event #1128960   t=4049.825289194761   Elapsed: 4049.78s (1h 07m)  64% completed  (64% total)
     Speed:     ev/sec=446.498   simsec/sec=0.999581   ev/simsec=446.685
     Messages:  created: 140944   present: 10   in FES: 5
** Event #1129728   t=4052.155813526759   Elapsed: 4052.11s (1h 07m)  64% completed  (64% total)
     Speed:     ev/sec=329.744   simsec/sec=1.00062   ev/simsec=329.54
     Messages:  created: 141041   present: 12   in FES: 7
** Event #1130752   t=4054.541526366904   Elapsed: 4054.49s (1h 07m)  64% completed  (64% total)
     Speed:     ev/sec=429.196   simsec/sec=0.99994   ev/simsec=429.222
     Messages:  created: 141170   present: 16   in FES: 8
** Event #1131776   t=4056.666102184193   Elapsed: 4056.63s (1h 07m)  64% completed  (64% total)
     Speed:     ev/sec=478.801   simsec/sec=0.993408   ev/simsec=481.979
     Messages:  created: 141296   present: 10   in FES: 6
** Event #1132800   t=4058.892041337431   Elapsed: 4058.84s (1h 07m)  64% completed  (64% total)
     Speed:     ev/sec=462.984   simsec/sec=1.00642   ev/simsec=460.031
     Messages:  created: 141425   present: 12   in FES: 7
** Event #1133824   t=4060.982905580021   Elapsed: 4060.93s (1h 07m)  64% completed  (64% total)
     Speed:     ev/sec=489.701   simsec/sec=0.999901   ev/simsec=489.75
     Messages:  created: 141560   present: 30   in FES: 8
** Event #1135360   t=4063.271558980203   Elapsed: 4063.22s (1h 07m)  64% completed  (64% total)
     Speed:     ev/sec=671.12   simsec/sec=0.999974   ev/simsec=671.137
     Messages:  created: 141745   present: 12   in FES: 7
** Event #1136640   t=4065.796070659209   Elapsed: 4065.75s (1h 07m)  64% completed  (64% total)
     Speed:     ev/sec=507.079   simsec/sec=1.0001   ev/simsec=507.029
     Messages:  created: 141905   present: 12   in FES: 7
** Event #1137920   t=4068.277629574099   Elapsed: 4068.23s (1h 07m)  64% completed  (64% total)
     Speed:     ev/sec=515.812   simsec/sec=1.00001   ev/simsec=515.805
     Messages:  created: 142066   present: 16   in FES: 7
** Event #1139456   t=4070.726655231938   Elapsed: 4070.68s (1h 07m)  64% completed  (64% total)
     Speed:     ev/sec=627.169   simsec/sec=0.999969   ev/simsec=627.188
     Messages:  created: 142261   present: 23   in FES: 7
** Event #1140480   t=4073.147462547905   Elapsed: 4073.1s (1h 07m)  64% completed  (64% total)
     Speed:     ev/sec=423.009   simsec/sec=1.00002   ev/simsec=422.999
     Messages:  created: 142386   present: 16   in FES: 8
** Event #1141248   t=4075.26277069235   Elapsed: 4075.22s (1h 07m)  64% completed  (64% total)
     Speed:     ev/sec=361.954   simsec/sec=0.996931   ev/simsec=363.068
     Messages:  created: 142480   present: 10   in FES: 6
** Event #1142272   t=4077.603232559484   Elapsed: 4077.55s (1h 07m)  64% completed  (64% total)
     Speed:     ev/sec=438.72   simsec/sec=1.00274   ev/simsec=437.52
     Messages:  created: 142609   present: 17   in FES: 8
** Event #1143296   t=4080.106355067294   Elapsed: 4080.06s (1h 08m)  64% completed  (64% total)
     Speed:     ev/sec=409.085   simsec/sec=0.999991   ev/simsec=409.089
     Messages:  created: 142734   present: 10   in FES: 6
** Event #1144320   t=4082.618489379522   Elapsed: 4082.58s (1h 08m)  64% completed  (64% total)
     Speed:     ev/sec=406.217   simsec/sec=0.996554   ev/simsec=407.622
     Messages:  created: 142863   present: 12   in FES: 6
** Event #1145344   t=4084.850962211418   Elapsed: 4084.8s (1h 08m)  64% completed  (64% total)
     Speed:     ev/sec=460.523   simsec/sec=1.00401   ev/simsec=458.684
     Messages:  created: 142995   present: 23   in FES: 8
** Event #1146368   t=4086.866162248407   Elapsed: 4086.82s (1h 08m)  64% completed  (64% total)
     Speed:     ev/sec=508.05   simsec/sec=0.999827   ev/simsec=508.138
     Messages:  created: 143126   present: 30   in FES: 8
** Event #1147904   t=4089.072128324226   Elapsed: 4089.02s (1h 08m)  64% completed  (64% total)
     Speed:     ev/sec=696.309   simsec/sec=1.00002   ev/simsec=696.294
     Messages:  created: 143328   present: 56   in FES: 8
** Event #1149184   t=4091.107072017846   Elapsed: 4091.06s (1h 08m)  64% completed  (64% total)
     Speed:     ev/sec=628.768   simsec/sec=0.999615   ev/simsec=629.01
     Messages:  created: 143477   present: 28   in FES: 7
** Event #1150464   t=4093.751511583818   Elapsed: 4093.7s (1h 08m)  64% completed  (64% total)
     Speed:     ev/sec=484.178   simsec/sec=1.0003   ev/simsec=484.035
     Messages:  created: 143631   present: 11   in FES: 7
** Event #1151488   t=4095.842287376268   Elapsed: 4095.79s (1h 08m)  65% completed  (65% total)
     Speed:     ev/sec=489.775   simsec/sec=1.00001   ev/simsec=489.77
     Messages:  created: 143760   present: 15   in FES: 8
** Event #1152768   t=4098.31817982779   Elapsed: 4098.27s (1h 08m)  65% completed  (65% total)
     Speed:     ev/sec=516.973   simsec/sec=0.999977   ev/simsec=516.985
     Messages:  created: 143918   present: 10   in FES: 6
** Event #1153792   t=4100.503127298737   Elapsed: 4100.46s (1h 08m)  65% completed  (65% total)
     Speed:     ev/sec=467.413   simsec/sec=0.997338   ev/simsec=468.661
     Messages:  created: 144047   present: 12   in FES: 7
** Event #1155072   t=4102.566920275943   Elapsed: 4102.53s (1h 08m)  65% completed  (65% total)
     Speed:     ev/sec=618.891   simsec/sec=0.997862   ev/simsec=620.217
     Messages:  created: 144225   present: 60   in FES: 7
** Event #1156864   t=4104.785284693952   Elapsed: 4104.73s (1h 08m)  65% completed  (65% total)
     Speed:     ev/sec=811.566   simsec/sec=1.00466   ev/simsec=807.802
     Messages:  created: 144484   present: 152   in FES: 8
** Event #1158144   t=4106.956928736392   Elapsed: 4106.91s (1h 08m)  65% completed  (65% total)
     Speed:     ev/sec=589.473   simsec/sec=1.0001   ev/simsec=589.415
     Messages:  created: 144631   present: 123   in FES: 8
** Event #1159680   t=4109.140180777225   Elapsed: 4109.09s (1h 08m)  65% completed  (65% total)
     Speed:     ev/sec=703.557   simsec/sec=1.00003   ev/simsec=703.538
     Messages:  created: 144818   present: 108   in FES: 8
** Event #1161216   t=4111.494620553853   Elapsed: 4111.44s (1h 08m)  65% completed  (65% total)
     Speed:     ev/sec=652.317   simsec/sec=0.999896   ev/simsec=652.384
     Messages:  created: 145008   present: 103   in FES: 8
** Event #1162752   t=4113.637008833151   Elapsed: 4113.59s (1h 08m)  65% completed  (65% total)
     Speed:     ev/sec=717.072   simsec/sec=1.00016   ev/simsec=716.957
     Messages:  created: 145198   present: 97   in FES: 8
** Event #1164032   t=4115.869149297319   Elapsed: 4115.82s (1h 08m)  65% completed  (65% total)
     Speed:     ev/sec=573.385   simsec/sec=0.999903   ev/simsec=573.441
     Messages:  created: 145336   present: 40   in FES: 7
** Event #1165312   t=4118.538500350606   Elapsed: 4118.49s (1h 08m)  65% completed  (65% total)
     Speed:     ev/sec=479.497   simsec/sec=0.999958   ev/simsec=479.517
     Messages:  created: 145485   present: 10   in FES: 6
** Event #1166080   t=4120.757109858295   Elapsed: 4120.71s (1h 08m)  65% completed  (65% total)
     Speed:     ev/sec=346.174   simsec/sec=1.00003   ev/simsec=346.163
     Messages:  created: 145582   present: 12   in FES: 8
** Event #1167104   t=4122.923692215706   Elapsed: 4122.87s (1h 08m)  65% completed  (65% total)
     Speed:     ev/sec=472.652   simsec/sec=1.00004   ev/simsec=472.634
     Messages:  created: 145710   present: 12   in FES: 7
** Event #1168128   t=4125.249374068585   Elapsed: 4125.22s (1h 08m)  65% completed  (65% total)
     Speed:     ev/sec=435.385   simsec/sec=0.988834   ev/simsec=440.301
     Messages:  created: 145838   present: 13   in FES: 6
** Event #1169152   t=4127.606772108369   Elapsed: 4127.56s (1h 08m)  65% completed  (65% total)
     Speed:     ev/sec=439.257   simsec/sec=1.01123   ev/simsec=434.377
     Messages:  created: 145965   present: 9   in FES: 5
** Event #1170176   t=4129.646692059639   Elapsed: 4129.6s (1h 08m)  65% completed  (65% total)
     Speed:     ev/sec=501.988   simsec/sec=1.00002   ev/simsec=501.98
     Messages:  created: 146095   present: 15   in FES: 8
** Event #1171456   t=4131.714280606315   Elapsed: 4131.66s (1h 08m)  65% completed  (65% total)
     Speed:     ev/sec=619.028   simsec/sec=0.999918   ev/simsec=619.079
     Messages:  created: 146259   present: 26   in FES: 7
** Event #1172480   t=4133.880600504829   Elapsed: 4133.83s (1h 08m)  65% completed  (65% total)
     Speed:     ev/sec=472.757   simsec/sec=1.00014   ev/simsec=472.691
     Messages:  created: 146383   present: 16   in FES: 8
** Event #1173760   t=4135.942875120542   Elapsed: 4135.89s (1h 08m)  65% completed  (65% total)
     Speed:     ev/sec=620.638   simsec/sec=0.999942   ev/simsec=620.674
     Messages:  created: 146544   present: 21   in FES: 8
** Event #1175040   t=4138.393503849733   Elapsed: 4138.34s (1h 08m)  65% completed  (65% total)
     Speed:     ev/sec=522.338   simsec/sec=1.00004   ev/simsec=522.315
     Messages:  created: 146701   present: 13   in FES: 8
** Event #1176320   t=4140.719867046529   Elapsed: 4140.67s (1h 09m)  65% completed  (65% total)
     Speed:     ev/sec=550.133   simsec/sec=0.999851   ev/simsec=550.215
     Messages:  created: 146859   present: 9   in FES: 5
** Event #1177344   t=4142.981097036592   Elapsed: 4142.93s (1h 09m)  65% completed  (65% total)
     Speed:     ev/sec=452.88   simsec/sec=1.00006   ev/simsec=452.851
     Messages:  created: 146988   present: 11   in FES: 7
** Event #1178624   t=4145.105144653027   Elapsed: 4145.05s (1h 09m)  65% completed  (65% total)
     Speed:     ev/sec=602.669   simsec/sec=1.00008   ev/simsec=602.623
     Messages:  created: 147148   present: 11   in FES: 6
** Event #1179648   t=4147.430541416289   Elapsed: 4147.38s (1h 09m)  65% completed  (65% total)
     Speed:     ev/sec=440.322   simsec/sec=0.999925   ev/simsec=440.355
     Messages:  created: 147279   present: 19   in FES: 8
** Event #1181184   t=4149.720772948502   Elapsed: 4149.67s (1h 09m)  65% completed  (65% total)
     Speed:     ev/sec=670.686   simsec/sec=1.00002   ev/simsec=670.675
     Messages:  created: 147474   present: 27   in FES: 8
** Event #1182208   t=4151.81365071455   Elapsed: 4151.76s (1h 09m)  65% completed  (65% total)
     Speed:     ev/sec=489.274   simsec/sec=0.999992   ev/simsec=489.278
     Messages:  created: 147604   present: 33   in FES: 8
** Event #1183488   t=4154.23034325308   Elapsed: 4154.18s (1h 09m)  65% completed  (65% total)
     Speed:     ev/sec=529.697   simsec/sec=1.00009   ev/simsec=529.65
     Messages:  created: 147759   present: 21   in FES: 8
** Event #1184768   t=4156.418409349037   Elapsed: 4156.37s (1h 09m)  65% completed  (65% total)
     Speed:     ev/sec=584.906   simsec/sec=0.999853   ev/simsec=584.991
     Messages:  created: 147917   present: 15   in FES: 8
** Event #1186048   t=4158.850046097118   Elapsed: 4158.8s (1h 09m)  66% completed  (66% total)
     Speed:     ev/sec=526.406   simsec/sec=1.00002   ev/simsec=526.394
     Messages:  created: 148075   present: 9   in FES: 5
** Event #1187072   t=4160.989987382539   Elapsed: 4160.94s (1h 09m)  66% completed  (66% total)
     Speed:     ev/sec=478.545   simsec/sec=1.00006   ev/simsec=478.518
     Messages:  created: 148205   present: 15   in FES: 7
** Event #1188352   t=4163.16736576709   Elapsed: 4163.12s (1h 09m)  66% completed  (66% total)
     Speed:     ev/sec=587.849   simsec/sec=0.999976   ev/simsec=587.863
     Messages:  created: 148373   present: 37   in FES: 8
** Event #1189888   t=4165.435294904774   Elapsed: 4165.4s (1h 09m)  66% completed  (66% total)
     Speed:     ev/sec=673.323   simsec/sec=0.994172   ev/simsec=677.27
     Messages:  created: 148561   present: 26   in FES: 7
** Event #1190912   t=4167.44267276677   Elapsed: 4167.41s (1h 09m)  66% completed  (66% total)
     Speed:     ev/sec=507.744   simsec/sec=0.995345   ev/simsec=510.118
     Messages:  created: 148682   present: 11   in FES: 6
** Event #1191936   t=4169.651868177285   Elapsed: 4169.6s (1h 09m)  66% completed  (66% total)
     Speed:     ev/sec=468.362   simsec/sec=1.01045   ev/simsec=463.517
     Messages:  created: 148812   present: 16   in FES: 8
** Event #1193216   t=4172.249250424783   Elapsed: 4172.2s (1h 09m)  66% completed  (66% total)
     Speed:     ev/sec=492.771   simsec/sec=0.999933   ev/simsec=492.804
     Messages:  created: 148970   present: 10   in FES: 6
** Event #1194240   t=4174.6937810695   Elapsed: 4174.65s (1h 09m)  66% completed  (66% total)
     Speed:     ev/sec=418.265   simsec/sec=0.998499   ev/simsec=418.894
     Messages:  created: 149101   present: 19   in FES: 7
** Event #1195264   t=4177.295850632054   Elapsed: 4177.25s (1h 09m)  66% completed  (66% total)
     Speed:     ev/sec=393.697   simsec/sec=1.00042   ev/simsec=393.533
     Messages:  created: 149226   present: 11   in FES: 7
** Event #1196288   t=4179.593854903897   Elapsed: 4179.54s (1h 09m)  66% completed  (66% total)
     Speed:     ev/sec=446.129   simsec/sec=1.00118   ev/simsec=445.604
     Messages:  created: 149355   present: 13   in FES: 7
** Event #1197568   t=4181.837425688138   Elapsed: 4181.8s (1h 09m)  66% completed  (66% total)
     Speed:     ev/sec=567.43   simsec/sec=0.994586   ev/simsec=570.519
     Messages:  created: 149514   present: 11   in FES: 5
** Event #1198592   t=4184.107877092222   Elapsed: 4184.06s (1h 09m)  66% completed  (66% total)
     Speed:     ev/sec=453.398   simsec/sec=1.00529   ev/simsec=451.012
     Messages:  created: 149642   present: 10   in FES: 6
** Event #1199616   t=4186.174010590626   Elapsed: 4186.12s (1h 09m)  66% completed  (66% total)
     Speed:     ev/sec=495.615   simsec/sec=1.00001   ev/simsec=495.612
     Messages:  created: 149772   present: 16   in FES: 8
** Event #1200896   t=4188.581271603496   Elapsed: 4188.53s (1h 09m)  66% completed  (66% total)
     Speed:     ev/sec=531.745   simsec/sec=1.00004   ev/simsec=531.725
     Messages:  created: 149931   present: 14   in FES: 8
** Event #1202176   t=4191.031157375164   Elapsed: 4190.98s (1h 09m)  66% completed  (66% total)
     Speed:     ev/sec=522.48   simsec/sec=1.00001   ev/simsec=522.473
     Messages:  created: 150092   present: 15   in FES: 8
** Event #1203200   t=4193.601509567731   Elapsed: 4193.56s (1h 09m)  66% completed  (66% total)
     Speed:     ev/sec=396.426   simsec/sec=0.995073   ev/simsec=398.389
     Messages:  created: 150218   present: 11   in FES: 6
** Event #1204480   t=4195.657939806345   Elapsed: 4195.61s (1h 09m)  66% completed  (66% total)
     Speed:     ev/sec=625.676   simsec/sec=1.0052   ev/simsec=622.438
     Messages:  created: 150378   present: 11   in FES: 6
** Event #1205760   t=4197.949038435851   Elapsed: 4197.9s (1h 09m)  66% completed  (66% total)
     Speed:     ev/sec=559.181   simsec/sec=1.00089   ev/simsec=558.684
     Messages:  created: 150539   present: 17   in FES: 8
** Event #1207296   t=4200.522097375968   Elapsed: 4200.47s (1h 10m)  66% completed  (66% total)
     Speed:     ev/sec=596.406   simsec/sec=0.999081   ev/simsec=596.955
     Messages:  created: 150729   present: 13   in FES: 7
** Event #1208320   t=4202.717941750662   Elapsed: 4202.67s (1h 10m)  66% completed  (66% total)
     Speed:     ev/sec=466.842   simsec/sec=1.00109   ev/simsec=466.335
     Messages:  created: 150856   present: 10   in FES: 6
** Event #1209088   t=4204.732368977118   Elapsed: 4204.68s (1h 10m)  66% completed  (66% total)
     Speed:     ev/sec=381.236   simsec/sec=0.999964   ev/simsec=381.25
     Messages:  created: 150954   present: 15   in FES: 8
** Event #1209856   t=4207.181267501511   Elapsed: 4207.13s (1h 10m)  66% completed  (66% total)
     Speed:     ev/sec=313.636   simsec/sec=1.00008   ev/simsec=313.61
     Messages:  created: 151049   present: 12   in FES: 6
** Event #1210624   t=4209.549309911513   Elapsed: 4209.5s (1h 10m)  66% completed  (66% total)
     Speed:     ev/sec=324.305   simsec/sec=0.999959   ev/simsec=324.319
     Messages:  created: 151144   present: 9   in FES: 5
** Event #1211648   t=4211.835842594101   Elapsed: 4211.79s (1h 10m)  66% completed  (66% total)
     Speed:     ev/sec=447.866   simsec/sec=1.00006   ev/simsec=447.84
     Messages:  created: 151272   present: 9   in FES: 5
** Event #1212416   t=4214.045811752009   Elapsed: 4214s (1h 10m)  66% completed  (66% total)
     Speed:     ev/sec=347.487   simsec/sec=0.999915   ev/simsec=347.516
     Messages:  created: 151368   present: 9   in FES: 5
** Event #1213184   t=4216.05615343221   Elapsed: 4216.01s (1h 10m)  66% completed  (66% total)
     Speed:     ev/sec=382.072   simsec/sec=1.00012   ev/simsec=382.025
     Messages:  created: 151464   present: 11   in FES: 7
** Event #1214208   t=4218.064385635777   Elapsed: 4218.01s (1h 10m)  66% completed  (66% total)
     Speed:     ev/sec=509.902   simsec/sec=1   ev/simsec=509.901
     Messages:  created: 151592   present: 11   in FES: 6
** Event #1214976   t=4220.546054035413   Elapsed: 4220.5s (1h 10m)  66% completed  (66% total)
     Speed:     ev/sec=309.451   simsec/sec=0.99994   ev/simsec=309.469
     Messages:  created: 151688   present: 11   in FES: 7
** Event #1215744   t=4222.574471253753   Elapsed: 4222.52s (1h 10m)  67% completed  (67% total)
     Speed:     ev/sec=378.593   simsec/sec=0.999927   ev/simsec=378.62
     Messages:  created: 151787   present: 17   in FES: 8
** Event #1216768   t=4224.77407701957   Elapsed: 4224.72s (1h 10m)  67% completed  (67% total)
     Speed:     ev/sec=465.504   simsec/sec=0.999928   ev/simsec=465.538
     Messages:  created: 151913   present: 12   in FES: 7
** Event #1217792   t=4228.129779218213   Elapsed: 4228.08s (1h 10m)  67% completed  (67% total)
     Speed:     ev/sec=305.187   simsec/sec=1.00011   ev/simsec=305.152
     Messages:  created: 152039   present: 11   in FES: 7
** Event #1218816   t=4230.528341520138   Elapsed: 4230.48s (1h 10m)  67% completed  (67% total)
     Speed:     ev/sec=426.896   simsec/sec=0.999938   ev/simsec=426.922
     Messages:  created: 152167   present: 12   in FES: 7
** Event #1219584   t=4232.555257215779   Elapsed: 4232.5s (1h 10m)  67% completed  (67% total)
     Speed:     ev/sec=378.883   simsec/sec=0.999954   ev/simsec=378.901
     Messages:  created: 152262   present: 9   in FES: 5
** Event #1220352   t=4235.209332338998   Elapsed: 4235.16s (1h 10m)  67% completed  (67% total)
     Speed:     ev/sec=289.378   simsec/sec=1.00004   ev/simsec=289.366
     Messages:  created: 152358   present: 9   in FES: 5
** Event #1221120   t=4237.619855343974   Elapsed: 4237.57s (1h 10m)  67% completed  (67% total)
     Speed:     ev/sec=318.604   simsec/sec=1   ev/simsec=318.603
     Messages:  created: 152455   present: 12   in FES: 6
** Event #1222144   t=4239.629087525536   Elapsed: 4239.58s (1h 10m)  67% completed  (67% total)
     Speed:     ev/sec=509.651   simsec/sec=1.00001   ev/simsec=509.647
     Messages:  created: 152588   present: 24   in FES: 8
** Event #1223680   t=4241.718775365349   Elapsed: 4241.67s (1h 10m)  67% completed  (67% total)
     Speed:     ev/sec=735.11   simsec/sec=1.0001   ev/simsec=735.038
     Messages:  created: 152777   present: 17   in FES: 8
** Event #1224704   t=4244.009022313297   Elapsed: 4243.96s (1h 10m)  67% completed  (67% total)
     Speed:     ev/sec=447.099   simsec/sec=0.999968   ev/simsec=447.113
     Messages:  created: 152905   present: 17   in FES: 7
** Event #1225728   t=4246.311879589614   Elapsed: 4246.26s (1h 10m)  67% completed  (67% total)
     Speed:     ev/sec=444.625   simsec/sec=0.999911   ev/simsec=444.665
     Messages:  created: 153031   present: 11   in FES: 7
** Event #1226752   t=4248.683559044444   Elapsed: 4248.64s (1h 10m)  67% completed  (67% total)
     Speed:     ev/sec=430.168   simsec/sec=0.996309   ev/simsec=431.762
     Messages:  created: 153160   present: 14   in FES: 7
** Event #1228800   t=4250.823286286138   Elapsed: 4250.77s (1h 10m)  67% completed  (67% total)
     Speed:     ev/sec=961.143   simsec/sec=1.00419   ev/simsec=957.131
     Messages:  created: 153453   present: 113   in FES: 8
** Event #1230592   t=4253.004719104701   Elapsed: 4252.95s (1h 10m)  67% completed  (67% total)
     Speed:     ev/sec=821.45   simsec/sec=0.999966   ev/simsec=821.478
     Messages:  created: 153681   present: 123   in FES: 8
** Event #1232128   t=4255.118793450865   Elapsed: 4255.07s (1h 10m)  67% completed  (67% total)
     Speed:     ev/sec=726.549   simsec/sec=0.999986   ev/simsec=726.559
     Messages:  created: 153864   present: 100   in FES: 8
** Event #1233920   t=4257.337533791783   Elapsed: 4257.29s (1h 10m)  67% completed  (67% total)
     Speed:     ev/sec=807.668   simsec/sec=1   ev/simsec=807.665
     Messages:  created: 154089   present: 106   in FES: 8
** Event #1235456   t=4259.400309141407   Elapsed: 4259.35s (1h 10m)  67% completed  (67% total)
     Speed:     ev/sec=743.02   simsec/sec=0.99784   ev/simsec=744.628
     Messages:  created: 154292   present: 135   in FES: 7
** Event #1236992   t=4261.408796202898   Elapsed: 4261.36s (1h 11m)  67% completed  (67% total)
     Speed:     ev/sec=766.424   simsec/sec=1.00218   ev/simsec=764.755
     Messages:  created: 154478   present: 120   in FES: 7
** Event #1238528   t=4263.477100693569   Elapsed: 4263.43s (1h 11m)  67% completed  (67% total)
     Speed:     ev/sec=742.699   simsec/sec=1.00008   ev/simsec=742.637
     Messages:  created: 154665   present: 107   in FES: 8
** Event #1239808   t=4265.794707899399   Elapsed: 4265.75s (1h 11m)  67% completed  (67% total)
     Speed:     ev/sec=550.73   simsec/sec=0.997169   ev/simsec=552.294
     Messages:  created: 154791   present: 16   in FES: 6
** Event #1240576   t=4267.900241830409   Elapsed: 4267.85s (1h 11m)  67% completed  (67% total)
     Speed:     ev/sec=365.9   simsec/sec=1.00314   ev/simsec=364.753
     Messages:  created: 154886   present: 14   in FES: 8
** Event #1242368   t=4270.113441253615   Elapsed: 4270.07s (1h 11m)  67% completed  (67% total)
     Speed:     ev/sec=806.328   simsec/sec=0.995851   ev/simsec=809.688
     Messages:  created: 155135   present: 80   in FES: 7
** Event #1243904   t=4272.361090608662   Elapsed: 4272.31s (1h 11m)  67% completed  (67% total)
     Speed:     ev/sec=686.178   simsec/sec=1.00409   ev/simsec=683.381
     Messages:  created: 155325   present: 74   in FES: 8
** Event #1245440   t=4274.658124491944   Elapsed: 4274.61s (1h 11m)  67% completed  (67% total)
     Speed:     ev/sec=668.704   simsec/sec=1.00002   ev/simsec=668.688
     Messages:  created: 155505   present: 42   in FES: 8
** Event #1246720   t=4277.088957566089   Elapsed: 4277.07s (1h 11m)  67% completed  (67% total)
     Speed:     ev/sec=520.076   simsec/sec=0.98767   ev/simsec=526.568
     Messages:  created: 155652   present: 8   in FES: 4
** Event #1247488   t=4279.186364206399   Elapsed: 4279.14s (1h 11m)  67% completed  (67% total)
     Speed:     ev/sec=371.522   simsec/sec=1.01463   ev/simsec=366.166
     Messages:  created: 155750   present: 14   in FES: 8
** Event #1248256   t=4281.689907657933   Elapsed: 4281.64s (1h 11m)  67% completed  (67% total)
     Speed:     ev/sec=306.793   simsec/sec=1.00009   ev/simsec=306.765
     Messages:  created: 155845   present: 11   in FES: 6
** Event #1250048   t=4283.800146380309   Elapsed: 4283.75s (1h 11m)  67% completed  (67% total)
     Speed:     ev/sec=849.164   simsec/sec=0.999965   ev/simsec=849.193
     Messages:  created: 156086   present: 55   in FES: 8
** Event #1251328   t=4285.959999237276   Elapsed: 4285.91s (1h 11m)  68% completed  (68% total)
     Speed:     ev/sec=592.548   simsec/sec=0.999856   ev/simsec=592.633
     Messages:  created: 156233   present: 24   in FES: 8
** Event #1252864   t=4288.180893572584   Elapsed: 4288.15s (1h 11m)  68% completed  (68% total)
     Speed:     ev/sec=685.609   simsec/sec=0.991319   ev/simsec=691.613
     Messages:  created: 156425   present: 25   in FES: 7
** Event #1254912   t=4290.481015828326   Elapsed: 4290.43s (1h 11m)  68% completed  (68% total)
     Speed:     ev/sec=898.037   simsec/sec=1.00859   ev/simsec=890.387
     Messages:  created: 156704   present: 87   in FES: 8
** Event #1256192   t=4292.569453795638   Elapsed: 4292.52s (1h 11m)  68% completed  (68% total)
     Speed:     ev/sec=612.544   simsec/sec=0.999421   ev/simsec=612.898
     Messages:  created: 156845   present: 36   in FES: 7
** Event #1257216   t=4294.870924580358   Elapsed: 4294.82s (1h 11m)  68% completed  (68% total)
     Speed:     ev/sec=445.165   simsec/sec=1.00052   ev/simsec=444.933
     Messages:  created: 156964   present: 11   in FES: 7
** Event #1258240   t=4297.021782100409   Elapsed: 4296.97s (1h 11m)  68% completed  (68% total)
     Speed:     ev/sec=475.954   simsec/sec=0.999716   ev/simsec=476.089
     Messages:  created: 157092   present: 12   in FES: 7
** Event #1259264   t=4299.046826555158   Elapsed: 4299s (1h 11m)  68% completed  (68% total)
     Speed:     ev/sec=505.893   simsec/sec=1.00045   ev/simsec=505.668
     Messages:  created: 157219   present: 10   in FES: 6
** Event #1260544   t=4301.070764599317   Elapsed: 4301.02s (1h 11m)  68% completed  (68% total)
     Speed:     ev/sec=632.405   simsec/sec=0.99996   ev/simsec=632.43
     Messages:  created: 157381   present: 15   in FES: 7
** Event #1261824   t=4303.406233623791   Elapsed: 4303.36s (1h 11m)  68% completed  (68% total)
     Speed:     ev/sec=548.083   simsec/sec=1.00002   ev/simsec=548.07
     Messages:  created: 157544   present: 23   in FES: 8
** Event #1263616   t=4305.568818928994   Elapsed: 4305.52s (1h 11m)  68% completed  (68% total)
     Speed:     ev/sec=828.385   simsec/sec=0.999695   ev/simsec=828.638
     Messages:  created: 157773   present: 36   in FES: 7
** Event #1264640   t=4307.760644117962   Elapsed: 4307.71s (1h 11m)  68% completed  (68% total)
     Speed:     ev/sec=467.3   simsec/sec=1.00023   ev/simsec=467.191
     Messages:  created: 157891   present: 10   in FES: 6
** Event #1265920   t=4309.836095349873   Elapsed: 4309.79s (1h 11m)  68% completed  (68% total)
     Speed:     ev/sec=616.746   simsec/sec=1.00002   ev/simsec=616.733
     Messages:  created: 158053   present: 14   in FES: 7
** Event #1266688   t=4312.071628222842   Elapsed: 4312.02s (1h 11m)  68% completed  (68% total)
     Speed:     ev/sec=343.545   simsec/sec=1.00001   ev/simsec=343.542
     Messages:  created: 158147   present: 10   in FES: 6
** Event #1267712   t=4314.154549724675   Elapsed: 4314.11s (1h 11m)  68% completed  (68% total)
     Speed:     ev/sec=491.198   simsec/sec=0.999147   ev/simsec=491.617
     Messages:  created: 158276   present: 12   in FES: 7
** Event #1268992   t=4316.459117277968   Elapsed: 4316.41s (1h 11m)  68% completed  (68% total)
     Speed:     ev/sec=555.813   simsec/sec=1.00071   ev/simsec=555.419
     Messages:  created: 158436   present: 15   in FES: 7
** Event #1270272   t=4319.004833864193   Elapsed: 4318.95s (1h 11m)  68% completed  (68% total)
     Speed:     ev/sec=502.805   simsec/sec=0.999999   ev/simsec=502.805
     Messages:  created: 158595   present: 12   in FES: 7
** Event #1270784   t=4321.019660682541   Elapsed: 4320.97s (1h 12m)  68% completed  (68% total)
     Speed:     ev/sec=254.132   simsec/sec=1.00006   ev/simsec=254.116
     Messages:  created: 158658   present: 12   in FES: 8
** Event #1271552   t=4323.327541558693   Elapsed: 4323.28s (1h 12m)  68% completed  (68% total)
     Speed:     ev/sec=332.755   simsec/sec=0.999946   ev/simsec=332.773
     Messages:  created: 158754   present: 12   in FES: 7
** Event #1272832   t=4325.433706802219   Elapsed: 4325.38s (1h 12m)  68% completed  (68% total)
     Speed:     ev/sec=607.767   simsec/sec=1.00005   ev/simsec=607.74
     Messages:  created: 158915   present: 13   in FES: 8
** Event #1274112   t=4327.746097253814   Elapsed: 4327.7s (1h 12m)  68% completed  (68% total)
     Speed:     ev/sec=553.569   simsec/sec=1.00005   ev/simsec=553.54
     Messages:  created: 159078   present: 21   in FES: 8
** Event #1275392   t=4330.509770166651   Elapsed: 4330.46s (1h 12m)  68% completed  (68% total)
     Speed:     ev/sec=463.125   simsec/sec=0.999943   ev/simsec=463.152
     Messages:  created: 159233   present: 9   in FES: 5
** Event #1276416   t=4332.898955240209   Elapsed: 4332.85s (1h 12m)  68% completed  (68% total)
     Speed:     ev/sec=428.599   simsec/sec=1   ev/simsec=428.598
     Messages:  created: 159361   present: 9   in FES: 5
** Event #1277440   t=4335.021968091442   Elapsed: 4334.97s (1h 12m)  68% completed  (68% total)
     Speed:     ev/sec=482.311   simsec/sec=0.999953   ev/simsec=482.333
     Messages:  created: 159490   present: 11   in FES: 6
** Event #1278464   t=4338.027411964089   Elapsed: 4337.98s (1h 12m)  68% completed  (68% total)
     Speed:     ev/sec=340.723   simsec/sec=1.00002   ev/simsec=340.715
     Messages:  created: 159618   present: 10   in FES: 6
** Event #1279232   t=4340.028681353724   Elapsed: 4339.98s (1h 12m)  68% completed  (68% total)
     Speed:     ev/sec=383.747   simsec/sec=0.999976   ev/simsec=383.756
     Messages:  created: 159714   present: 11   in FES: 7
** Event #1280256   t=4342.041723383686   Elapsed: 4341.99s (1h 12m)  68% completed  (68% total)
     Speed:     ev/sec=508.68   simsec/sec=0.999995   ev/simsec=508.683
     Messages:  created: 159842   present: 11   in FES: 6
** Event #1281280   t=4344.6118363713   Elapsed: 4344.56s (1h 12m)  68% completed  (68% total)
     Speed:     ev/sec=398.421   simsec/sec=0.999988   ev/simsec=398.426
     Messages:  created: 159970   present: 10   in FES: 6
** Event #1282304   t=4347.34660115131   Elapsed: 4347.3s (1h 12m)  69% completed  (69% total)
     Speed:     ev/sec=374.46   simsec/sec=1.00006   ev/simsec=374.438
     Messages:  created: 160097   present: 11   in FES: 6
** Event #1283072   t=4349.414429867786   Elapsed: 4349.36s (1h 12m)  69% completed  (69% total)
     Speed:     ev/sec=371.374   simsec/sec=0.999919   ev/simsec=371.404
     Messages:  created: 160195   present: 17   in FES: 8
** Event #1284352   t=4351.552771690142   Elapsed: 4351.5s (1h 12m)  69% completed  (69% total)
     Speed:     ev/sec=598.656   simsec/sec=1.0001   ev/simsec=598.595
     Messages:  created: 160353   present: 12   in FES: 7
** Event #1285376   t=4354.077642015761   Elapsed: 4354.03s (1h 12m)  69% completed  (69% total)
     Speed:     ev/sec=405.515   simsec/sec=0.999877   ev/simsec=405.565
     Messages:  created: 160482   present: 15   in FES: 7
** Event #1286144   t=4356.770853616474   Elapsed: 4356.72s (1h 12m)  69% completed  (69% total)
     Speed:     ev/sec=285.191   simsec/sec=1.0001   ev/simsec=285.161
     Messages:  created: 160576   present: 10   in FES: 6
** Event #1286912   t=4359.160530410881   Elapsed: 4359.11s (1h 12m)  69% completed  (69% total)
     Speed:     ev/sec=321.377   simsec/sec=0.999984   ev/simsec=321.382
     Messages:  created: 160673   present: 12   in FES: 6
** Event #1288448   t=4361.408630072688   Elapsed: 4361.36s (1h 12m)  69% completed  (69% total)
     Speed:     ev/sec=683.214   simsec/sec=0.999957   ev/simsec=683.244
     Messages:  created: 160865   present: 13   in FES: 7
** Event #1289472   t=4363.520597081361   Elapsed: 4363.47s (1h 12m)  69% completed  (69% total)
     Speed:     ev/sec=484.854   simsec/sec=0.999996   ev/simsec=484.856
     Messages:  created: 160993   present: 12   in FES: 7
** Event #1290752   t=4365.858843728639   Elapsed: 4365.81s (1h 12m)  69% completed  (69% total)
     Speed:     ev/sec=547.399   simsec/sec=0.999965   ev/simsec=547.419
     Messages:  created: 161155   present: 17   in FES: 8
** Event #1291776   t=4368.154810453687   Elapsed: 4368.1s (1h 12m)  69% completed  (69% total)
     Speed:     ev/sec=446.071   simsec/sec=1.00016   ev/simsec=445.999
     Messages:  created: 161280   present: 10   in FES: 6
** Event #1292800   t=4370.476042141785   Elapsed: 4370.43s (1h 12m)  69% completed  (69% total)
     Speed:     ev/sec=441.141   simsec/sec=0.999992   ev/simsec=441.145
     Messages:  created: 161409   present: 12   in FES: 7
** Event #1293824   t=4372.832272700245   Elapsed: 4372.78s (1h 12m)  69% completed  (69% total)
     Speed:     ev/sec=434.54   simsec/sec=0.999879   ev/simsec=434.592
     Messages:  created: 161537   present: 11   in FES: 7
** Event #1295104   t=4375.237655994579   Elapsed: 4375.19s (1h 12m)  69% completed  (69% total)
     Speed:     ev/sec=532.204   simsec/sec=1.00012   ev/simsec=532.14
     Messages:  created: 161697   present: 12   in FES: 7
** Event #1296128   t=4377.672185445783   Elapsed: 4377.62s (1h 12m)  69% completed  (69% total)
     Speed:     ev/sec=420.555   simsec/sec=0.999857   ev/simsec=420.615
     Messages:  created: 161824   present: 12   in FES: 8
** Event #1297664   t=4379.758159808072   Elapsed: 4379.71s (1h 12m)  69% completed  (69% total)
     Speed:     ev/sec=736.466   simsec/sec=1.00016   ev/simsec=736.347
     Messages:  created: 162019   present: 22   in FES: 8
** Event #1298688   t=4382.342981551521   Elapsed: 4382.29s (1h 13m)  69% completed  (69% total)
     Speed:     ev/sec=396.127   simsec/sec=0.99992   ev/simsec=396.159
     Messages:  created: 162144   present: 15   in FES: 8
** Event #1299968   t=4385.056609721439   Elapsed: 4385.01s (1h 13m)  69% completed  (69% total)
     Speed:     ev/sec=471.108   simsec/sec=0.998759   ev/simsec=471.693
     Messages:  created: 162302   present: 9   in FES: 5
** Event #1300736   t=4387.093180188634   Elapsed: 4387.04s (1h 13m)  69% completed  (69% total)
     Speed:     ev/sec=377.711   simsec/sec=1.00161   ev/simsec=377.105
     Messages:  created: 162400   present: 15   in FES: 8
** Event #1301504   t=4389.37530345247   Elapsed: 4389.32s (1h 13m)  69% completed  (69% total)
     Speed:     ev/sec=336.543   simsec/sec=1.00004   ev/simsec=336.529
     Messages:  created: 162495   present: 12   in FES: 7
** Event #1302528   t=4391.588716762748   Elapsed: 4391.55s (1h 13m)  69% completed  (69% total)
     Speed:     ev/sec=461.188   simsec/sec=0.996875   ev/simsec=462.634
     Messages:  created: 162622   present: 9   in FES: 5
** Event #1303296   t=4393.805200368487   Elapsed: 4393.82s (1h 13m)  69% completed  (69% total)
     Speed:     ev/sec=337.335   simsec/sec=0.973564   ev/simsec=346.495
     Messages:  created: 162718   present: 9   in FES: 5
** Event #1304064   t=4396.088148244124   Elapsed: 4396.04s (1h 13m)  69% completed  (69% total)
     Speed:     ev/sec=346.589   simsec/sec=1.03027   ev/simsec=336.407
     Messages:  created: 162815   present: 11   in FES: 7
** Event #1304832   t=4398.310638647888   Elapsed: 4398.26s (1h 13m)  69% completed  (69% total)
     Speed:     ev/sec=345.207   simsec/sec=0.998983   ev/simsec=345.558
     Messages:  created: 162910   present: 9   in FES: 5
** Event #1306112   t=4400.476918739492   Elapsed: 4400.43s (1h 13m)  69% completed  (69% total)
     Speed:     ev/sec=591.51   simsec/sec=1.00107   ev/simsec=590.875
     Messages:  created: 163072   present: 15   in FES: 8
** Event #1307136   t=4402.655006390478   Elapsed: 4402.6s (1h 13m)  69% completed  (69% total)
     Speed:     ev/sec=470.133   simsec/sec=0.999991   ev/simsec=470.137
     Messages:  created: 163200   present: 14   in FES: 7
** Event #1308416   t=4405.194368429742   Elapsed: 4405.14s (1h 13m)  69% completed  (69% total)
     Speed:     ev/sec=504.059   simsec/sec=0.99999   ev/simsec=504.064
     Messages:  created: 163360   present: 14   in FES: 8
** Event #1309696   t=4407.771473748576   Elapsed: 4407.72s (1h 13m)  69% completed  (69% total)
     Speed:     ev/sec=496.31   simsec/sec=0.999252   ev/simsec=496.681
     Messages:  created: 163517   present: 10   in FES: 6
** Event #1310976   t=4409.982265046913   Elapsed: 4409.93s (1h 13m)  69% completed  (69% total)
     Speed:     ev/sec=579.473   simsec/sec=1.00085   ev/simsec=578.978
     Messages:  created: 163681   present: 20   in FES: 8
** Event #1312512   t=4412.368758564863   Elapsed: 4412.32s (1h 13m)  70% completed  (70% total)
     Speed:     ev/sec=643.695   simsec/sec=1.00011   ev/simsec=643.622
     Messages:  created: 163870   present: 12   in FES: 8
** Event #1313536   t=4414.779624084758   Elapsed: 4414.73s (1h 13m)  70% completed  (70% total)
     Speed:     ev/sec=424.677   simsec/sec=0.999843   ev/simsec=424.744
     Messages:  created: 163999   present: 14   in FES: 8
** Event #1314816   t=4416.785249700836   Elapsed: 4416.73s (1h 13m)  70% completed  (70% total)
     Speed:     ev/sec=638.222   simsec/sec=1.00003   ev/simsec=638.205
     Messages:  created: 164157   present: 9   in FES: 5
** Event #1315840   t=4419.291818713887   Elapsed: 4419.24s (1h 13m)  70% completed  (70% total)
     Speed:     ev/sec=408.38   simsec/sec=0.999642   ev/simsec=408.527
     Messages:  created: 164285   present: 10   in FES: 6
** Event #1316864   t=4421.53814178254   Elapsed: 4421.49s (1h 13m)  70% completed  (70% total)
     Speed:     ev/sec=456.057   simsec/sec=1.00044   ev/simsec=455.856
     Messages:  created: 164414   present: 12   in FES: 7
** Event #1317888   t=4423.854835750118   Elapsed: 4423.8s (1h 13m)  70% completed  (70% total)
     Speed:     ev/sec=442.024   simsec/sec=1.00003   ev/simsec=442.009
     Messages:  created: 164543   present: 14   in FES: 8
** Event #1318656   t=4426.466124376676   Elapsed: 4426.42s (1h 13m)  70% completed  (70% total)
     Speed:     ev/sec=294.11   simsec/sec=1.00001   ev/simsec=294.108
     Messages:  created: 164637   present: 9   in FES: 5
** Event #1319168   t=4434.255026444463   Elapsed: 4434.21s (1h 13m)  70% completed  (70% total)
     Speed:     ev/sec=65.7246   simsec/sec=0.999849   ev/simsec=65.7346
     Messages:  created: 164701   present: 10   in FES: 6
** Event #1320192   t=4436.598454979685   Elapsed: 4436.55s (1h 13m)  70% completed  (70% total)
     Speed:     ev/sec=437.174   simsec/sec=1.00047   ev/simsec=436.967
     Messages:  created: 164828   present: 11   in FES: 6
** Event #1321472   t=4439.041127169359   Elapsed: 4438.99s (1h 13m)  70% completed  (70% total)
     Speed:     ev/sec=524.013   simsec/sec=0.999993   ev/simsec=524.016
     Messages:  created: 164989   present: 13   in FES: 7
** Event #1322752   t=4441.099010691692   Elapsed: 4441.05s (1h 14m)  70% completed  (70% total)
     Speed:     ev/sec=621.994   simsec/sec=0.999993   ev/simsec=621.998
     Messages:  created: 165147   present: 9   in FES: 5
** Event #1323520   t=4443.101668693921   Elapsed: 4443.05s (1h 14m)  70% completed  (70% total)
     Speed:     ev/sec=383.502   simsec/sec=1.00003   ev/simsec=383.49
     Messages:  created: 165245   present: 14   in FES: 8
** Event #1324544   t=4445.469861111049   Elapsed: 4445.42s (1h 14m)  70% completed  (70% total)
     Speed:     ev/sec=432.404   simsec/sec=1.00002   ev/simsec=432.397
     Messages:  created: 165374   present: 18   in FES: 8
** Event #1326080   t=4447.856508185024   Elapsed: 4447.81s (1h 14m)  70% completed  (70% total)
     Speed:     ev/sec=643.545   simsec/sec=0.999944   ev/simsec=643.581
     Messages:  created: 165564   present: 11   in FES: 7
** Event #1327616   t=4450.199902245689   Elapsed: 4450.15s (1h 14m)  70% completed  (70% total)
     Speed:     ev/sec=655.517   simsec/sec=1.00009   ev/simsec=655.46
     Messages:  created: 165759   present: 19   in FES: 8
** Event #1329408   t=4452.654146715674   Elapsed: 4452.6s (1h 14m)  70% completed  (70% total)
     Speed:     ev/sec=730.184   simsec/sec=1.00003   ev/simsec=730.164
     Messages:  created: 165979   present: 10   in FES: 6
** Event #1330688   t=4455.190060967842   Elapsed: 4455.14s (1h 14m)  70% completed  (70% total)
     Speed:     ev/sec=504.698   simsec/sec=0.999898   ev/simsec=504.749
     Messages:  created: 166141   present: 14   in FES: 7
** Event #1332224   t=4457.426524757601   Elapsed: 4457.38s (1h 14m)  70% completed  (70% total)
     Speed:     ev/sec=686.825   simsec/sec=1.00004   ev/simsec=686.799
     Messages:  created: 166350   present: 59   in FES: 8
** Event #1333504   t=4459.51424181741   Elapsed: 4459.46s (1h 14m)  70% completed  (70% total)
     Speed:     ev/sec=613.069   simsec/sec=0.999934   ev/simsec=613.11
     Messages:  created: 166491   present: 10   in FES: 6
** Event #1334784   t=4461.785439360588   Elapsed: 4461.74s (1h 14m)  70% completed  (70% total)
     Speed:     ev/sec=562.842   simsec/sec=0.998693   ev/simsec=563.579
     Messages:  created: 166653   present: 15   in FES: 7
** Event #1336064   t=4464.630314813735   Elapsed: 4464.58s (1h 14m)  70% completed  (70% total)
     Speed:     ev/sec=450.417   simsec/sec=1.00108   ev/simsec=449.932
     Messages:  created: 166811   present: 10   in FES: 6
** Event #1336832   t=4466.671404322015   Elapsed: 4466.62s (1h 14m)  70% completed  (70% total)
     Speed:     ev/sec=376.29   simsec/sec=1.00005   ev/simsec=376.27
     Messages:  created: 166908   present: 15   in FES: 8
** Event #1338112   t=4469.214326367896   Elapsed: 4469.16s (1h 14m)  70% completed  (70% total)
     Speed:     ev/sec=503.377   simsec/sec=1.00004   ev/simsec=503.358
     Messages:  created: 167067   present: 13   in FES: 7
** Event #1339136   t=4471.730362667261   Elapsed: 4471.68s (1h 14m)  70% completed  (70% total)
     Speed:     ev/sec=406.808   simsec/sec=0.999555   ev/simsec=406.989
     Messages:  created: 167193   present: 8   in FES: 4
** Event #1340160   t=4474.130645435344   Elapsed: 4474.08s (1h 14m)  71% completed  (71% total)
     Speed:     ev/sec=426.801   simsec/sec=1.00043   ev/simsec=426.616
     Messages:  created: 167322   present: 11   in FES: 7
** Event #1341184   t=4476.401496787335   Elapsed: 4476.35s (1h 14m)  71% completed  (71% total)
     Speed:     ev/sec=450.902   simsec/sec=0.999933   ev/simsec=450.932
     Messages:  created: 167452   present: 15   in FES: 8
** Event #1342464   t=4478.591317137609   Elapsed: 4478.54s (1h 14m)  71% completed  (71% total)
     Speed:     ev/sec=584.507   simsec/sec=0.999972   ev/simsec=584.523
     Messages:  created: 167611   present: 14   in FES: 8
** Event #1344000   t=4480.842250358105   Elapsed: 4480.79s (1h 14m)  71% completed  (71% total)
     Speed:     ev/sec=682.481   simsec/sec=1.00014   ev/simsec=682.384
     Messages:  created: 167804   present: 15   in FES: 8
** Event #1345280   t=4482.90875757567   Elapsed: 4482.87s (1h 14m)  71% completed  (71% total)
     Speed:     ev/sec=615.847   simsec/sec=0.994259   ev/simsec=619.403
     Messages:  created: 167964   present: 16   in FES: 6
** Event #1346304   t=4485.130859680757   Elapsed: 4485.08s (1h 14m)  71% completed  (71% total)
     Speed:     ev/sec=463.267   simsec/sec=1.0053   ev/simsec=460.825
     Messages:  created: 168091   present: 13   in FES: 8
** Event #1347584   t=4487.325711683925   Elapsed: 4487.28s (1h 14m)  71% completed  (71% total)
     Speed:     ev/sec=583.172   simsec/sec=0.999981   ev/simsec=583.183
     Messages:  created: 168265   present: 50   in FES: 8
** Event #1348608   t=4489.814485262155   Elapsed: 4489.76s (1h 14m)  71% completed  (71% total)
     Speed:     ev/sec=411.455   simsec/sec=1.00002   ev/simsec=411.448
     Messages:  created: 168379   present: 12   in FES: 7
** Event #1349632   t=4492.300941267011   Elapsed: 4492.25s (1h 14m)  71% completed  (71% total)
     Speed:     ev/sec=411.809   simsec/sec=0.999947   ev/simsec=411.831
     Messages:  created: 168507   present: 13   in FES: 7
** Event #1350656   t=4494.537623439492   Elapsed: 4494.49s (1h 14m)  71% completed  (71% total)
     Speed:     ev/sec=457.846   simsec/sec=1.00005   ev/simsec=457.821
     Messages:  created: 168635   present: 14   in FES: 7
** Event #1351680   t=4496.826729445997   Elapsed: 4496.78s (1h 14m)  71% completed  (71% total)
     Speed:     ev/sec=447.326   simsec/sec=0.999977   ev/simsec=447.336
     Messages:  created: 168764   present: 19   in FES: 8
** Event #1352960   t=4499.177436551043   Elapsed: 4499.13s (1h 14m)  71% completed  (71% total)
     Speed:     ev/sec=543.875   simsec/sec=0.998822   ev/simsec=544.517
     Messages:  created: 168923   present: 17   in FES: 7
** Event #1353984   t=4502.053128728103   Elapsed: 4502.02s (1h 15m)  71% completed  (71% total)
     Speed:     ev/sec=353.678   simsec/sec=0.993231   ev/simsec=356.088
     Messages:  created: 169048   present: 10   in FES: 6
** Event #1354752   t=4504.389764499246   Elapsed: 4504.34s (1h 15m)  71% completed  (71% total)
     Speed:     ev/sec=331.89   simsec/sec=1.00977   ev/simsec=328.678
     Messages:  created: 169145   present: 12   in FES: 7
** Event #1356032   t=4506.912372115937   Elapsed: 4506.86s (1h 15m)  71% completed  (71% total)
     Speed:     ev/sec=507.245   simsec/sec=0.999673   ev/simsec=507.411
     Messages:  created: 169304   present: 10   in FES: 6
** Event #1357312   t=4508.986866548979   Elapsed: 4508.95s (1h 15m)  71% completed  (71% total)
     Speed:     ev/sec=614.126   simsec/sec=0.995313   ev/simsec=617.018
     Messages:  created: 169464   present: 10   in FES: 5
** Event #1358336   t=4511.386590711974   Elapsed: 4511.34s (1h 15m)  71% completed  (71% total)
     Speed:     ev/sec=428.427   simsec/sec=1.00401   ev/simsec=426.716
     Messages:  created: 169592   present: 10   in FES: 6
** Event #1359360   t=4513.62269419406   Elapsed: 4513.58s (1h 15m)  71% completed  (71% total)
     Speed:     ev/sec=456.35   simsec/sec=0.99653   ev/simsec=457.939
     Messages:  created: 169720   present: 10   in FES: 6
** Event #1360384   t=4516.129324106582   Elapsed: 4516.11s (1h 15m)  71% completed  (71% total)
     Speed:     ev/sec=404.992   simsec/sec=0.991372   ev/simsec=408.517
     Messages:  created: 169848   present: 10   in FES: 6
** Event #1361408   t=4518.843599247286   Elapsed: 4518.79s (1h 15m)  71% completed  (71% total)
     Speed:     ev/sec=381.537   simsec/sec=1.01132   ev/simsec=377.265
     Messages:  created: 169976   present: 9   in FES: 5
** Event #1362176   t=4521.082488221803   Elapsed: 4521.03s (1h 15m)  71% completed  (71% total)
     Speed:     ev/sec=343.043   simsec/sec=1.00005   ev/simsec=343.027
     Messages:  created: 170073   present: 12   in FES: 7
** Event #1363200   t=4523.508849648467   Elapsed: 4523.46s (1h 15m)  71% completed  (71% total)
     Speed:     ev/sec=422.008   simsec/sec=0.999945   ev/simsec=422.031
     Messages:  created: 170202   present: 14   in FES: 7
** Event #1364224   t=4525.871515132106   Elapsed: 4525.82s (1h 15m)  71% completed  (71% total)
     Speed:     ev/sec=433.408   simsec/sec=0.999999   ev/simsec=433.409
     Messages:  created: 170328   present: 13   in FES: 7
** Event #1365504   t=4528.070130968939   Elapsed: 4528.02s (1h 15m)  71% completed  (71% total)
     Speed:     ev/sec=582.238   simsec/sec=1.00009   ev/simsec=582.184
     Messages:  created: 170492   present: 24   in FES: 8
** Event #1366784   t=4530.557075458128   Elapsed: 4530.51s (1h 15m)  71% completed  (71% total)
     Speed:     ev/sec=514.68   simsec/sec=0.999985   ev/simsec=514.688
     Messages:  created: 170648   present: 13   in FES: 7
** Event #1368320   t=4532.882668094929   Elapsed: 4532.84s (1h 15m)  71% completed  (71% total)
     Speed:     ev/sec=658.882   simsec/sec=0.997585   ev/simsec=660.477
     Messages:  created: 170839   present: 11   in FES: 6
** Event #1369344   t=4535.228677937953   Elapsed: 4535.19s (1h 15m)  71% completed  (71% total)
     Speed:     ev/sec=435.799   simsec/sec=0.998426   ev/simsec=436.486
     Messages:  created: 170967   present: 11   in FES: 6
** Event #1370112   t=4537.338158017015   Elapsed: 4537.29s (1h 15m)  72% completed  (72% total)
     Speed:     ev/sec=365.651   simsec/sec=1.00434   ev/simsec=364.071
     Messages:  created: 171063   present: 10   in FES: 6
** Event #1371392   t=4539.389005513376   Elapsed: 4539.34s (1h 15m)  72% completed  (72% total)
     Speed:     ev/sec=624.224   simsec/sec=1.00015   ev/simsec=624.132
     Messages:  created: 171227   present: 22   in FES: 8
** Event #1372160   t=4541.675448463056   Elapsed: 4541.62s (1h 15m)  72% completed  (72% total)
     Speed:     ev/sec=335.863   simsec/sec=0.99991   ev/simsec=335.893
     Messages:  created: 171319   present: 10   in FES: 6
** Event #1372928   t=4544.631568223075   Elapsed: 4544.59s (1h 15m)  72% completed  (72% total)
     Speed:     ev/sec=259.387   simsec/sec=0.998412   ev/simsec=259.8
     Messages:  created: 171415   present: 11   in FES: 6
** Event #1373696   t=4546.702410621152   Elapsed: 4546.69s (1h 15m)  72% completed  (72% total)
     Speed:     ev/sec=364.771   simsec/sec=0.983571   ev/simsec=370.864
     Messages:  created: 171511   present: 11   in FES: 6
** Event #1374720   t=4548.839398375747   Elapsed: 4548.79s (1h 15m)  72% completed  (72% total)
     Speed:     ev/sec=488.072   simsec/sec=1.01856   ev/simsec=479.179
     Messages:  created: 171639   present: 11   in FES: 7
** Event #1375744   t=4551.429700541274   Elapsed: 4551.38s (1h 15m)  72% completed  (72% total)
     Speed:     ev/sec=395.383   simsec/sec=1.00016   ev/simsec=395.321
     Messages:  created: 171767   present: 10   in FES: 6
** Event #1376512   t=4553.611177051019   Elapsed: 4553.56s (1h 15m)  72% completed  (72% total)
     Speed:     ev/sec=351.996   simsec/sec=0.999832   ev/simsec=352.055
     Messages:  created: 171863   present: 11   in FES: 6
** Event #1377536   t=4555.930541719602   Elapsed: 4555.88s (1h 15m)  72% completed  (72% total)
     Speed:     ev/sec=441.582   simsec/sec=1.00019   ev/simsec=441.5
     Messages:  created: 171991   present: 15   in FES: 8
** Event #1378816   t=4558.523014245531   Elapsed: 4558.47s (1h 15m)  72% completed  (72% total)
     Speed:     ev/sec=493.712   simsec/sec=0.999948   ev/simsec=493.737
     Messages:  created: 172152   present: 16   in FES: 7
** Event #1380096   t=4560.896589992155   Elapsed: 4560.85s (1h 16m)  72% completed  (72% total)
     Speed:     ev/sec=539.313   simsec/sec=1.00008   ev/simsec=539.271
     Messages:  created: 172309   present: 10   in FES: 6
** Event #1381376   t=4563.264804378089   Elapsed: 4563.21s (1h 16m)  72% completed  (72% total)
     Speed:     ev/sec=540.494   simsec/sec=1   ev/simsec=540.492
     Messages:  created: 172470   present: 13   in FES: 6
** Event #1382400   t=4565.619877479759   Elapsed: 4565.57s (1h 16m)  72% completed  (72% total)
     Speed:     ev/sec=434.788   simsec/sec=0.999958   ev/simsec=434.806
     Messages:  created: 172599   present: 16   in FES: 7
** Event #1383424   t=4568.343735806401   Elapsed: 4568.29s (1h 16m)  72% completed  (72% total)
     Speed:     ev/sec=375.948   simsec/sec=1.00003   ev/simsec=375.937
     Messages:  created: 172726   present: 12   in FES: 8
** Event #1384448   t=4570.345180312245   Elapsed: 4570.29s (1h 16m)  72% completed  (72% total)
     Speed:     ev/sec=511.593   simsec/sec=0.999926   ev/simsec=511.63
     Messages:  created: 172859   present: 26   in FES: 8
** Event #1385472   t=4572.463998259517   Elapsed: 4572.41s (1h 16m)  72% completed  (72% total)
     Speed:     ev/sec=483.099   simsec/sec=0.999608   ev/simsec=483.288
     Messages:  created: 172982   present: 13   in FES: 7
** Event #1386496   t=4575.005588280043   Elapsed: 4574.95s (1h 16m)  72% completed  (72% total)
     Speed:     ev/sec=403.03   simsec/sec=1.00033   ev/simsec=402.897
     Messages:  created: 173109   present: 9   in FES: 5
** Event #1387520   t=4577.415587084302   Elapsed: 4577.36s (1h 16m)  72% completed  (72% total)
     Speed:     ev/sec=424.895   simsec/sec=0.999997   ev/simsec=424.896
     Messages:  created: 173237   present: 11   in FES: 7
** Event #1388544   t=4579.808918184396   Elapsed: 4579.76s (1h 16m)  72% completed  (72% total)
     Speed:     ev/sec=427.855   simsec/sec=1   ev/simsec=427.856
     Messages:  created: 173366   present: 13   in FES: 7
** Event #1389568   t=4582.320558051724   Elapsed: 4582.27s (1h 16m)  72% completed  (72% total)
     Speed:     ev/sec=407.7   simsec/sec=0.999995   ev/simsec=407.702
     Messages:  created: 173493   present: 11   in FES: 7
** Event #1390848   t=4584.60776814369   Elapsed: 4584.56s (1h 16m)  72% completed  (72% total)
     Speed:     ev/sec=559.635   simsec/sec=1   ev/simsec=559.634
     Messages:  created: 173653   present: 10   in FES: 6
** Event #1391616   t=4586.694362057701   Elapsed: 4586.64s (1h 16m)  72% completed  (72% total)
     Speed:     ev/sec=368.09   simsec/sec=1.00007   ev/simsec=368.064
     Messages:  created: 173749   present: 13   in FES: 7
** Event #1392384   t=4589.352338459156   Elapsed: 4589.3s (1h 16m)  72% completed  (72% total)
     Speed:     ev/sec=288.916   simsec/sec=0.999912   ev/simsec=288.942
     Messages:  created: 173844   present: 11   in FES: 7
** Event #1393152   t=4592.63957740942   Elapsed: 4592.59s (1h 16m)  72% completed  (72% total)
     Speed:     ev/sec=233.634   simsec/sec=1.00002   ev/simsec=233.631
     Messages:  created: 173940   present: 10   in FES: 6
** Event #1393920   t=4594.709142415344   Elapsed: 4594.66s (1h 16m)  72% completed  (72% total)
     Speed:     ev/sec=371.071   simsec/sec=0.999943   ev/simsec=371.092
     Messages:  created: 174039   present: 19   in FES: 7
** Event #1395200   t=4597.328752512595   Elapsed: 4597.28s (1h 16m)  72% completed  (72% total)
     Speed:     ev/sec=488.683   simsec/sec=1.00012   ev/simsec=488.622
     Messages:  created: 174196   present: 11   in FES: 7
** Event #1396480   t=4599.881361764914   Elapsed: 4599.84s (1h 16m)  73% completed  (73% total)
     Speed:     ev/sec=500.381   simsec/sec=0.997872   ev/simsec=501.448
     Messages:  created: 174355   present: 9   in FES: 5
** Event #1397760   t=4602.467554966737   Elapsed: 4602.42s (1h 16m)  73% completed  (73% total)
     Speed:     ev/sec=495.972   simsec/sec=1.00209   ev/simsec=494.936
     Messages:  created: 174518   present: 16   in FES: 7
** Event #1399040   t=4604.822822151363   Elapsed: 4604.78s (1h 16m)  73% completed  (73% total)
     Speed:     ev/sec=542.197   simsec/sec=0.997672   ev/simsec=543.463
     Messages:  created: 174678   present: 17   in FES: 7
** Event #1400320   t=4606.897012042321   Elapsed: 4606.86s (1h 16m)  73% completed  (73% total)
     Speed:     ev/sec=616.015   simsec/sec=0.998227   ev/simsec=617.108
     Messages:  created: 174841   present: 25   in FES: 7
** Event #1401600   t=4609.106909188811   Elapsed: 4609.07s (1h 16m)  73% completed  (73% total)
     Speed:     ev/sec=577.595   simsec/sec=0.997208   ev/simsec=579.212
     Messages:  created: 174995   present: 9   in FES: 5
** Event #1402880   t=4611.376113896278   Elapsed: 4611.33s (1h 16m)  73% completed  (73% total)
     Speed:     ev/sec=567.954   simsec/sec=1.00688   ev/simsec=564.074
     Messages:  created: 175160   present: 23   in FES: 8
** Event #1404416   t=4613.657646463983   Elapsed: 4613.61s (1h 16m)  73% completed  (73% total)
     Speed:     ev/sec=673.203   simsec/sec=0.999957   ev/simsec=673.232
     Messages:  created: 175355   present: 29   in FES: 8
** Event #1405696   t=4616.079688884875   Elapsed: 4616.04s (1h 16m)  73% completed  (73% total)
     Speed:     ev/sec=526.165   simsec/sec=0.995619   ev/simsec=528.48
     Messages:  created: 175506   present: 10   in FES: 6
** Event #1406720   t=4618.446740027276   Elapsed: 4618.4s (1h 16m)  73% completed  (73% total)
     Speed:     ev/sec=434.569   simsec/sec=1.00454   ev/simsec=432.606
     Messages:  created: 175636   present: 14   in FES: 8
** Event #1407744   t=4620.556243393476   Elapsed: 4620.51s (1h 17m)  73% completed  (73% total)
     Speed:     ev/sec=484.484   simsec/sec=0.998068   ev/simsec=485.422
     Messages:  created: 175762   present: 11   in FES: 7
** Event #1408512   t=4622.593066910175   Elapsed: 4622.54s (1h 17m)  73% completed  (73% total)
     Speed:     ev/sec=377.714   simsec/sec=1.00174   ev/simsec=377.058
     Messages:  created: 175858   present: 11   in FES: 7
** Event #1409536   t=4624.756241716199   Elapsed: 4624.71s (1h 17m)  73% completed  (73% total)
     Speed:     ev/sec=473.435   simsec/sec=1.00012   ev/simsec=473.378
     Messages:  created: 175986   present: 10   in FES: 6
** Event #1410816   t=4626.998708812207   Elapsed: 4626.95s (1h 17m)  73% completed  (73% total)
     Speed:     ev/sec=570.879   simsec/sec=1.00014   ev/simsec=570.8
     Messages:  created: 176146   present: 10   in FES: 6
** Event #1411840   t=4629.040919720866   Elapsed: 4628.99s (1h 17m)  73% completed  (73% total)
     Speed:     ev/sec=501.401   simsec/sec=0.999968   ev/simsec=501.417
     Messages:  created: 176278   present: 21   in FES: 8
** Event #1413120   t=4631.44309737856   Elapsed: 4631.39s (1h 17m)  73% completed  (73% total)
     Speed:     ev/sec=532.858   simsec/sec=1.00002   ev/simsec=532.85
     Messages:  created: 176434   present: 10   in FES: 6
** Event #1414144   t=4633.523666490139   Elapsed: 4633.47s (1h 17m)  73% completed  (73% total)
     Speed:     ev/sec=492.116   simsec/sec=0.999884   ev/simsec=492.173
     Messages:  created: 176562   present: 11   in FES: 7
** Event #1415168   t=4635.990089525997   Elapsed: 4635.94s (1h 17m)  73% completed  (73% total)
     Speed:     ev/sec=415.153   simsec/sec=0.999943   ev/simsec=415.176
     Messages:  created: 176690   present: 10   in FES: 6
** Event #1415936   t=4637.99365200265   Elapsed: 4637.94s (1h 17m)  73% completed  (73% total)
     Speed:     ev/sec=383.353   simsec/sec=1.00009   ev/simsec=383.317
     Messages:  created: 176787   present: 13   in FES: 8
** Event #1417216   t=4640.369749033209   Elapsed: 4640.33s (1h 17m)  73% completed  (73% total)
     Speed:     ev/sec=536.184   simsec/sec=0.995333   ev/simsec=538.699
     Messages:  created: 176949   present: 19   in FES: 7
** Event #1418496   t=4642.42601215226   Elapsed: 4642.38s (1h 17m)  73% completed  (73% total)
     Speed:     ev/sec=625.879   simsec/sec=1.00545   ev/simsec=622.488
     Messages:  created: 177107   present: 14   in FES: 7
** Event #1419520   t=4645.214561845948   Elapsed: 4645.17s (1h 17m)  73% completed  (73% total)
     Speed:     ev/sec=366.575   simsec/sec=0.998254   ev/simsec=367.216
     Messages:  created: 177234   present: 11   in FES: 7
** Event #1420288   t=4647.230375198975   Elapsed: 4647.18s (1h 17m)  73% completed  (73% total)
     Speed:     ev/sec=381.897   simsec/sec=1.00239   ev/simsec=380.988
     Messages:  created: 177329   present: 11   in FES: 7
** Event #1421312   t=4649.369389352152   Elapsed: 4649.32s (1h 17m)  73% completed  (73% total)
     Speed:     ev/sec=478.751   simsec/sec=1.00005   ev/simsec=478.725
     Messages:  created: 177456   present: 10   in FES: 6
** Event #1422336   t=4651.791442809189   Elapsed: 4651.74s (1h 17m)  73% completed  (73% total)
     Speed:     ev/sec=422.749   simsec/sec=0.999922   ev/simsec=422.782
     Messages:  created: 177584   present: 9   in FES: 5
** Event #1423104   t=4654.270674647885   Elapsed: 4654.22s (1h 17m)  73% completed  (73% total)
     Speed:     ev/sec=309.822   simsec/sec=1.00016   ev/simsec=309.773
     Messages:  created: 177680   present: 10   in FES: 6
** Event #1423872   t=4656.376045747303   Elapsed: 4656.33s (1h 17m)  73% completed  (73% total)
     Speed:     ev/sec=364.739   simsec/sec=0.999884   ev/simsec=364.781
     Messages:  created: 177778   present: 14   in FES: 7
** Event #1424640   t=4658.580610389308   Elapsed: 4658.53s (1h 17m)  73% completed  (73% total)
     Speed:     ev/sec=348.397   simsec/sec=1.00008   ev/simsec=348.368
     Messages:  created: 177873   present: 11   in FES: 7
** Event #1425664   t=4661.216308186332   Elapsed: 4661.18s (1h 17m)  73% completed  (73% total)
     Speed:     ev/sec=386.924   simsec/sec=0.995913   ev/simsec=388.512
     Messages:  created: 178001   present: 12   in FES: 6
** Event #1426944   t=4663.786543166198   Elapsed: 4663.74s (1h 17m)  74% completed  (74% total)
     Speed:     ev/sec=499.01   simsec/sec=1.00201   ev/simsec=498.009
     Messages:  created: 178161   present: 12   in FES: 5
** Event #1427712   t=4665.908785298306   Elapsed: 4665.86s (1h 17m)  74% completed  (74% total)
     Speed:     ev/sec=362.863   simsec/sec=1.00271   ev/simsec=361.881
     Messages:  created: 178259   present: 16   in FES: 8
** Event #1428992   t=4668.319369455325   Elapsed: 4668.27s (1h 17m)  74% completed  (74% total)
     Speed:     ev/sec=530.913   simsec/sec=0.999852   ev/simsec=530.992
     Messages:  created: 178416   present: 9   in FES: 5
** Event #1430016   t=4670.629471313849   Elapsed: 4670.58s (1h 17m)  74% completed  (74% total)
     Speed:     ev/sec=443.291   simsec/sec=1.00005   ev/simsec=443.27
     Messages:  created: 178548   present: 19   in FES: 8
** Event #1430784   t=4673.062878338489   Elapsed: 4673.01s (1h 17m)  74% completed  (74% total)
     Speed:     ev/sec=315.61   simsec/sec=1.00001   ev/simsec=315.607
     Messages:  created: 178641   present: 11   in FES: 7
** Event #1431552   t=4675.660991821752   Elapsed: 4675.62s (1h 17m)  74% completed  (74% total)
     Speed:     ev/sec=294.361   simsec/sec=0.995813   ev/simsec=295.599
     Messages:  created: 178737   present: 12   in FES: 7
** Event #1432576   t=4678.132246853364   Elapsed: 4678.08s (1h 17m)  74% completed  (74% total)
     Speed:     ev/sec=416.207   simsec/sec=1.00445   ev/simsec=414.364
     Messages:  created: 178863   present: 11   in FES: 7
** Event #1433856   t=4680.505007020398   Elapsed: 4680.45s (1h 18m)  74% completed  (74% total)
     Speed:     ev/sec=539.441   simsec/sec=0.999972   ev/simsec=539.456
     Messages:  created: 179025   present: 16   in FES: 8
** Event #1435136   t=4682.683937260298   Elapsed: 4682.64s (1h 18m)  74% completed  (74% total)
     Speed:     ev/sec=584.832   simsec/sec=0.995554   ev/simsec=587.444
     Messages:  created: 179184   present: 14   in FES: 6
** Event #1436160   t=4684.937277918178   Elapsed: 4684.89s (1h 18m)  74% completed  (74% total)
     Speed:     ev/sec=456.413   simsec/sec=1.00435   ev/simsec=454.436
     Messages:  created: 179310   present: 9   in FES: 5
** Event #1437440   t=4687.333237996899   Elapsed: 4687.28s (1h 18m)  74% completed  (74% total)
     Speed:     ev/sec=534.217   simsec/sec=0.999972   ev/simsec=534.233
     Messages:  created: 179474   present: 18   in FES: 8
** Event #1438208   t=4689.372063093755   Elapsed: 4689.32s (1h 18m)  74% completed  (74% total)
     Speed:     ev/sec=376.701   simsec/sec=1.00004   ev/simsec=376.688
     Messages:  created: 179567   present: 11   in FES: 7
** Event #1439232   t=4691.959682295434   Elapsed: 4691.91s (1h 18m)  74% completed  (74% total)
     Speed:     ev/sec=395.757   simsec/sec=1.00007   ev/simsec=395.731
     Messages:  created: 179695   present: 10   in FES: 6
** Event #1440256   t=4693.972076709391   Elapsed: 4693.93s (1h 18m)  74% completed  (74% total)
     Speed:     ev/sec=507.618   simsec/sec=0.997586   ev/simsec=508.847
     Messages:  created: 179824   present: 14   in FES: 7
** Event #1441280   t=4696.36334441773   Elapsed: 4696.31s (1h 18m)  74% completed  (74% total)
     Speed:     ev/sec=429.067   simsec/sec=1.00197   ev/simsec=428.225
     Messages:  created: 179952   present: 13   in FES: 8
** Event #1441792   t=4698.786431990143   Elapsed: 4698.74s (1h 18m)  74% completed  (74% total)
     Speed:     ev/sec=211.314   simsec/sec=1.00006   ev/simsec=211.301
     Messages:  created: 180015   present: 11   in FES: 7
** Event #1443072   t=4701.401442265154   Elapsed: 4701.35s (1h 18m)  74% completed  (74% total)
     Speed:     ev/sec=489.466   simsec/sec=0.999967   ev/simsec=489.482
     Messages:  created: 180174   present: 9   in FES: 5
** Event #1443840   t=4703.773890623098   Elapsed: 4703.72s (1h 18m)  74% completed  (74% total)
     Speed:     ev/sec=323.735   simsec/sec=1.00006   ev/simsec=323.716
     Messages:  created: 180271   present: 11   in FES: 7
** Event #1444608   t=4706.561515202874   Elapsed: 4706.51s (1h 18m)  74% completed  (74% total)
     Speed:     ev/sec=275.49   simsec/sec=0.99995   ev/simsec=275.503
     Messages:  created: 180365   present: 9   in FES: 5
** Event #1445376   t=4708.726455652437   Elapsed: 4708.68s (1h 18m)  74% completed  (74% total)
     Speed:     ev/sec=354.748   simsec/sec=1.00001   ev/simsec=354.744
     Messages:  created: 180461   present: 9   in FES: 5
** Event #1446144   t=4711.311652746455   Elapsed: 4711.26s (1h 18m)  74% completed  (74% total)
     Speed:     ev/sec=297.088   simsec/sec=1.00004   ev/simsec=297.076
     Messages:  created: 180557   present: 9   in FES: 5
** Event #1446912   t=4713.737075303044   Elapsed: 4713.69s (1h 18m)  74% completed  (74% total)
     Speed:     ev/sec=316.617   simsec/sec=0.99991   ev/simsec=316.646
     Messages:  created: 180654   present: 11   in FES: 7
** Event #1447936   t=4716.218664631529   Elapsed: 4716.17s (1h 18m)  74% completed  (74% total)
     Speed:     ev/sec=412.639   simsec/sec=1   ev/simsec=412.639
     Messages:  created: 180781   present: 9   in FES: 5
** Event #1448448   t=4718.563843380683   Elapsed: 4718.51s (1h 18m)  74% completed  (74% total)
     Speed:     ev/sec=218.321   simsec/sec=1   ev/simsec=218.32
     Messages:  created: 180846   present: 12   in FES: 8
** Event #1449216   t=4720.637616780619   Elapsed: 4720.59s (1h 18m)  74% completed  (74% total)
     Speed:     ev/sec=370.105   simsec/sec=0.999368   ev/simsec=370.339
     Messages:  created: 180943   present: 15   in FES: 7
** Event #1450240   t=4722.906528634169   Elapsed: 4722.86s (1h 18m)  74% completed  (74% total)
     Speed:     ev/sec=451.578   simsec/sec=1.00058   ev/simsec=451.318
     Messages:  created: 181070   present: 13   in FES: 7
** Event #1451264   t=4725.211994762641   Elapsed: 4725.16s (1h 18m)  75% completed  (75% total)
     Speed:     ev/sec=444.182   simsec/sec=1.00005   ev/simsec=444.162
     Messages:  created: 181198   present: 12   in FES: 8
** Event #1452032   t=4727.7469946833   Elapsed: 4727.71s (1h 18m)  75% completed  (75% total)
     Speed:     ev/sec=301.656   simsec/sec=0.995701   ev/simsec=302.959
     Messages:  created: 181295   present: 15   in FES: 7
** Event #1453056   t=4729.925310920557   Elapsed: 4729.87s (1h 18m)  75% completed  (75% total)
     Speed:     ev/sec=472.458   simsec/sec=1.00504   ev/simsec=470.088
     Messages:  created: 181446   present: 76   in FES: 8
** Event #1454848   t=4732.256412929153   Elapsed: 4732.21s (1h 18m)  75% completed  (75% total)
     Speed:     ev/sec=768.676   simsec/sec=0.999923   ev/simsec=768.735
     Messages:  created: 181683   present: 111   in FES: 7
** Event #1455872   t=4734.596526983735   Elapsed: 4734.55s (1h 18m)  75% completed  (75% total)
     Speed:     ev/sec=437.637   simsec/sec=1.00012   ev/simsec=437.586
     Messages:  created: 181773   present: 10   in FES: 6
** Event #1456640   t=4737.054472632405   Elapsed: 4737s (1h 18m)  75% completed  (75% total)
     Speed:     ev/sec=312.431   simsec/sec=0.999921   ev/simsec=312.456
     Messages:  created: 181868   present: 11   in FES: 7
** Event #1457408   t=4739.451368057608   Elapsed: 4739.4s (1h 18m)  75% completed  (75% total)
     Speed:     ev/sec=320.405   simsec/sec=0.999971   ev/simsec=320.414
     Messages:  created: 181964   present: 10   in FES: 6
** Event #1458176   t=4741.697809611109   Elapsed: 4741.65s (1h 19m)  75% completed  (75% total)
     Speed:     ev/sec=341.927   simsec/sec=1.00015   ev/simsec=341.874
     Messages:  created: 182060   present: 12   in FES: 7
** Event #1458944   t=4744.207996713764   Elapsed: 4744.19s (1h 19m)  75% completed  (75% total)
     Speed:     ev/sec=301.798   simsec/sec=0.986417   ev/simsec=305.953
     Messages:  created: 182155   present: 9   in FES: 5
** Event #1459456   t=4746.306276170693   Elapsed: 4746.26s (1h 19m)  75% completed  (75% total)
     Speed:     ev/sec=248.078   simsec/sec=1.01667   ev/simsec=244.009
     Messages:  created: 182221   present: 13   in FES: 8
** Event #1460736   t=4748.65088898919   Elapsed: 4748.6s (1h 19m)  75% completed  (75% total)
     Speed:     ev/sec=545.908   simsec/sec=0.999956   ev/simsec=545.932
     Messages:  created: 182382   present: 17   in FES: 7
** Event #1462016   t=4750.715912497094   Elapsed: 4750.67s (1h 19m)  75% completed  (75% total)
     Speed:     ev/sec=619.911   simsec/sec=1.0001   ev/simsec=619.848
     Messages:  created: 182545   present: 26   in FES: 8
** Event #1463296   t=4753.037725775892   Elapsed: 4752.99s (1h 19m)  75% completed  (75% total)
     Speed:     ev/sec=551.212   simsec/sec=0.999853   ev/simsec=551.293
     Messages:  created: 182715   present: 52   in FES: 7
** Event #1464576   t=4755.072991857938   Elapsed: 4755.03s (1h 19m)  75% completed  (75% total)
     Speed:     ev/sec=626.908   simsec/sec=0.996816   ev/simsec=628.91
     Messages:  created: 182875   present: 52   in FES: 7
** Event #1465600   t=4757.319380100918   Elapsed: 4757.27s (1h 19m)  75% completed  (75% total)
     Speed:     ev/sec=457.183   simsec/sec=1.00294   ev/simsec=455.843
     Messages:  created: 182988   present: 11   in FES: 7
** Event #1466368   t=4759.89017522089   Elapsed: 4759.84s (1h 19m)  75% completed  (75% total)
     Speed:     ev/sec=298.769   simsec/sec=1.0001   ev/simsec=298.74
     Messages:  created: 183083   present: 10   in FES: 6
** Event #1466880   t=4761.912672179015   Elapsed: 4761.87s (1h 19m)  75% completed  (75% total)
     Speed:     ev/sec=252.019   simsec/sec=0.995524   ev/simsec=253.152
     Messages:  created: 183148   present: 12   in FES: 7
** Event #1468160   t=4764.150131121867   Elapsed: 4764.1s (1h 19m)  75% completed  (75% total)
     Speed:     ev/sec=573.47   simsec/sec=1.00243   ev/simsec=572.078
     Messages:  created: 183311   present: 20   in FES: 7
** Event #1468928   t=4766.378933703605   Elapsed: 4766.33s (1h 19m)  75% completed  (75% total)
     Speed:     ev/sec=345.106   simsec/sec=1.00153   ev/simsec=344.58
     Messages:  created: 183402   present: 9   in FES: 5
** Event #1469952   t=4768.385254360478   Elapsed: 4768.33s (1h 19m)  75% completed  (75% total)
     Speed:     ev/sec=510.384   simsec/sec=0.999994   ev/simsec=510.387
     Messages:  created: 183533   present: 18   in FES: 8
** Event #1470976   t=4770.632967267339   Elapsed: 4770.58s (1h 19m)  75% completed  (75% total)
     Speed:     ev/sec=455.578   simsec/sec=1.00001   ev/simsec=455.574
     Messages:  created: 183661   present: 17   in FES: 7
** Event #1471744   t=4772.695237708822   Elapsed: 4772.64s (1h 19m)  75% completed  (75% total)
     Speed:     ev/sec=372.426   simsec/sec=1.00006   ev/simsec=372.405
     Messages:  created: 183754   present: 10   in FES: 6
** Event #1472512   t=4775.103592502493   Elapsed: 4775.05s (1h 19m)  75% completed  (75% total)
     Speed:     ev/sec=318.879   simsec/sec=0.999965   ev/simsec=318.89
     Messages:  created: 183851   present: 12   in FES: 7
** Event #1473280   t=4778.059457844209   Elapsed: 4778.01s (1h 19m)  75% completed  (75% total)
     Speed:     ev/sec=259.834   simsec/sec=1.00005   ev/simsec=259.822
     Messages:  created: 183946   present: 9   in FES: 5
** Event #1474048   t=4780.678217776871   Elapsed: 4780.63s (1h 19m)  75% completed  (75% total)
     Speed:     ev/sec=293.249   simsec/sec=0.999933   ev/simsec=293.269
     Messages:  created: 184042   present: 10   in FES: 6
** Event #1474816   t=4783.707129020374   Elapsed: 4783.66s (1h 19m)  75% completed  (75% total)
     Speed:     ev/sec=253.58   simsec/sec=1.00009   ev/simsec=253.556
     Messages:  created: 184138   present: 11   in FES: 7
** Event #1475328   t=4786.19617975459   Elapsed: 4786.15s (1h 19m)  75% completed  (75% total)
     Speed:     ev/sec=205.689   simsec/sec=0.99994   ev/simsec=205.701
     Messages:  created: 184202   present: 10   in FES: 6
** Event #1476096   t=4788.221826283362   Elapsed: 4788.17s (1h 19m)  76% completed  (76% total)
     Speed:     ev/sec=379.106   simsec/sec=0.999914   ev/simsec=379.138
     Messages:  created: 184306   present: 31   in FES: 8
** Event #1477376   t=4790.368908911112   Elapsed: 4790.32s (1h 19m)  76% completed  (76% total)
     Speed:     ev/sec=595.298   simsec/sec=0.998558   ev/simsec=596.158
     Messages:  created: 184462   present: 21   in FES: 7
** Event #1478656   t=4792.982314736804   Elapsed: 4792.93s (1h 19m)  76% completed  (76% total)
     Speed:     ev/sec=490.42   simsec/sec=1.0013   ev/simsec=489.782
     Messages:  created: 184620   present: 15   in FES: 7
** Event #1479680   t=4795.637198589164   Elapsed: 4795.59s (1h 19m)  76% completed  (76% total)
     Speed:     ev/sec=385.705   simsec/sec=1   ev/simsec=385.704
     Messages:  created: 184747   present: 12   in FES: 7
** Event #1480448   t=4797.910187548605   Elapsed: 4797.86s (1h 19m)  76% completed  (76% total)
     Speed:     ev/sec=337.877   simsec/sec=0.999988   ev/simsec=337.881
     Messages:  created: 184841   present: 12   in FES: 7
** Event #1481472   t=4800.106410308131   Elapsed: 4800.06s (1h 20m)  76% completed  (76% total)
     Speed:     ev/sec=466.237   simsec/sec=0.999961   ev/simsec=466.255
     Messages:  created: 184969   present: 12   in FES: 7
** Event #1482496   t=4802.11493932063   Elapsed: 4802.07s (1h 20m)  76% completed  (76% total)
     Speed:     ev/sec=508.218   simsec/sec=0.996846   ev/simsec=509.826
     Messages:  created: 185107   present: 39   in FES: 7
** Event #1484032   t=4804.477395994795   Elapsed: 4804.43s (1h 20m)  76% completed  (76% total)
     Speed:     ev/sec=651.017   simsec/sec=1.0013   ev/simsec=650.171
     Messages:  created: 185296   present: 31   in FES: 7
** Event #1485056   t=4806.563363215272   Elapsed: 4806.52s (1h 20m)  76% completed  (76% total)
     Speed:     ev/sec=489.666   simsec/sec=0.997487   ev/simsec=490.899
     Messages:  created: 185418   present: 15   in FES: 7
** Event #1486080   t=4808.716689724156   Elapsed: 4808.68s (1h 20m)  76% completed  (76% total)
     Speed:     ev/sec=474.553   simsec/sec=0.997918   ev/simsec=475.543
     Messages:  created: 185546   present: 15   in FES: 7
** Event #1487104   t=4810.99129741292   Elapsed: 4810.94s (1h 20m)  76% completed  (76% total)
     Speed:     ev/sec=452.753   simsec/sec=1.0057   ev/simsec=450.188
     Messages:  created: 185673   present: 12   in FES: 8
** Event #1488128   t=4813.396311242217   Elapsed: 4813.38s (1h 20m)  76% completed  (76% total)
     Speed:     ev/sec=419.795   simsec/sec=0.98595   ev/simsec=425.777
     Messages:  created: 185802   present: 15   in FES: 7
** Event #1489408   t=4815.793115507783   Elapsed: 4815.74s (1h 20m)  76% completed  (76% total)
     Speed:     ev/sec=541.798   simsec/sec=1.01452   ev/simsec=534.044
     Messages:  created: 185965   present: 22   in FES: 8
** Event #1490432   t=4818.104076623297   Elapsed: 4818.05s (1h 20m)  76% completed  (76% total)
     Speed:     ev/sec=443.111   simsec/sec=1.00001   ev/simsec=443.106
     Messages:  created: 186089   present: 13   in FES: 7
** Event #1491712   t=4820.307516042044   Elapsed: 4820.31s (1h 20m)  76% completed  (76% total)
     Speed:     ev/sec=567.185   simsec/sec=0.976373   ev/simsec=580.91
     Messages:  created: 186256   present: 31   in FES: 6
** Event #1492992   t=4822.539703250984   Elapsed: 4822.49s (1h 20m)  76% completed  (76% total)
     Speed:     ev/sec=587.52   simsec/sec=1.02457   ev/simsec=573.429
     Messages:  created: 186409   present: 11   in FES: 7
** Event #1494272   t=4824.599556043997   Elapsed: 4824.55s (1h 20m)  76% completed  (76% total)
     Speed:     ev/sec=621.345   simsec/sec=0.999906   ev/simsec=621.404
     Messages:  created: 186584   present: 51   in FES: 8
** Event #1495552   t=4826.732478370158   Elapsed: 4826.68s (1h 20m)  76% completed  (76% total)
     Speed:     ev/sec=600.153   simsec/sec=1.00006   ev/simsec=600.116
     Messages:  created: 186727   present: 11   in FES: 6
** Event #1496576   t=4828.973370527592   Elapsed: 4828.92s (1h 20m)  76% completed  (76% total)
     Speed:     ev/sec=456.94   simsec/sec=0.999955   ev/simsec=456.961
     Messages:  created: 186861   present: 26   in FES: 8
** Event #1497856   t=4831.296018385365   Elapsed: 4831.25s (1h 20m)  76% completed  (76% total)
     Speed:     ev/sec=549.856   simsec/sec=0.997751   ev/simsec=551.095
     Messages:  created: 187017   present: 16   in FES: 7
** Event #1499392   t=4833.788892547835   Elapsed: 4833.74s (1h 20m)  76% completed  (76% total)
     Speed:     ev/sec=617.328   simsec/sec=1.0019   ev/simsec=616.156
     Messages:  created: 187212   present: 24   in FES: 7
** Event #1500160   t=4836.466309111311   Elapsed: 4836.42s (1h 20m)  76% completed  (76% total)
     Speed:     ev/sec=286.888   simsec/sec=1.00015   ev/simsec=286.844
     Messages:  created: 187303   present: 11   in FES: 7
** Event #1500672   t=4838.713785261445   Elapsed: 4838.66s (1h 20m)  76% completed  (76% total)
     Speed:     ev/sec=227.838   simsec/sec=1.00012   ev/simsec=227.811
     Messages:  created: 187368   present: 12   in FES: 7
** Event #1501696   t=4841.121261301366   Elapsed: 4841.07s (1h 20m)  76% completed  (76% total)
     Speed:     ev/sec=425.329   simsec/sec=0.999971   ev/simsec=425.342
     Messages:  created: 187496   present: 12   in FES: 8
** Event #1502720   t=4843.948909800278   Elapsed: 4843.9s (1h 20m)  76% completed  (76% total)
     Speed:     ev/sec=362.128   simsec/sec=0.99997   ev/simsec=362.138
     Messages:  created: 187624   present: 13   in FES: 8
** Event #1503744   t=4846.254684204058   Elapsed: 4846.2s (1h 20m)  76% completed  (76% total)
     Speed:     ev/sec=444.075   simsec/sec=0.999938   ev/simsec=444.102
     Messages:  created: 187757   present: 26   in FES: 8
** Event #1504768   t=4848.31211468447   Elapsed: 4848.28s (1h 20m)  76% completed  (76% total)
     Speed:     ev/sec=492.953   simsec/sec=0.990445   ev/simsec=497.708
     Messages:  created: 187878   present: 8   in FES: 4
** Event #1506048   t=4850.680099773402   Elapsed: 4850.63s (1h 20m)  76% completed  (76% total)
     Speed:     ev/sec=545.129   simsec/sec=1.00848   ev/simsec=540.544
     Messages:  created: 188043   present: 20   in FES: 8
** Event #1507328   t=4852.96729368352   Elapsed: 4852.92s (1h 20m)  77% completed  (77% total)
     Speed:     ev/sec=559.633   simsec/sec=0.999991   ev/simsec=559.638
     Messages:  created: 188211   present: 42   in FES: 8
** Event #1508864   t=4855.437855415024   Elapsed: 4855.39s (1h 20m)  77% completed  (77% total)
     Speed:     ev/sec=621.755   simsec/sec=1.00006   ev/simsec=621.721
     Messages:  created: 188412   present: 67   in FES: 8
** Event #1509888   t=4857.469209291845   Elapsed: 4857.42s (1h 20m)  77% completed  (77% total)
     Speed:     ev/sec=504.048   simsec/sec=0.999902   ev/simsec=504.097
     Messages:  created: 188518   present: 12   in FES: 8
** Event #1510656   t=4859.87604238099   Elapsed: 4859.83s (1h 20m)  77% completed  (77% total)
     Speed:     ev/sec=319.099   simsec/sec=1.00002   ev/simsec=319.092
     Messages:  created: 188614   present: 11   in FES: 7
** Event #1511424   t=4862.649140851484   Elapsed: 4862.6s (1h 21m)  77% completed  (77% total)
     Speed:     ev/sec=276.483   simsec/sec=0.998327   ev/simsec=276.947
     Messages:  created: 188709   present: 10   in FES: 6
** Event #1512448   t=4864.903196883556   Elapsed: 4864.86s (1h 21m)  77% completed  (77% total)
     Speed:     ev/sec=454.126   simsec/sec=0.999634   ev/simsec=454.292
     Messages:  created: 188840   present: 18   in FES: 7
** Event #1513472   t=4867.33068216177   Elapsed: 4867.28s (1h 21m)  77% completed  (77% total)
     Speed:     ev/sec=422.807   simsec/sec=1.0023   ev/simsec=421.836
     Messages:  created: 188966   present: 13   in FES: 8
** Event #1514240   t=4869.436103507372   Elapsed: 4869.4s (1h 21m)  77% completed  (77% total)
     Speed:     ev/sec=361.933   simsec/sec=0.992216   ev/simsec=364.773
     Messages:  created: 189061   present: 10   in FES: 6
** Event #1515008   t=4871.534168662366   Elapsed: 4871.5s (1h 21m)  77% completed  (77% total)
     Speed:     ev/sec=366.045   simsec/sec=0.999981   ev/simsec=366.052
     Messages:  created: 189157   present: 10   in FES: 6
** Event #1515520   t=4873.698049300878   Elapsed: 4873.66s (1h 21m)  77% completed  (77% total)
     Speed:     ev/sec=237.203   simsec/sec=1.0025   ev/simsec=236.612
     Messages:  created: 189221   present: 10   in FES: 6
** Event #1516544   t=4876.026717154117   Elapsed: 4875.98s (1h 21m)  77% completed  (77% total)
     Speed:     ev/sec=441.837   simsec/sec=1.00478   ev/simsec=439.736
     Messages:  created: 189354   present: 22   in FES: 8
** Event #1518080   t=4878.313580830568   Elapsed: 4878.26s (1h 21m)  77% completed  (77% total)
     Speed:     ev/sec=671.628   simsec/sec=0.99995   ev/simsec=671.662
     Messages:  created: 189559   present: 58   in FES: 7
** Event #1519360   t=4880.745693928129   Elapsed: 4880.69s (1h 21m)  77% completed  (77% total)
     Speed:     ev/sec=526.357   simsec/sec=1.00013   ev/simsec=526.291
     Messages:  created: 189723   present: 69   in FES: 8
** Event #1520640   t=4883.302709135764   Elapsed: 4883.26s (1h 21m)  77% completed  (77% total)
     Speed:     ev/sec=499.334   simsec/sec=0.997505   ev/simsec=500.584
     Messages:  created: 189861   present: 10   in FES: 6
** Event #1521664   t=4885.445268316821   Elapsed: 4885.39s (1h 21m)  77% completed  (77% total)
     Speed:     ev/sec=479.371   simsec/sec=1.00301   ev/simsec=477.933
     Messages:  created: 189992   present: 17   in FES: 8
** Event #1522688   t=4887.595865466031   Elapsed: 4887.55s (1h 21m)  77% completed  (77% total)
     Speed:     ev/sec=476.123   simsec/sec=0.99995   ev/simsec=476.147
     Messages:  created: 190117   present: 13   in FES: 8
** Event #1523456   t=4890.229969571703   Elapsed: 4890.19s (1h 21m)  77% completed  (77% total)
     Speed:     ev/sec=289.959   simsec/sec=0.99451   ev/simsec=291.56
     Messages:  created: 190212   present: 11   in FES: 7
** Event #1524224   t=4892.848683411286   Elapsed: 4892.82s (1h 21m)  77% completed  (77% total)
     Speed:     ev/sec=292.82   simsec/sec=0.998454   ev/simsec=293.274
     Messages:  created: 190308   present: 11   in FES: 6
** Event #1524736   t=4895.112489587233   Elapsed: 4895.06s (1h 21m)  77% completed  (77% total)
     Speed:     ev/sec=228.025   simsec/sec=1.00821   ev/simsec=226.168
     Messages:  created: 190372   present: 10   in FES: 6
** Event #1525760   t=4897.359378433627   Elapsed: 4897.32s (1h 21m)  77% completed  (77% total)
     Speed:     ev/sec=452.72   simsec/sec=0.99337   ev/simsec=455.741
     Messages:  created: 190501   present: 14   in FES: 6
** Event #1526784   t=4900.703173320292   Elapsed: 4900.65s (1h 21m)  77% completed  (77% total)
     Speed:     ev/sec=307.636   simsec/sec=1.00456   ev/simsec=306.239
     Messages:  created: 190628   present: 10   in FES: 6
** Event #1527552   t=4902.823288506109   Elapsed: 4902.77s (1h 21m)  77% completed  (77% total)
     Speed:     ev/sec=362.26   simsec/sec=1.00004   ev/simsec=362.244
     Messages:  created: 190726   present: 16   in FES: 8
** Event #1528576   t=4905.266686707453   Elapsed: 4905.22s (1h 21m)  77% completed  (77% total)
     Speed:     ev/sec=419.077   simsec/sec=0.999972   ev/simsec=419.088
     Messages:  created: 190852   present: 11   in FES: 7
** Event #1529600   t=4907.878508644828   Elapsed: 4907.83s (1h 21m)  77% completed  (77% total)
     Speed:     ev/sec=392.043   simsec/sec=0.999947   ev/simsec=392.063
     Messages:  created: 190983   present: 18   in FES: 8
** Event #1530624   t=4910.230822323299   Elapsed: 4910.18s (1h 21m)  77% completed  (77% total)
     Speed:     ev/sec=434.82   simsec/sec=0.998861   ev/simsec=435.316
     Messages:  created: 191112   present: 22   in FES: 7
** Event #1531648   t=4912.425327475374   Elapsed: 4912.37s (1h 21m)  77% completed  (77% total)
     Speed:     ev/sec=467.221   simsec/sec=1.00129   ev/simsec=466.62
     Messages:  created: 191236   present: 11   in FES: 7
** Event #1532416   t=4914.545197465486   Elapsed: 4914.49s (1h 21m)  78% completed  (78% total)
     Speed:     ev/sec=362.251   simsec/sec=0.999903   ev/simsec=362.286
     Messages:  created: 191334   present: 17   in FES: 8
** Event #1533696   t=4917.226090179116   Elapsed: 4917.18s (1h 21m)  78% completed  (78% total)
     Speed:     ev/sec=477.451   simsec/sec=0.999996   ev/simsec=477.453
     Messages:  created: 191490   present: 9   in FES: 5
** Event #1534208   t=4919.432232240374   Elapsed: 4919.38s (1h 21m)  78% completed  (78% total)
     Speed:     ev/sec=232.073   simsec/sec=0.999972   ev/simsec=232.079
     Messages:  created: 191555   present: 11   in FES: 7
** Event #1535488   t=4921.471376685703   Elapsed: 4921.42s (1h 22m)  78% completed  (78% total)
     Speed:     ev/sec=627.763   simsec/sec=1.00008   ev/simsec=627.714
     Messages:  created: 191733   present: 61   in FES: 8
** Event #1536512   t=4923.906153147589   Elapsed: 4923.86s (1h 22m)  78% completed  (78% total)
     Speed:     ev/sec=420.604   simsec/sec=1.00007   ev/simsec=420.572
     Messages:  created: 191843   present: 12   in FES: 7
** Event #1537280   t=4926.204696284671   Elapsed: 4926.15s (1h 22m)  78% completed  (78% total)
     Speed:     ev/sec=334.123   simsec/sec=0.999996   ev/simsec=334.125
     Messages:  created: 191938   present: 10   in FES: 6
** Event #1538560   t=4928.886204980391   Elapsed: 4928.84s (1h 22m)  78% completed  (78% total)
     Speed:     ev/sec=477.283   simsec/sec=0.999874   ev/simsec=477.343
     Messages:  created: 192098   present: 10   in FES: 6
** Event #1539840   t=4931.220647131151   Elapsed: 4931.17s (1h 22m)  78% completed  (78% total)
     Speed:     ev/sec=548.392   simsec/sec=1.00015   ev/simsec=548.311
     Messages:  created: 192259   present: 13   in FES: 8
** Event #1540608   t=4933.76692716994   Elapsed: 4933.72s (1h 22m)  78% completed  (78% total)
     Speed:     ev/sec=301.586   simsec/sec=0.9999   ev/simsec=301.616
     Messages:  created: 192354   present: 11   in FES: 6
** Event #1541632   t=4936.175758412381   Elapsed: 4936.13s (1h 22m)  78% completed  (78% total)
     Speed:     ev/sec=425.112   simsec/sec=1.00002   ev/simsec=425.102
     Messages:  created: 192483   present: 13   in FES: 8
** Event #1542400   t=4938.448916050349   Elapsed: 4938.42s (1h 22m)  78% completed  (78% total)
     Speed:     ev/sec=334.684   simsec/sec=0.99061   ev/simsec=337.856
     Messages:  created: 192577   present: 8   in FES: 4
** Event #1543424   t=4940.626700719732   Elapsed: 4940.58s (1h 22m)  78% completed  (78% total)
     Speed:     ev/sec=474.896   simsec/sec=1.00998   ev/simsec=470.203
     Messages:  created: 192706   present: 10   in FES: 6
** Event #1544192   t=4942.653703038754   Elapsed: 4942.6s (1h 22m)  78% completed  (78% total)
     Speed:     ev/sec=378.545   simsec/sec=0.999103   ev/simsec=378.885
     Messages:  created: 192804   present: 16   in FES: 7
** Event #1544960   t=4945.114506834483   Elapsed: 4945.06s (1h 22m)  78% completed  (78% total)
     Speed:     ev/sec=312.321   simsec/sec=1.00073   ev/simsec=312.093
     Messages:  created: 192898   present: 11   in FES: 7
** Event #1545472   t=4947.193203783347   Elapsed: 4947.16s (1h 22m)  78% completed  (78% total)
     Speed:     ev/sec=243.86   simsec/sec=0.990062   ev/simsec=246.308
     Messages:  created: 192960   present: 9   in FES: 5
** Event #1546240   t=4949.315613316568   Elapsed: 4949.26s (1h 22m)  78% completed  (78% total)
     Speed:     ev/sec=365.485   simsec/sec=1.01004   ev/simsec=361.853
     Messages:  created: 193059   present: 16   in FES: 8
** Event #1547008   t=4951.516213444469   Elapsed: 4951.47s (1h 22m)  78% completed  (78% total)
     Speed:     ev/sec=348.953   simsec/sec=0.999879   ev/simsec=348.996
     Messages:  created: 193153   present: 11   in FES: 7
** Event #1547776   t=4953.818719131186   Elapsed: 4953.77s (1h 22m)  78% completed  (78% total)
     Speed:     ev/sec=333.559   simsec/sec=1.00003   ev/simsec=333.55
     Messages:  created: 193251   present: 17   in FES: 7
** Event #1548544   t=4956.196671884462   Elapsed: 4956.15s (1h 22m)  78% completed  (78% total)
     Speed:     ev/sec=321.857   simsec/sec=0.996563   ev/simsec=322.967
     Messages:  created: 193344   present: 9   in FES: 5
** Event #1549312   t=4958.477272381558   Elapsed: 4958.44s (1h 22m)  78% completed  (78% total)
     Speed:     ev/sec=336.424   simsec/sec=0.999021   ev/simsec=336.753
     Messages:  created: 193440   present: 9   in FES: 5
** Event #1550336   t=4961.093018451666   Elapsed: 4961.05s (1h 22m)  78% completed  (78% total)
     Speed:     ev/sec=391.48   simsec/sec=1.00001   ev/simsec=391.475
     Messages:  created: 193568   present: 9   in FES: 5
** Event #1551104   t=4963.211055668895   Elapsed: 4963.16s (1h 22m)  78% completed  (78% total)
     Speed:     ev/sec=364.379   simsec/sec=1.00491   ev/simsec=362.6
     Messages:  created: 193666   present: 14   in FES: 8
** Event #1551872   t=4965.715982217794   Elapsed: 4965.67s (1h 22m)  78% completed  (78% total)
     Speed:     ev/sec=306.633   simsec/sec=1.00012   ev/simsec=306.596
     Messages:  created: 193761   present: 11   in FES: 7
** Event #1552896   t=4967.993569808853   Elapsed: 4967.94s (1h 22m)  78% completed  (78% total)
     Speed:     ev/sec=449.555   simsec/sec=0.999904   ev/simsec=449.599
     Messages:  created: 193889   present: 12   in FES: 7
** Event #1553664   t=4970.646449017781   Elapsed: 4970.62s (1h 22m)  78% completed  (78% total)
     Speed:     ev/sec=286.665   simsec/sec=0.990217   ev/simsec=289.497
     Messages:  created: 193984   present: 9   in FES: 5
** Event #1554432   t=4973.570957709426   Elapsed: 4973.53s (1h 22m)  78% completed  (78% total)
     Speed:     ev/sec=264.294   simsec/sec=1.00642   ev/simsec=262.608
     Messages:  created: 194080   present: 9   in FES: 5
** Event #1554944   t=4975.636375236784   Elapsed: 4975.59s (1h 22m)  78% completed  (78% total)
     Speed:     ev/sec=248.284   simsec/sec=1.00158   ev/simsec=247.892
     Messages:  created: 194144   present: 9   in FES: 5
** Event #1555456   t=4977.942419051455   Elapsed: 4977.89s (1h 22m)  79% completed  (79% total)
     Speed:     ev/sec=222.439   simsec/sec=1.00187   ev/simsec=222.025
     Messages:  created: 194207   present: 9   in FES: 5
** Event #1556224   t=4980.333765681855   Elapsed: 4980.28s (1h 23m)  79% completed  (79% total)
     Speed:     ev/sec=321.155   simsec/sec=0.999991   ev/simsec=321.158
     Messages:  created: 194302   present: 9   in FES: 5
** Event #1556992   t=4982.422505712172   Elapsed: 4982.38s (1h 23m)  79% completed  (79% total)
     Speed:     ev/sec=366.092   simsec/sec=0.995665   ev/simsec=367.686
     Messages:  created: 194399   present: 11   in FES: 7
** Event #1557760   t=4984.893852293962   Elapsed: 4984.86s (1h 23m)  79% completed  (79% total)
     Speed:     ev/sec=310.416   simsec/sec=0.998887   ev/simsec=310.762
     Messages:  created: 194495   present: 11   in FES: 6
** Event #1558528   t=4987.299716666746   Elapsed: 4987.25s (1h 23m)  79% completed  (79% total)
     Speed:     ev/sec=320.801   simsec/sec=1.00495   ev/simsec=319.22
     Messages:  created: 194591   present: 10   in FES: 6
** Event #1559296   t=4989.635414453492   Elapsed: 4989.58s (1h 23m)  79% completed  (79% total)
     Speed:     ev/sec=328.808   simsec/sec=0.999994   ev/simsec=328.81
     Messages:  created: 194688   present: 14   in FES: 7
** Event #1560576   t=4992.232407811308   Elapsed: 4992.18s (1h 23m)  79% completed  (79% total)
     Speed:     ev/sec=492.925   simsec/sec=1.0001   ev/simsec=492.878
     Messages:  created: 194849   present: 17   in FES: 8
** Event #1561344   t=4994.626229988395   Elapsed: 4994.58s (1h 23m)  79% completed  (79% total)
     Speed:     ev/sec=320.544   simsec/sec=0.999121   ev/simsec=320.826
     Messages:  created: 194943   present: 11   in FES: 7
** Event #1562112   t=4996.911091392935   Elapsed: 4996.89s (1h 23m)  79% completed  (79% total)
     Speed:     ev/sec=332.74   simsec/sec=0.989929   ev/simsec=336.125
     Messages:  created: 195039   present: 11   in FES: 6
** Event #1563136   t=4999.784066741524   Elapsed: 4999.73s (1h 23m)  79% completed  (79% total)
     Speed:     ev/sec=359.567   simsec/sec=1.00882   ev/simsec=356.425
     Messages:  created: 195166   present: 9   in FES: 5
** Event #1563904   t=5002.142644988888   Elapsed: 5002.09s (1h 23m)  79% completed  (79% total)
     Speed:     ev/sec=325.649   simsec/sec=1.00009   ev/simsec=325.62
     Messages:  created: 195263   present: 10   in FES: 6
** Event #1565184   t=5004.554321835913   Elapsed: 5004.5s (1h 23m)  79% completed  (79% total)
     Speed:     ev/sec=530.694   simsec/sec=0.999892   ev/simsec=530.751
     Messages:  created: 195425   present: 16   in FES: 7
** Event #1566208   t=5006.716770908432   Elapsed: 5006.67s (1h 23m)  79% completed  (79% total)
     Speed:     ev/sec=473.603   simsec/sec=1.00014   ev/simsec=473.537
     Messages:  created: 195550   present: 11   in FES: 7
** Event #1567488   t=5009.242695538186   Elapsed: 5009.19s (1h 23m)  79% completed  (79% total)
     Speed:     ev/sec=506.71   simsec/sec=0.99993   ev/simsec=506.745
     Messages:  created: 195711   present: 15   in FES: 8
** Event #1568512   t=5011.895860060068   Elapsed: 5011.85s (1h 23m)  79% completed  (79% total)
     Speed:     ev/sec=385.961   simsec/sec=1.00002   ev/simsec=385.954
     Messages:  created: 195837   present: 10   in FES: 6
** Event #1569280   t=5014.296558922234   Elapsed: 5014.25s (1h 23m)  79% completed  (79% total)
     Speed:     ev/sec=319.876   simsec/sec=0.999905   ev/simsec=319.907
     Messages:  created: 195936   present: 17   in FES: 8
** Event #1570560   t=5016.438968732495   Elapsed: 5016.39s (1h 23m)  79% completed  (79% total)
     Speed:     ev/sec=597.526   simsec/sec=1.00011   ev/simsec=597.458
     Messages:  created: 196103   present: 35   in FES: 8
** Event #1571584   t=5018.975206234798   Elapsed: 5018.93s (1h 23m)  79% completed  (79% total)
     Speed:     ev/sec=402.145   simsec/sec=0.996031   ev/simsec=403.748
     Messages:  created: 196222   present: 12   in FES: 7
** Event #1572352   t=5021.282428028884   Elapsed: 5021.23s (1h 23m)  79% completed  (79% total)
     Speed:     ev/sec=334.159   simsec/sec=1.00388   ev/simsec=332.868
     Messages:  created: 196318   present: 12   in FES: 7
** Event #1573120   t=5024.022510331694   Elapsed: 5023.97s (1h 23m)  79% completed  (79% total)
     Speed:     ev/sec=280.404   simsec/sec=1.00043   ev/simsec=280.284
     Messages:  created: 196413   present: 9   in FES: 5
** Event #1573632   t=5026.602293965934   Elapsed: 5026.55s (1h 23m)  79% completed  (79% total)
     Speed:     ev/sec=198.453   simsec/sec=0.999936   ev/simsec=198.466
     Messages:  created: 196477   present: 10   in FES: 6
** Event #1574400   t=5029.37375212303   Elapsed: 5029.32s (1h 23m)  79% completed  (79% total)
     Speed:     ev/sec=277.13   simsec/sec=1.00007   ev/simsec=277.11
     Messages:  created: 196573   present: 10   in FES: 6
** Event #1575168   t=5032.309090269066   Elapsed: 5032.26s (1h 23m)  79% completed  (79% total)
     Speed:     ev/sec=261.616   simsec/sec=0.99991   ev/simsec=261.639
     Messages:  created: 196669   present: 10   in FES: 6
** Event #1575936   t=5035.381434748934   Elapsed: 5035.33s (1h 23m)  79% completed  (79% total)
     Speed:     ev/sec=249.983   simsec/sec=1.00005   ev/simsec=249.972
     Messages:  created: 196765   present: 9   in FES: 5
** Event #1576960   t=5037.550186266437   Elapsed: 5037.5s (1h 23m)  79% completed  (79% total)
     Speed:     ev/sec=472.207   simsec/sec=1.0001   ev/simsec=472.161
     Messages:  created: 196893   present: 12   in FES: 7
** Event #1577472   t=5039.821566520704   Elapsed: 5039.77s (1h 23m)  79% completed  (79% total)
     Speed:     ev/sec=225.366   simsec/sec=0.999791   ev/simsec=225.414
     Messages:  created: 196957   present: 13   in FES: 7
** Event #1578240   t=5042.25712774164   Elapsed: 5042.21s (1h 24m)  80% completed  (80% total)
     Speed:     ev/sec=315.373   simsec/sec=1.00015   ev/simsec=315.328
     Messages:  created: 197051   present: 9   in FES: 5
** Event #1579008   t=5044.712303663893   Elapsed: 5044.66s (1h 24m)  80% completed  (80% total)
     Speed:     ev/sec=312.711   simsec/sec=0.999688   ev/simsec=312.809
     Messages:  created: 197149   present: 14   in FES: 7
** Event #1580544   t=5047.131654305479   Elapsed: 5047.08s (1h 24m)  80% completed  (80% total)
     Speed:     ev/sec=635.077   simsec/sec=1.00031   ev/simsec=634.881
     Messages:  created: 197341   present: 13   in FES: 8
** Event #1581568   t=5049.553782502547   Elapsed: 5049.5s (1h 24m)  80% completed  (80% total)
     Speed:     ev/sec=422.663   simsec/sec=0.99975   ev/simsec=422.769
     Messages:  created: 197469   present: 14   in FES: 7
** Event #1582080   t=5052.405810374525   Elapsed: 5052.4s (1h 24m)  80% completed  (80% total)
     Speed:     ev/sec=177.015   simsec/sec=0.986039   ev/simsec=179.521
     Messages:  created: 197531   present: 9   in FES: 5
** Event #1582848   t=5054.517599836931   Elapsed: 5054.47s (1h 24m)  80% completed  (80% total)
     Speed:     ev/sec=369.814   simsec/sec=1.01689   ev/simsec=363.673
     Messages:  created: 197630   present: 17   in FES: 7
** Event #1584128   t=5056.850728296675   Elapsed: 5056.82s (1h 24m)  80% completed  (80% total)
     Speed:     ev/sec=545.107   simsec/sec=0.993598   ev/simsec=548.62
     Messages:  created: 197820   present: 97   in FES: 7
** Event #1585408   t=5059.257485574361   Elapsed: 5059.21s (1h 24m)  80% completed  (80% total)
     Speed:     ev/sec=536.474   simsec/sec=1.00872   ev/simsec=531.836
     Messages:  created: 197952   present: 22   in FES: 8
** Event #1586432   t=5061.571038996812   Elapsed: 5061.52s (1h 24m)  80% completed  (80% total)
     Speed:     ev/sec=442.654   simsec/sec=1.0001   ev/simsec=442.609
     Messages:  created: 198076   present: 12   in FES: 8
** Event #1587456   t=5064.087560958802   Elapsed: 5064.05s (1h 24m)  80% completed  (80% total)
     Speed:     ev/sec=405.568   simsec/sec=0.996701   ev/simsec=406.911
     Messages:  created: 198203   present: 9   in FES: 5
** Event #1588480   t=5066.232891853801   Elapsed: 5066.18s (1h 24m)  80% completed  (80% total)
     Speed:     ev/sec=479.162   simsec/sec=1.00387   ev/simsec=477.316
     Messages:  created: 198334   present: 21   in FES: 8
** Event #1589504   t=5068.401618844725   Elapsed: 5068.36s (1h 24m)  80% completed  (80% total)
     Speed:     ev/sec=470.495   simsec/sec=0.99646   ev/simsec=472.166
     Messages:  created: 198464   present: 26   in FES: 7
** Event #1590784   t=5070.467022185219   Elapsed: 5070.42s (1h 24m)  80% completed  (80% total)
     Speed:     ev/sec=622.052   simsec/sec=1.00374   ev/simsec=619.734
     Messages:  created: 198629   present: 39   in FES: 8
** Event #1592064   t=5072.91151476971   Elapsed: 5072.86s (1h 24m)  80% completed  (80% total)
     Speed:     ev/sec=523.59   simsec/sec=0.999932   ev/simsec=523.626
     Messages:  created: 198779   present: 13   in FES: 8
** Event #1592832   t=5076.39297840495   Elapsed: 5076.34s (1h 24m)  80% completed  (80% total)
     Speed:     ev/sec=220.461   simsec/sec=0.999384   ev/simsec=220.597
     Messages:  created: 198874   present: 10   in FES: 6
** Event #1593856   t=5078.502566373843   Elapsed: 5078.45s (1h 24m)  80% completed  (80% total)
     Speed:     ev/sec=485.961   simsec/sec=1.00115   ev/simsec=485.403
     Messages:  created: 199027   present: 76   in FES: 8
** Event #1595136   t=5080.623213762269   Elapsed: 5080.57s (1h 24m)  80% completed  (80% total)
     Speed:     ev/sec=603.504   simsec/sec=0.999859   ev/simsec=603.589
     Messages:  created: 199182   present: 64   in FES: 8
** Event #1596416   t=5082.849604984383   Elapsed: 5082.8s (1h 24m)  80% completed  (80% total)
     Speed:     ev/sec=574.936   simsec/sec=1.00003   ev/simsec=574.921
     Messages:  created: 199329   present: 28   in FES: 7
** Event #1597440   t=5085.329113345419   Elapsed: 5085.28s (1h 24m)  80% completed  (80% total)
     Speed:     ev/sec=412.99   simsec/sec=1.00001   ev/simsec=412.985
     Messages:  created: 199455   present: 22   in FES: 8
** Event #1598208   t=5087.71490956255   Elapsed: 5087.66s (1h 24m)  80% completed  (80% total)
     Speed:     ev/sec=321.891   simsec/sec=0.999956   ev/simsec=321.905
     Messages:  created: 199549   present: 18   in FES: 7
** Event #1598976   t=5090.128668437496   Elapsed: 5090.08s (1h 24m)  80% completed  (80% total)
     Speed:     ev/sec=317.639   simsec/sec=0.998313   ev/simsec=318.176
     Messages:  created: 199642   present: 10   in FES: 6
** Event #1600256   t=5092.4234156748   Elapsed: 5092.37s (1h 24m)  80% completed  (80% total)
     Speed:     ev/sec=558.795   simsec/sec=1.00179   ev/simsec=557.796
     Messages:  created: 199810   present: 31   in FES: 8
** Event #1601792   t=5094.681217846447   Elapsed: 5094.64s (1h 24m)  80% completed  (80% total)
     Speed:     ev/sec=678.575   simsec/sec=0.997453   ev/simsec=680.308
     Messages:  created: 200006   present: 42   in FES: 7
** Event #1603328   t=5097.292684558477   Elapsed: 5097.24s (1h 24m)  80% completed  (80% total)
     Speed:     ev/sec=589.391   simsec/sec=1.00207   ev/simsec=588.175
     Messages:  created: 200185   present: 11   in FES: 7
** Event #1603840   t=5099.365154680213   Elapsed: 5099.31s (1h 24m)  80% completed  (80% total)
     Speed:     ev/sec=247.096   simsec/sec=1.00019   ev/simsec=247.048
     Messages:  created: 200250   present: 13   in FES: 7
** Event #1605120   t=5101.459566056033   Elapsed: 5101.41s (1h 25m)  80% completed  (80% total)
     Speed:     ev/sec=611.177   simsec/sec=1.00004   ev/simsec=611.15
     Messages:  created: 200409   present: 11   in FES: 7
** Event #1606144   t=5103.680439879038   Elapsed: 5103.63s (1h 25m)  81% completed  (81% total)
     Speed:     ev/sec=461.065   simsec/sec=0.999967   ev/simsec=461.08
     Messages:  created: 200537   present: 11   in FES: 6
** Event #1607168   t=5106.27497370609   Elapsed: 5106.22s (1h 25m)  81% completed  (81% total)
     Speed:     ev/sec=394.682   simsec/sec=1.00002   ev/simsec=394.676
     Messages:  created: 200664   present: 10   in FES: 6
** Event #1608192   t=5108.631544757688   Elapsed: 5108.58s (1h 25m)  81% completed  (81% total)
     Speed:     ev/sec=434.512   simsec/sec=0.999959   ev/simsec=434.53
     Messages:  created: 200795   present: 17   in FES: 6
** Event #1609472   t=5110.959690721968   Elapsed: 5110.91s (1h 25m)  81% completed  (81% total)
     Speed:     ev/sec=549.861   simsec/sec=1.00012   ev/simsec=549.794
     Messages:  created: 200958   present: 24   in FES: 8
** Event #1610752   t=5113.547474254352   Elapsed: 5113.5s (1h 25m)  81% completed  (81% total)
     Speed:     ev/sec=494.608   simsec/sec=0.999952   ev/simsec=494.632
     Messages:  created: 201112   present: 10   in FES: 6
** Event #1611776   t=5116.026892100168   Elapsed: 5115.98s (1h 25m)  81% completed  (81% total)
     Speed:     ev/sec=413.028   simsec/sec=1.00007   ev/simsec=413
     Messages:  created: 201243   present: 16   in FES: 8
** Event #1612544   t=5118.574211139628   Elapsed: 5118.52s (1h 25m)  81% completed  (81% total)
     Speed:     ev/sec=301.49   simsec/sec=0.999988   ev/simsec=301.493
     Messages:  created: 201337   present: 11   in FES: 7
** Event #1613312   t=5120.816057158086   Elapsed: 5120.77s (1h 25m)  81% completed  (81% total)
     Speed:     ev/sec=342.535   simsec/sec=0.999884   ev/simsec=342.575
     Messages:  created: 201434   present: 14   in FES: 7
** Event #1614592   t=5123.111540359974   Elapsed: 5123.06s (1h 25m)  81% completed  (81% total)
     Speed:     ev/sec=557.635   simsec/sec=1.00003   ev/simsec=557.617
     Messages:  created: 201594   present: 15   in FES: 8
** Event #1615360   t=5125.452659430943   Elapsed: 5125.4s (1h 25m)  81% completed  (81% total)
     Speed:     ev/sec=328.033   simsec/sec=0.999952   ev/simsec=328.048
     Messages:  created: 201688   present: 9   in FES: 5
** Event #1616384   t=5128.069028904829   Elapsed: 5128.02s (1h 25m)  81% completed  (81% total)
     Speed:     ev/sec=391.396   simsec/sec=1.00004   ev/simsec=391.382
     Messages:  created: 201815   present: 9   in FES: 5
** Event #1617152   t=5130.365303293494   Elapsed: 5130.31s (1h 25m)  81% completed  (81% total)
     Speed:     ev/sec=334.473   simsec/sec=1.00005   ev/simsec=334.455
     Messages:  created: 201914   present: 17   in FES: 8
** Event #1618176   t=5132.916690086177   Elapsed: 5132.87s (1h 25m)  81% completed  (81% total)
     Speed:     ev/sec=401.072   simsec/sec=0.999307   ev/simsec=401.35
     Messages:  created: 202040   present: 13   in FES: 7
** Event #1618944   t=5134.923526156312   Elapsed: 5134.87s (1h 25m)  81% completed  (81% total)
     Speed:     ev/sec=382.611   simsec/sec=0.999787   ev/simsec=382.692
     Messages:  created: 202136   present: 13   in FES: 7
** Event #1619968   t=5137.474071050839   Elapsed: 5137.42s (1h 25m)  81% completed  (81% total)
     Speed:     ev/sec=401.796   simsec/sec=1.00078   ev/simsec=401.483
     Messages:  created: 202264   present: 12   in FES: 8
** Event #1620736   t=5139.695905909434   Elapsed: 5139.65s (1h 25m)  81% completed  (81% total)
     Speed:     ev/sec=344.43   simsec/sec=0.996442   ev/simsec=345.66
     Messages:  created: 202360   present: 13   in FES: 7
** Event #1621504   t=5141.963562340944   Elapsed: 5141.91s (1h 25m)  81% completed  (81% total)
     Speed:     ev/sec=339.879   simsec/sec=1.00355   ev/simsec=338.676
     Messages:  created: 202456   present: 12   in FES: 8
** Event #1622784   t=5144.267724156198   Elapsed: 5144.22s (1h 25m)  81% completed  (81% total)
     Speed:     ev/sec=555.506   simsec/sec=0.99998   ev/simsec=555.517
     Messages:  created: 202620   present: 23   in FES: 8
** Event #1623552   t=5146.437288678462   Elapsed: 5146.39s (1h 25m)  81% completed  (81% total)
     Speed:     ev/sec=353.966   simsec/sec=0.999938   ev/simsec=353.988
     Messages:  created: 202711   present: 10   in FES: 6
** Event #1624832   t=5148.443889718323   Elapsed: 5148.39s (1h 25m)  81% completed  (81% total)
     Speed:     ev/sec=637.764   simsec/sec=0.999795   ev/simsec=637.895
     Messages:  created: 202881   present: 37   in FES: 7
** Event #1626112   t=5151.034210291186   Elapsed: 5150.98s (1h 25m)  81% completed  (81% total)
     Speed:     ev/sec=494.242   simsec/sec=1.00019   ev/simsec=494.147
     Messages:  created: 203031   present: 11   in FES: 7
** Event #1626880   t=5153.02547610129   Elapsed: 5152.99s (1h 25m)  81% completed  (81% total)
     Speed:     ev/sec=382.023   simsec/sec=0.990507   ev/simsec=385.684
     Messages:  created: 203128   present: 13   in FES: 6
** Event #1627392   t=5155.065736689592   Elapsed: 5155.02s (1h 25m)  81% completed  (81% total)
     Speed:     ev/sec=253.334   simsec/sec=1.00951   ev/simsec=250.948
     Messages:  created: 203191   present: 10   in FES: 6
** Event #1628160   t=5157.217895324972   Elapsed: 5157.17s (1h 25m)  81% completed  (81% total)
     Speed:     ev/sec=356.867   simsec/sec=1.00005   ev/simsec=356.851
     Messages:  created: 203286   present: 11   in FES: 7
** Event #1628928   t=5159.678509467829   Elapsed: 5159.63s (1h 25m)  81% completed  (81% total)
     Speed:     ev/sec=312.096   simsec/sec=0.999933   ev/simsec=312.117
     Messages:  created: 203383   present: 13   in FES: 7
** Event #1629696   t=5163.444032450668   Elapsed: 5163.39s (1h 26m)  81% completed  (81% total)
     Speed:     ev/sec=203.966   simsec/sec=1.00005   ev/simsec=203.956
     Messages:  created: 203478   present: 12   in FES: 7
** Event #1629952   t=5165.63841787423   Elapsed: 5165.59s (1h 26m)  81% completed  (81% total)
     Speed:     ev/sec=116.653   simsec/sec=0.999926   ev/simsec=116.661
     Messages:  created: 203510   present: 12   in FES: 7
** Event #1630720   t=5167.726291972379   Elapsed: 5167.68s (1h 26m)  82% completed  (82% total)
     Speed:     ev/sec=367.832   simsec/sec=0.999983   ev/simsec=367.838
     Messages:  created: 203612   present: 27   in FES: 8
** Event #1632000   t=5170.364507705892   Elapsed: 5170.31s (1h 26m)  82% completed  (82% total)
     Speed:     ev/sec=485.17   simsec/sec=0.999988   ev/simsec=485.176
     Messages:  created: 203765   present: 10   in FES: 6
** Event #1633024   t=5172.470825988571   Elapsed: 5172.43s (1h 26m)  82% completed  (82% total)
     Speed:     ev/sec=484.209   simsec/sec=0.995994   ev/simsec=486.156
     Messages:  created: 203895   present: 15   in FES: 7
** Event #1634048   t=5175.487748239211   Elapsed: 5175.44s (1h 26m)  82% completed  (82% total)
     Speed:     ev/sec=340.387   simsec/sec=1.00285   ev/simsec=339.419
     Messages:  created: 204022   present: 11   in FES: 7
** Event #1634560   t=5180.964687102764   Elapsed: 5180.91s (1h 26m)  82% completed  (82% total)
     Speed:     ev/sec=93.4858   simsec/sec=1.00003   ev/simsec=93.4829
     Messages:  created: 204092   present: 27   in FES: 8
** Event #1635840   t=5183.17545478125   Elapsed: 5183.12s (1h 26m)  82% completed  (82% total)
     Speed:     ev/sec=578.941   simsec/sec=0.999925   ev/simsec=578.984
     Messages:  created: 204263   present: 58   in FES: 8
** Event #1637120   t=5185.871244108143   Elapsed: 5185.82s (1h 26m)  82% completed  (82% total)
     Speed:     ev/sec=474.823   simsec/sec=1.00002   ev/simsec=474.815
     Messages:  created: 204405   present: 12   in FES: 7
** Event #1638400   t=5188.298942845114   Elapsed: 5188.25s (1h 26m)  82% completed  (82% total)
     Speed:     ev/sec=527.248   simsec/sec=1   ev/simsec=527.248
     Messages:  created: 204565   present: 12   in FES: 7
** Event #1639424   t=5190.632128437558   Elapsed: 5190.58s (1h 26m)  82% completed  (82% total)
     Speed:     ev/sec=438.851   simsec/sec=0.999923   ev/simsec=438.885
     Messages:  created: 204693   present: 13   in FES: 7
** Event #1640448   t=5192.955403354022   Elapsed: 5192.91s (1h 26m)  82% completed  (82% total)
     Speed:     ev/sec=439.454   simsec/sec=0.997044   ev/simsec=440.757
     Messages:  created: 204822   present: 16   in FES: 7
** Event #1641472   t=5195.59787331276   Elapsed: 5195.55s (1h 26m)  82% completed  (82% total)
     Speed:     ev/sec=388.563   simsec/sec=1.0027   ev/simsec=387.516
     Messages:  created: 204951   present: 18   in FES: 8
** Event #1642496   t=5198.488719248069   Elapsed: 5198.44s (1h 26m)  82% completed  (82% total)
     Speed:     ev/sec=354.197   simsec/sec=0.999932   ev/simsec=354.222
     Messages:  created: 205076   present: 10   in FES: 6
** Event #1643008   t=5200.883162129991   Elapsed: 5200.83s (1h 26m)  82% completed  (82% total)
     Speed:     ev/sec=213.847   simsec/sec=1.00009   ev/simsec=213.828
     Messages:  created: 205140   present: 11   in FES: 6
** Event #1643776   t=5203.28867618778   Elapsed: 5203.24s (1h 26m)  82% completed  (82% total)
     Speed:     ev/sec=319.25   simsec/sec=0.999949   ev/simsec=319.266
     Messages:  created: 205236   present: 10   in FES: 6
** Event #1644800   t=5205.921985857394   Elapsed: 5205.87s (1h 26m)  82% completed  (82% total)
     Speed:     ev/sec=388.855   simsec/sec=0.999976   ev/simsec=388.864
     Messages:  created: 205364   present: 11   in FES: 7
** Event #1645568   t=5208.705965037861   Elapsed: 5208.67s (1h 26m)  82% completed  (82% total)
     Speed:     ev/sec=274.407   simsec/sec=0.994716   ev/simsec=275.864
     Messages:  created: 205459   present: 8   in FES: 4
** Event #1646080   t=5210.801931090897   Elapsed: 5210.75s (1h 26m)  82% completed  (82% total)
     Speed:     ev/sec=246.051   simsec/sec=1.00725   ev/simsec=244.279
     Messages:  created: 205525   present: 13   in FES: 8
** Event #1646592   t=5212.923180244477   Elapsed: 5212.9s (1h 26m)  82% completed  (82% total)
     Speed:     ev/sec=238.388   simsec/sec=0.987657   ev/simsec=241.367
     Messages:  created: 205587   present: 8   in FES: 4
** Event #1647616   t=5215.294785384054   Elapsed: 5215.24s (1h 26m)  82% completed  (82% total)
     Speed:     ev/sec=436.611   simsec/sec=1.0112   ev/simsec=431.775
     Messages:  created: 205718   present: 15   in FES: 8
** Event #1648384   t=5217.769665552212   Elapsed: 5217.72s (1h 26m)  82% completed  (82% total)
     Speed:     ev/sec=310.321   simsec/sec=1.00001   ev/simsec=310.318
     Messages:  created: 205811   present: 11   in FES: 7
** Event #1649152   t=5220.319208641529   Elapsed: 5220.28s (1h 27m)  82% completed  (82% total)
     Speed:     ev/sec=300.049   simsec/sec=0.996076   ev/simsec=301.23
     Messages:  created: 205906   present: 10   in FES: 5
** Event #1649920   t=5223.319819236322   Elapsed: 5223.3s (1h 27m)  82% completed  (82% total)
     Speed:     ev/sec=253.971   simsec/sec=0.992275   ev/simsec=255.948
     Messages:  created: 206002   present: 10   in FES: 6
** Event #1650688   t=5225.604705525809   Elapsed: 5225.58s (1h 27m)  82% completed  (82% total)
     Speed:     ev/sec=337.758   simsec/sec=1.00487   ev/simsec=336.122
     Messages:  created: 206098   present: 10   in FES: 6
** Event #1651712   t=5227.622450520299   Elapsed: 5227.58s (1h 27m)  82% completed  (82% total)
     Speed:     ev/sec=511.038   simsec/sec=1.00698   ev/simsec=507.497
     Messages:  created: 206226   present: 10   in FES: 6
** Event #1652992   t=5230.207555153726   Elapsed: 5230.16s (1h 27m)  83% completed  (83% total)
     Speed:     ev/sec=496.762   simsec/sec=1.00327   ev/simsec=495.144
     Messages:  created: 206386   present: 9   in FES: 5
** Event #1653760   t=5232.367529625448   Elapsed: 5232.32s (1h 27m)  83% completed  (83% total)
     Speed:     ev/sec=355.543   simsec/sec=0.999954   ev/simsec=355.56
     Messages:  created: 206482   present: 9   in FES: 5
** Event #1654528   t=5234.500424243739   Elapsed: 5234.45s (1h 27m)  83% completed  (83% total)
     Speed:     ev/sec=360.099   simsec/sec=1.00007   ev/simsec=360.074
     Messages:  created: 206579   present: 12   in FES: 7
** Event #1655808   t=5236.886200303296   Elapsed: 5236.84s (1h 27m)  83% completed  (83% total)
     Speed:     ev/sec=536.43   simsec/sec=0.999846   ev/simsec=536.513
     Messages:  created: 206740   present: 15   in FES: 8
** Event #1656576   t=5239.36582496806   Elapsed: 5239.32s (1h 27m)  83% completed  (83% total)
     Speed:     ev/sec=308.66   simsec/sec=0.996563   ev/simsec=309.724
     Messages:  created: 206834   present: 10   in FES: 6
** Event #1657344   t=5241.869336881514   Elapsed: 5241.84s (1h 27m)  83% completed  (83% total)
     Speed:     ev/sec=305.843   simsec/sec=0.996981   ev/simsec=306.769
     Messages:  created: 206930   present: 10   in FES: 5
** Event #1658112   t=5244.336929254526   Elapsed: 5244.31s (1h 27m)  83% completed  (83% total)
     Speed:     ev/sec=309.883   simsec/sec=0.995657   ev/simsec=311.235
     Messages:  created: 207026   present: 10   in FES: 6
** Event #1658880   t=5246.569516983602   Elapsed: 5246.53s (1h 27m)  83% completed  (83% total)
     Speed:     ev/sec=346.17   simsec/sec=1.00632   ev/simsec=343.995
     Messages:  created: 207127   present: 27   in FES: 7
** Event #1659904   t=5248.879838402344   Elapsed: 5248.83s (1h 27m)  83% completed  (83% total)
     Speed:     ev/sec=445.759   simsec/sec=1.00571   ev/simsec=443.228
     Messages:  created: 207251   present: 15   in FES: 7
** Event #1660416   t=5251.767559748542   Elapsed: 5251.72s (1h 27m)  83% completed  (83% total)
     Speed:     ev/sec=177.311   simsec/sec=1.00005   ev/simsec=177.302
     Messages:  created: 207313   present: 10   in FES: 6
** Event #1660928   t=5253.863399947791   Elapsed: 5253.81s (1h 27m)  83% completed  (83% total)
     Speed:     ev/sec=244.263   simsec/sec=0.999875   ev/simsec=244.293
     Messages:  created: 207378   present: 13   in FES: 8
** Event #1661696   t=5256.639126756061   Elapsed: 5256.59s (1h 27m)  83% completed  (83% total)
     Speed:     ev/sec=276.402   simsec/sec=0.99898   ev/simsec=276.684
     Messages:  created: 207473   present: 11   in FES: 7
** Event #1662464   t=5258.951097686196   Elapsed: 5258.9s (1h 27m)  83% completed  (83% total)
     Speed:     ev/sec=332.623   simsec/sec=1.00132   ev/simsec=332.184
     Messages:  created: 207568   present: 9   in FES: 5
** Event #1663232   t=5261.063054946292   Elapsed: 5261.01s (1h 27m)  83% completed  (83% total)
     Speed:     ev/sec=363.586   simsec/sec=0.999842   ev/simsec=363.644
     Messages:  created: 207666   present: 13   in FES: 8
** Event #1664000   t=5263.367990325079   Elapsed: 5263.32s (1h 27m)  83% completed  (83% total)
     Speed:     ev/sec=333.259   simsec/sec=1.00018   ev/simsec=333.198
     Messages:  created: 207762   present: 14   in FES: 7
** Event #1665024   t=5265.907447879955   Elapsed: 5265.86s (1h 27m)  83% completed  (83% total)
     Speed:     ev/sec=403.197   simsec/sec=0.999905   ev/simsec=403.236
     Messages:  created: 207889   present: 10   in FES: 6
** Event #1665792   t=5268.314493519907   Elapsed: 5268.26s (1h 27m)  83% completed  (83% total)
     Speed:     ev/sec=319.058   simsec/sec=0.999983   ev/simsec=319.063
     Messages:  created: 207984   present: 9   in FES: 5
** Event #1666816   t=5271.034037617167   Elapsed: 5270.98s (1h 27m)  83% completed  (83% total)
     Speed:     ev/sec=376.536   simsec/sec=1.00001   ev/simsec=376.534
     Messages:  created: 208113   present: 10   in FES: 6
** Event #1667328   t=5273.077173818442   Elapsed: 5273.04s (1h 27m)  83% completed  (83% total)
     Speed:     ev/sec=248.51   simsec/sec=0.99168   ev/simsec=250.595
     Messages:  created: 208177   present: 11   in FES: 7
** Event #1667840   t=5275.196782083433   Elapsed: 5275.15s (1h 27m)  83% completed  (83% total)
     Speed:     ev/sec=243.534   simsec/sec=1.0082   ev/simsec=241.554
     Messages:  created: 208241   present: 10   in FES: 6
** Event #1668352   t=5277.68586543116   Elapsed: 5277.64s (1h 27m)  83% completed  (83% total)
     Speed:     ev/sec=205.687   simsec/sec=0.999946   ev/simsec=205.698
     Messages:  created: 208305   present: 14   in FES: 8
** Event #1669376   t=5281.041601556068   Elapsed: 5280.99s (1h 28m)  83% completed  (83% total)
     Speed:     ev/sec=305.147   simsec/sec=0.999992   ev/simsec=305.149
     Messages:  created: 208431   present: 9   in FES: 5
** Event #1669888   t=5283.544133326078   Elapsed: 5283.49s (1h 28m)  83% completed  (83% total)
     Speed:     ev/sec=204.602   simsec/sec=1.00005   ev/simsec=204.593
     Messages:  created: 208495   present: 9   in FES: 5
** Event #1670656   t=5286.786192199317   Elapsed: 5286.74s (1h 28m)  83% completed  (83% total)
     Speed:     ev/sec=236.897   simsec/sec=1.00004   ev/simsec=236.887
     Messages:  created: 208591   present: 9   in FES: 5
** Event #1671680   t=5289.10348248861   Elapsed: 5289.05s (1h 28m)  83% completed  (83% total)
     Speed:     ev/sec=441.891   simsec/sec=0.999991   ev/simsec=441.895
     Messages:  created: 208719   present: 9   in FES: 5
** Event #1672448   t=5291.591417897707   Elapsed: 5291.54s (1h 28m)  83% completed  (83% total)
     Speed:     ev/sec=308.703   simsec/sec=1.00004   ev/simsec=308.69
     Messages:  created: 208816   present: 12   in FES: 7
** Event #1673472   t=5294.004383308306   Elapsed: 5293.97s (1h 28m)  84% completed  (84% total)
     Speed:     ev/sec=421.725   simsec/sec=0.993758   ev/simsec=424.374
     Messages:  created: 208944   present: 13   in FES: 6
** Event #1674496   t=5296.183228501541   Elapsed: 5296.13s (1h 28m)  84% completed  (84% total)
     Speed:     ev/sec=473.226   simsec/sec=1.00692   ev/simsec=469.974
     Messages:  created: 209071   present: 11   in FES: 7
** Event #1675520   t=5298.562677743986   Elapsed: 5298.51s (1h 28m)  84% completed  (84% total)
     Speed:     ev/sec=430.374   simsec/sec=1.00005   ev/simsec=430.352
     Messages:  created: 209199   present: 9   in FES: 5
** Event #1676288   t=5300.639631974105   Elapsed: 5300.59s (1h 28m)  84% completed  (84% total)
     Speed:     ev/sec=369.71   simsec/sec=0.999831   ev/simsec=369.772
     Messages:  created: 209296   present: 13   in FES: 7
** Event #1677056   t=5303.046508380528   Elapsed: 5303s (1h 28m)  84% completed  (84% total)
     Speed:     ev/sec=319.117   simsec/sec=1.0001   ev/simsec=319.086
     Messages:  created: 209391   present: 10   in FES: 6
** Event #1678080   t=5305.328507303994   Elapsed: 5305.28s (1h 28m)  84% completed  (84% total)
     Speed:     ev/sec=448.715   simsec/sec=0.999967   ev/simsec=448.729
     Messages:  created: 209524   present: 23   in FES: 8
** Event #1678848   t=5307.885664517307   Elapsed: 5307.83s (1h 28m)  84% completed  (84% total)
     Speed:     ev/sec=300.361   simsec/sec=1.00009   ev/simsec=300.334
     Messages:  created: 209614   present: 11   in FES: 7
** Event #1679872   t=5310.177437917034   Elapsed: 5310.13s (1h 28m)  84% completed  (84% total)
     Speed:     ev/sec=446.784   simsec/sec=0.999929   ev/simsec=446.816
     Messages:  created: 209748   present: 26   in FES: 8
** Event #1681152   t=5312.632850522671   Elapsed: 5312.58s (1h 28m)  84% completed  (84% total)
     Speed:     ev/sec=521.331   simsec/sec=1.00006   ev/simsec=521.297
     Messages:  created: 209904   present: 17   in FES: 7
** Event #1681920   t=5315.06569474725   Elapsed: 5315.01s (1h 28m)  84% completed  (84% total)
     Speed:     ev/sec=315.668   simsec/sec=0.999963   ev/simsec=315.68
     Messages:  created: 209998   present: 12   in FES: 7
** Event #1682688   t=5317.792294612318   Elapsed: 5317.76s (1h 28m)  84% completed  (84% total)
     Speed:     ev/sec=279.985   simsec/sec=0.994019   ev/simsec=281.669
     Messages:  created: 210095   present: 14   in FES: 7
** Event #1683456   t=5319.869780586594   Elapsed: 5319.82s (1h 28m)  84% completed  (84% total)
     Speed:     ev/sec=372.576   simsec/sec=1.00784   ev/simsec=369.678
     Messages:  created: 210193   present: 20   in FES: 8
** Event #1684224   t=5322.31398729566   Elapsed: 5322.26s (1h 28m)  84% completed  (84% total)
     Speed:     ev/sec=314.231   simsec/sec=1.00006   ev/simsec=314.212
     Messages:  created: 210286   present: 11   in FES: 7
** Event #1684992   t=5324.880308859517   Elapsed: 5324.83s (1h 28m)  84% completed  (84% total)
     Speed:     ev/sec=299.252   simsec/sec=0.999969   ev/simsec=299.261
     Messages:  created: 210381   present: 9   in FES: 5
** Event #1685504   t=5327.193048885102   Elapsed: 5327.14s (1h 28m)  84% completed  (84% total)
     Speed:     ev/sec=221.394   simsec/sec=1.00005   ev/simsec=221.382
     Messages:  created: 210445   present: 9   in FES: 5
** Event #1686016   t=5329.853218401133   Elapsed: 5329.8s (1h 28m)  84% completed  (84% total)
     Speed:     ev/sec=192.458   simsec/sec=0.999945   ev/simsec=192.469
     Messages:  created: 210510   present: 11   in FES: 7
** Event #1686528   t=5332.016643903252   Elapsed: 5331.97s (1h 28m)  84% completed  (84% total)
     Speed:     ev/sec=236.683   simsec/sec=1.00009   ev/simsec=236.662
     Messages:  created: 210573   present: 9   in FES: 5
** Event #1687040   t=5334.277918641718   Elapsed: 5334.23s (1h 28m)  84% completed  (84% total)
     Speed:     ev/sec=226.427   simsec/sec=1.00003   ev/simsec=226.421
     Messages:  created: 210639   present: 13   in FES: 8
** Event #1688064   t=5336.967696462769   Elapsed: 5336.92s (1h 28m)  84% completed  (84% total)
     Speed:     ev/sec=380.685   simsec/sec=0.99996   ev/simsec=380.701
     Messages:  created: 210765   present: 12   in FES: 8
** Event #1688576   t=5339.344395433801   Elapsed: 5339.29s (1h 28m)  84% completed  (84% total)
     Speed:     ev/sec=215.424   simsec/sec=0.999995   ev/simsec=215.425
     Messages:  created: 210829   present: 11   in FES: 7
** Event #1689344   t=5342.04751329215   Elapsed: 5342s (1h 29m)  84% completed  (84% total)
     Speed:     ev/sec=284.12   simsec/sec=1.00001   ev/simsec=284.116
     Messages:  created: 210925   present: 13   in FES: 8
** Event #1690368   t=5344.352538719061   Elapsed: 5344.3s (1h 29m)  84% completed  (84% total)
     Speed:     ev/sec=444.258   simsec/sec=1.00002   ev/simsec=444.247
     Messages:  created: 211053   present: 12   in FES: 7
** Event #1691136   t=5346.524867255625   Elapsed: 5346.58s (1h 29m)  84% completed  (84% total)
     Speed:     ev/sec=337.569   simsec/sec=0.954832   ev/simsec=353.538
     Messages:  created: 211147   present: 8   in FES: 4
** Event #1692416   t=5349.488957130584   Elapsed: 5349.44s (1h 29m)  84% completed  (84% total)
     Speed:     ev/sec=447.334   simsec/sec=1.03589   ev/simsec=431.836
     Messages:  created: 211308   present: 11   in FES: 7
** Event #1693184   t=5352.266694514908   Elapsed: 5352.23s (1h 29m)  84% completed  (84% total)
     Speed:     ev/sec=275.054   simsec/sec=0.994829   ev/simsec=276.484
     Messages:  created: 211406   present: 16   in FES: 7
** Event #1694208   t=5354.382599278837   Elapsed: 5354.33s (1h 29m)  84% completed  (84% total)
     Speed:     ev/sec=487.246   simsec/sec=1.0068   ev/simsec=483.954
     Messages:  created: 211535   present: 19   in FES: 8
** Event #1695232   t=5356.743210366805   Elapsed: 5356.73s (1h 29m)  85% completed  (85% total)
     Speed:     ev/sec=427.105   simsec/sec=0.984598   ev/simsec=433.786
     Messages:  created: 211659   present: 8   in FES: 4
** Event #1696000   t=5358.914890066925   Elapsed: 5358.86s (1h 29m)  85% completed  (85% total)
     Speed:     ev/sec=359.792   simsec/sec=1.01739   ev/simsec=353.643
     Messages:  created: 211756   present: 10   in FES: 6
** Event #1696512   t=5361.066348463476   Elapsed: 5361.02s (1h 29m)  85% completed  (85% total)
     Speed:     ev/sec=237.971   simsec/sec=0.999968   ev/simsec=237.978
     Messages:  created: 211820   present: 10   in FES: 6
** Event #1697536   t=5363.728592564294   Elapsed: 5363.68s (1h 29m)  85% completed  (85% total)
     Speed:     ev/sec=384.655   simsec/sec=1.00004   ev/simsec=384.638
     Messages:  created: 211948   present: 11   in FES: 7
** Event #1698048   t=5365.99891676399   Elapsed: 5365.98s (1h 29m)  85% completed  (85% total)
     Speed:     ev/sec=222.839   simsec/sec=0.98812   ev/simsec=225.518
     Messages:  created: 212010   present: 9   in FES: 5
** Event #1699072   t=5368.240852112066   Elapsed: 5368.19s (1h 29m)  85% completed  (85% total)
     Speed:     ev/sec=462.381   simsec/sec=1.01233   ev/simsec=456.748
     Messages:  created: 212148   present: 35   in FES: 8
** Event #1700096   t=5370.588476568622   Elapsed: 5370.54s (1h 29m)  85% completed  (85% total)
     Speed:     ev/sec=436.172   simsec/sec=0.999968   ev/simsec=436.186
     Messages:  created: 212267   present: 11   in FES: 7
** Event #1700864   t=5372.833605220619   Elapsed: 5372.78s (1h 29m)  85% completed  (85% total)
     Speed:     ev/sec=342.078   simsec/sec=1.00001   ev/simsec=342.074
     Messages:  created: 212365   present: 16   in FES: 8
** Event #1701632   t=5375.7177406415   Elapsed: 5375.69s (1h 29m)  85% completed  (85% total)
     Speed:     ev/sec=264.187   simsec/sec=0.992125   ev/simsec=266.284
     Messages:  created: 212458   present: 9   in FES: 5
** Event #1702400   t=5377.798125847005   Elapsed: 5377.77s (1h 29m)  85% completed  (85% total)
     Speed:     ev/sec=369.707   simsec/sec=1.00148   ev/simsec=369.162
     Messages:  created: 212554   present: 9   in FES: 5
** Event #1702912   t=5379.935667781359   Elapsed: 5379.88s (1h 29m)  85% completed  (85% total)
     Speed:     ev/sec=241.763   simsec/sec=1.00933   ev/simsec=239.527
     Messages:  created: 212619   present: 11   in FES: 7
** Event #1703936   t=5382.308379916321   Elapsed: 5382.26s (1h 29m)  85% completed  (85% total)
     Speed:     ev/sec=431.615   simsec/sec=1.0001   ev/simsec=431.574
     Messages:  created: 212751   present: 22   in FES: 8
** Event #1704704   t=5384.529259818725   Elapsed: 5384.49s (1h 29m)  85% completed  (85% total)
     Speed:     ev/sec=343.556   simsec/sec=0.993484   ev/simsec=345.809
     Messages:  created: 212842   present: 9   in FES: 5
** Event #1705728   t=5386.776310436445   Elapsed: 5386.74s (1h 29m)  85% completed  (85% total)
     Speed:     ev/sec=456.439   simsec/sec=1.0016   ev/simsec=455.708
     Messages:  created: 212973   present: 17   in FES: 7
** Event #1706752   t=5388.974955911913   Elapsed: 5388.92s (1h 29m)  85% completed  (85% total)
     Speed:     ev/sec=468.012   simsec/sec=1.00488   ev/simsec=465.741
     Messages:  created: 213100   present: 13   in FES: 7
** Event #1707776   t=5391.687269196525   Elapsed: 5391.65s (1h 29m)  85% completed  (85% total)
     Speed:     ev/sec=375.889   simsec/sec=0.995635   ev/simsec=377.538
     Messages:  created: 213226   present: 9   in FES: 5
** Event #1708800   t=5393.828427811649   Elapsed: 5393.78s (1h 29m)  85% completed  (85% total)
     Speed:     ev/sec=480.948   simsec/sec=1.00565   ev/simsec=478.246
     Messages:  created: 213356   present: 14   in FES: 8
** Event #1710336   t=5396.262445579733   Elapsed: 5396.22s (1h 29m)  85% completed  (85% total)
     Speed:     ev/sec=628.428   simsec/sec=0.995836   ev/simsec=631.055
     Messages:  created: 213554   present: 34   in FES: 6
** Event #1711616   t=5398.894157521805   Elapsed: 5398.84s (1h 29m)  85% completed  (85% total)
     Speed:     ev/sec=488.247   simsec/sec=1.00385   ev/simsec=486.375
     Messages:  created: 213705   present: 9   in FES: 5
** Event #1712384   t=5401.491553114464   Elapsed: 5401.44s (1h 30m)  85% completed  (85% total)
     Speed:     ev/sec=295.68   simsec/sec=0.999997   ev/simsec=295.681
     Messages:  created: 213802   present: 14   in FES: 8
** Event #1713408   t=5404.257076785235   Elapsed: 5404.21s (1h 30m)  85% completed  (85% total)
     Speed:     ev/sec=370.26   simsec/sec=0.999965   ev/simsec=370.273
     Messages:  created: 213930   present: 13   in FES: 7
** Event #1714432   t=5406.75383356252   Elapsed: 5406.7s (1h 30m)  85% completed  (85% total)
     Speed:     ev/sec=410.149   simsec/sec=1.00004   ev/simsec=410.132
     Messages:  created: 214056   present: 9   in FES: 5
** Event #1715456   t=5409.281076127653   Elapsed: 5409.25s (1h 30m)  85% completed  (85% total)
     Speed:     ev/sec=402.43   simsec/sec=0.9932   ev/simsec=405.185
     Messages:  created: 214185   present: 11   in FES: 6
** Event #1716224   t=5411.833433986897   Elapsed: 5411.78s (1h 30m)  85% completed  (85% total)
     Speed:     ev/sec=302.947   simsec/sec=1.00681   ev/simsec=300.898
     Messages:  created: 214283   present: 15   in FES: 8
** Event #1716736   t=5414.375692796942   Elapsed: 5414.33s (1h 30m)  85% completed  (85% total)
     Speed:     ev/sec=201.376   simsec/sec=0.999901   ev/simsec=201.396
     Messages:  created: 214345   present: 11   in FES: 7
** Event #1717248   t=5416.822719575501   Elapsed: 5416.77s (1h 30m)  85% completed  (85% total)
     Speed:     ev/sec=209.274   simsec/sec=1.00019   ev/simsec=209.234
     Messages:  created: 214408   present: 9   in FES: 5
** Event #1718016   t=5419.695514081167   Elapsed: 5419.64s (1h 30m)  86% completed  (86% total)
     Speed:     ev/sec=267.318   simsec/sec=0.999933   ev/simsec=267.336
     Messages:  created: 214505   present: 10   in FES: 6
** Event #1718784   t=5422.434582003655   Elapsed: 5422.39s (1h 30m)  86% completed  (86% total)
     Speed:     ev/sec=280.071   simsec/sec=0.998873   ev/simsec=280.387
     Messages:  created: 214601   present: 11   in FES: 6
** Event #1719296   t=5424.435431204536   Elapsed: 5424.41s (1h 30m)  86% completed  (86% total)
     Speed:     ev/sec=253.556   simsec/sec=0.990875   ev/simsec=255.891
     Messages:  created: 214665   present: 11   in FES: 7
** Event #1719808   t=5426.926275649699   Elapsed: 5426.88s (1h 30m)  86% completed  (86% total)
     Speed:     ev/sec=207.35   simsec/sec=1.00874   ev/simsec=205.553
     Messages:  created: 214727   present: 9   in FES: 5
** Event #1720832   t=5429.393414362009   Elapsed: 5429.34s (1h 30m)  86% completed  (86% total)
     Speed:     ev/sec=415.043   simsec/sec=0.999968   ev/simsec=415.056
     Messages:  created: 214856   present: 11   in FES: 6
** Event #1721600   t=5432.155754224731   Elapsed: 5432.11s (1h 30m)  86% completed  (86% total)
     Speed:     ev/sec=278.032   simsec/sec=1.00003   ev/simsec=278.025
     Messages:  created: 214951   present: 10   in FES: 6
** Event #1722368   t=5434.963383514974   Elapsed: 5434.91s (1h 30m)  86% completed  (86% total)
     Speed:     ev/sec=273.529   simsec/sec=0.99996   ev/simsec=273.54
     Messages:  created: 215048   present: 11   in FES: 6
** Event #1722880   t=5437.644315811867   Elapsed: 5437.59s (1h 30m)  86% completed  (86% total)
     Speed:     ev/sec=190.988   simsec/sec=1.00005   ev/simsec=190.978
     Messages:  created: 215114   present: 16   in FES: 8
** Event #1723392   t=5440.276793962047   Elapsed: 5440.23s (1h 30m)  86% completed  (86% total)
     Speed:     ev/sec=194.492   simsec/sec=0.999993   ev/simsec=194.494
     Messages:  created: 215177   present: 10   in FES: 6
** Event #1723904   t=5442.655353929889   Elapsed: 5442.6s (1h 30m)  86% completed  (86% total)
     Speed:     ev/sec=215.242   simsec/sec=0.999933   ev/simsec=215.256
     Messages:  created: 215241   present: 8   in FES: 5
** Event #1724416   t=5444.852716415894   Elapsed: 5444.8s (1h 30m)  86% completed  (86% total)
     Speed:     ev/sec=233.015   simsec/sec=1.00004   ev/simsec=233.007
     Messages:  created: 215311   present: 25   in FES: 7
** Event #1725184   t=5447.011608119142   Elapsed: 5446.96s (1h 30m)  86% completed  (86% total)
     Speed:     ev/sec=355.74   simsec/sec=1   ev/simsec=355.738
     Messages:  created: 215401   present: 10   in FES: 6
** Event #1726208   t=5449.399909295905   Elapsed: 5449.35s (1h 30m)  86% completed  (86% total)
     Speed:     ev/sec=428.786   simsec/sec=1.00007   ev/simsec=428.757
     Messages:  created: 215538   present: 33   in FES: 7
** Event #1727232   t=5451.836467942889   Elapsed: 5451.79s (1h 30m)  86% completed  (86% total)
     Speed:     ev/sec=420.219   simsec/sec=0.999891   ev/simsec=420.265
     Messages:  created: 215661   present: 19   in FES: 7
** Event #1727744   t=5454.198102224705   Elapsed: 5454.16s (1h 30m)  86% completed  (86% total)
     Speed:     ev/sec=215.909   simsec/sec=0.995896   ev/simsec=216.799
     Messages:  created: 215725   present: 20   in FES: 6
** Event #1728512   t=5456.40123548057   Elapsed: 5456.35s (1h 30m)  86% completed  (86% total)
     Speed:     ev/sec=350.146   simsec/sec=1.00445   ev/simsec=348.594
     Messages:  created: 215817   present: 12   in FES: 7
** Event #1729280   t=5458.668912886733   Elapsed: 5458.62s (1h 30m)  86% completed  (86% total)
     Speed:     ev/sec=338.669   simsec/sec=0.99999   ev/simsec=338.673
     Messages:  created: 215912   present: 9   in FES: 6
** Event #1730048   t=5461.569026169935   Elapsed: 5461.52s (1h 31m)  86% completed  (86% total)
     Speed:     ev/sec=264.824   simsec/sec=1.00003   ev/simsec=264.817
     Messages:  created: 216007   present: 9   in FES: 6
** Event #1730816   t=5463.588297932245   Elapsed: 5463.54s (1h 31m)  86% completed  (86% total)
     Speed:     ev/sec=380.328   simsec/sec=0.99998   ev/simsec=380.335
     Messages:  created: 216112   present: 32   in FES: 7
** Event #1731584   t=5466.286755670688   Elapsed: 5466.24s (1h 31m)  86% completed  (86% total)
     Speed:     ev/sec=284.626   simsec/sec=1.00007   ev/simsec=284.607
     Messages:  created: 216199   present: 8   in FES: 5
** Event #1732352   t=5468.313337662137   Elapsed: 5468.26s (1h 31m)  86% completed  (86% total)
     Speed:     ev/sec=378.926   simsec/sec=0.999902   ev/simsec=378.963
     Messages:  created: 216302   present: 26   in FES: 7
** Event #1733376   t=5470.655950427752   Elapsed: 5470.61s (1h 31m)  86% completed  (86% total)
     Speed:     ev/sec=437.165   simsec/sec=1.00011   ev/simsec=437.119
     Messages:  created: 216429   present: 24   in FES: 7
** Event #1734144   t=5472.92111988055   Elapsed: 5472.87s (1h 31m)  86% completed  (86% total)
     Speed:     ev/sec=339.017   simsec/sec=0.99991   ev/simsec=339.047
     Messages:  created: 216521   present: 13   in FES: 7
** Event #1735168   t=5475.515373097136   Elapsed: 5475.46s (1h 31m)  86% completed  (86% total)
     Speed:     ev/sec=394.723   simsec/sec=1.00001   ev/simsec=394.719
     Messages:  created: 216653   present: 24   in FES: 7
** Event #1735936   t=5478.129166201538   Elapsed: 5478.08s (1h 31m)  86% completed  (86% total)
     Speed:     ev/sec=293.831   simsec/sec=1.00002   ev/simsec=293.826
     Messages:  created: 216743   present: 9   in FES: 6
** Event #1736960   t=5480.707968223149   Elapsed: 5480.66s (1h 31m)  86% completed  (86% total)
     Speed:     ev/sec=397.064   simsec/sec=0.99995   ev/simsec=397.084
     Messages:  created: 216871   present: 9   in FES: 6
** Event #1737472   t=5483.13712557864   Elapsed: 5483.1s (1h 31m)  87% completed  (87% total)
     Speed:     ev/sec=209.331   simsec/sec=0.993158   ev/simsec=210.773
     Messages:  created: 216936   present: 11   in FES: 6
** Event #1738240   t=5485.397101933587   Elapsed: 5485.35s (1h 31m)  87% completed  (87% total)
     Speed:     ev/sec=341.801   simsec/sec=1.00581   ev/simsec=339.827
     Messages:  created: 217032   present: 11   in FES: 6
** Event #1739008   t=5487.631063152076   Elapsed: 5487.58s (1h 31m)  87% completed  (87% total)
     Speed:     ev/sec=343.813   simsec/sec=1.00009   ev/simsec=343.784
     Messages:  created: 217138   present: 41   in FES: 6
** Event #1740032   t=5490.340456611887   Elapsed: 5490.29s (1h 31m)  87% completed  (87% total)
     Speed:     ev/sec=378.464   simsec/sec=1.00137   ev/simsec=377.944
     Messages:  created: 217264   present: 35   in FES: 7
** Event #1741056   t=5492.788122556616   Elapsed: 5492.74s (1h 31m)  87% completed  (87% total)
     Speed:     ev/sec=418.342   simsec/sec=0.999962   ev/simsec=418.358
     Messages:  created: 217395   present: 44   in FES: 7
** Event #1742080   t=5495.316972924449   Elapsed: 5495.27s (1h 31m)  87% completed  (87% total)
     Speed:     ev/sec=403.836   simsec/sec=0.997305   ev/simsec=404.927
     Messages:  created: 217513   present: 17   in FES: 6
** Event #1742848   t=5497.908948769793   Elapsed: 5497.86s (1h 31m)  87% completed  (87% total)
     Speed:     ev/sec=297.092   simsec/sec=1.00268   ev/simsec=296.299
     Messages:  created: 217608   present: 13   in FES: 7
** Event #1743616   t=5500.116068759859   Elapsed: 5500.08s (1h 31m)  87% completed  (87% total)
     Speed:     ev/sec=345.507   simsec/sec=0.992936   ev/simsec=347.965
     Messages:  created: 217705   present: 17   in FES: 6
** Event #1744384   t=5502.147921943945   Elapsed: 5502.12s (1h 31m)  87% completed  (87% total)
     Speed:     ev/sec=376.399   simsec/sec=0.995818   ev/simsec=377.98
     Messages:  created: 217801   present: 17   in FES: 6
** Event #1745152   t=5505.211250089694   Elapsed: 5505.16s (1h 31m)  87% completed  (87% total)
     Speed:     ev/sec=252.698   simsec/sec=1.00794   ev/simsec=250.708
     Messages:  created: 217894   present: 8   in FES: 5
** Event #1745664   t=5507.661107357887   Elapsed: 5507.66s (1h 31m)  87% completed  (87% total)
     Speed:     ev/sec=205.166   simsec/sec=0.981693   ev/simsec=208.992
     Messages:  created: 217958   present: 9   in FES: 5
** Event #1746432   t=5509.878933533519   Elapsed: 5509.83s (1h 31m)  87% completed  (87% total)
     Speed:     ev/sec=353.563   simsec/sec=1.02102   ev/simsec=346.285
     Messages:  created: 218060   present: 24   in FES: 7
** Event #1747200   t=5512.318757150737   Elapsed: 5512.27s (1h 31m)  87% completed  (87% total)
     Speed:     ev/sec=314.742   simsec/sec=0.999891   ev/simsec=314.777
     Messages:  created: 218150   present: 9   in FES: 6
** Event #1747712   t=5515.063724488591   Elapsed: 5515.01s (1h 31m)  87% completed  (87% total)
     Speed:     ev/sec=186.537   simsec/sec=1.00008   ev/simsec=186.523
     Messages:  created: 218214   present: 8   in FES: 5
** Event #1748480   t=5517.90363596658   Elapsed: 5517.86s (1h 31m)  87% completed  (87% total)
     Speed:     ev/sec=269.973   simsec/sec=0.998306   ev/simsec=270.431
     Messages:  created: 218311   present: 15   in FES: 6
** Event #1749760   t=5520.491976396184   Elapsed: 5520.44s (1h 32m)  87% completed  (87% total)
     Speed:     ev/sec=495.443   simsec/sec=1.00185   ev/simsec=494.525
     Messages:  created: 218501   present: 95   in FES: 7
** Event #1750528   t=5522.931544819497   Elapsed: 5522.88s (1h 32m)  87% completed  (87% total)
     Speed:     ev/sec=314.834   simsec/sec=1.00008   ev/simsec=314.81
     Messages:  created: 218572   present: 30   in FES: 6
** Event #1751552   t=5525.225262546972   Elapsed: 5525.17s (1h 32m)  87% completed  (87% total)
     Speed:     ev/sec=446.463   simsec/sec=1.00006   ev/simsec=446.437
     Messages:  created: 218709   present: 53   in FES: 7
** Event #1752576   t=5527.528993542981   Elapsed: 5527.48s (1h 32m)  87% completed  (87% total)
     Speed:     ev/sec=444.478   simsec/sec=0.99996   ev/simsec=444.496
     Messages:  created: 218850   present: 87   in FES: 7
** Event #1753344   t=5530.088723763253   Elapsed: 5530.04s (1h 32m)  87% completed  (87% total)
     Speed:     ev/sec=300.034   simsec/sec=1.00001   ev/simsec=300.032
     Messages:  created: 218924   present: 28   in FES: 7
** Event #1754112   t=5532.994144625928   Elapsed: 5532.95s (1h 32m)  87% completed  (87% total)
     Speed:     ev/sec=264.16   simsec/sec=0.999343   ev/simsec=264.333
     Messages:  created: 219012   present: 8   in FES: 5
** Event #1754624   t=5535.286822150587   Elapsed: 5535.25s (1h 32m)  87% completed  (87% total)
     Speed:     ev/sec=222.294   simsec/sec=0.995409   ev/simsec=223.32
     Messages:  created: 219076   present: 8   in FES: 5
** Event #1755136   t=5537.492867109536   Elapsed: 5537.46s (1h 32m)  87% completed  (87% total)
     Speed:     ev/sec=231.736   simsec/sec=0.998477   ev/simsec=232.09
     Messages:  created: 219140   present: 8   in FES: 5
** Event #1755648   t=5539.629967391276   Elapsed: 5539.58s (1h 32m)  87% completed  (87% total)
     Speed:     ev/sec=240.793   simsec/sec=1.00508   ev/simsec=239.577
     Messages:  created: 219204   present: 8   in FES: 5
** Event #1756160   t=5542.062671686126   Elapsed: 5542.01s (1h 32m)  87% completed  (87% total)
     Speed:     ev/sec=210.895   simsec/sec=1.00204   ev/simsec=210.465
     Messages:  created: 219269   present: 11   in FES: 7
** Event #1756672   t=5544.317383877034   Elapsed: 5544.27s (1h 32m)  88% completed  (88% total)
     Speed:     ev/sec=227.067   simsec/sec=0.999944   ev/simsec=227.08
     Messages:  created: 219334   present: 13   in FES: 7
** Event #1757184   t=5546.451845214292   Elapsed: 5546.4s (1h 32m)  88% completed  (88% total)
     Speed:     ev/sec=239.89   simsec/sec=1.00007   ev/simsec=239.873
     Messages:  created: 219396   present: 11   in FES: 7
** Event #1757952   t=5548.846156663434   Elapsed: 5548.8s (1h 32m)  88% completed  (88% total)
     Speed:     ev/sec=320.776   simsec/sec=1.00005   ev/simsec=320.76
     Messages:  created: 219492   present: 11   in FES: 7
** Event #1758720   t=5551.181444458753   Elapsed: 5551.13s (1h 32m)  88% completed  (88% total)
     Speed:     ev/sec=328.838   simsec/sec=0.99991   ev/simsec=328.867
     Messages:  created: 219591   present: 18   in FES: 7
** Event #1759744   t=5553.327966318473   Elapsed: 5553.28s (1h 32m)  88% completed  (88% total)
     Speed:     ev/sec=477.098   simsec/sec=1.0001   ev/simsec=477.051
     Messages:  created: 219737   present: 67   in FES: 7
** Event #1760512   t=5555.490471013378   Elapsed: 5555.44s (1h 32m)  88% completed  (88% total)
     Speed:     ev/sec=355.117   simsec/sec=0.999925   ev/simsec=355.144
     Messages:  created: 219819   present: 29   in FES: 7
** Event #1761536   t=5558.018998873853   Elapsed: 5557.97s (1h 32m)  88% completed  (88% total)
     Speed:     ev/sec=404.962   simsec/sec=0.99996   ev/simsec=404.979
     Messages:  created: 219949   present: 35   in FES: 7
** Event #1762560   t=5560.100596951784   Elapsed: 5560.05s (1h 32m)  88% completed  (88% total)
     Speed:     ev/sec=491.946   simsec/sec=1.00003   ev/simsec=491.93
     Messages:  created: 220082   present: 48   in FES: 7
** Event #1763584   t=5562.117029756878   Elapsed: 5562.07s (1h 32m)  88% completed  (88% total)
     Speed:     ev/sec=507.861   simsec/sec=1.00007   ev/simsec=507.827
     Messages:  created: 220216   present: 64   in FES: 7
** Event #1764352   t=5564.172315416059   Elapsed: 5564.12s (1h 32m)  88% completed  (88% total)
     Speed:     ev/sec=373.642   simsec/sec=0.999924   ev/simsec=373.671
     Messages:  created: 220318   present: 81   in FES: 7
** Event #1765120   t=5566.200438978426   Elapsed: 5566.15s (1h 32m)  88% completed  (88% total)
     Speed:     ev/sec=378.67   simsec/sec=0.999987   ev/simsec=378.675
     Messages:  created: 220400   present: 44   in FES: 7
** Event #1766144   t=5568.706578692368   Elapsed: 5568.66s (1h 32m)  88% completed  (88% total)
     Speed:     ev/sec=408.176   simsec/sec=0.998972   ev/simsec=408.597
     Messages:  created: 220526   present: 38   in FES: 6
** Event #1766912   t=5571.057463535823   Elapsed: 5571.01s (1h 32m)  88% completed  (88% total)
     Speed:     ev/sec=327.042   simsec/sec=1.00109   ev/simsec=326.686
     Messages:  created: 220611   present: 9   in FES: 6
** Event #1767424   t=5573.186091112288   Elapsed: 5573.14s (1h 32m)  88% completed  (88% total)
     Speed:     ev/sec=240.557   simsec/sec=1.00011   ev/simsec=240.531
     Messages:  created: 220676   present: 11   in FES: 6
** Event #1768192   t=5575.837751995453   Elapsed: 5575.8s (1h 32m)  88% completed  (88% total)
     Speed:     ev/sec=287.726   simsec/sec=0.993426   ev/simsec=289.63
     Messages:  created: 220771   present: 12   in FES: 6
** Event #1769216   t=5578.54367089603   Elapsed: 5578.49s (1h 32m)  88% completed  (88% total)
     Speed:     ev/sec=380.898   simsec/sec=1.00652   ev/simsec=378.43
     Messages:  created: 220901   present: 16   in FES: 7
** Event #1770240   t=5580.758383264069   Elapsed: 5580.71s (1h 33m)  88% completed  (88% total)
     Speed:     ev/sec=462.318   simsec/sec=0.999904   ev/simsec=462.363
     Messages:  created: 221042   present: 52   in FES: 7
** Event #1771264   t=5582.901332661025   Elapsed: 5582.85s (1h 33m)  88% completed  (88% total)
     Speed:     ev/sec=477.852   simsec/sec=1.00001   ev/simsec=477.846
     Messages:  created: 221191   present: 108   in FES: 7
** Event #1772288   t=5585.158586645893   Elapsed: 5585.11s (1h 33m)  88% completed  (88% total)
     Speed:     ev/sec=453.658   simsec/sec=1.00002   ev/simsec=453.649
     Messages:  created: 221326   present: 128   in FES: 7
** Event #1773312   t=5587.693839220923   Elapsed: 5587.64s (1h 33m)  88% completed  (88% total)
     Speed:     ev/sec=403.895   simsec/sec=0.999976   ev/simsec=403.905
     Messages:  created: 221460   present: 142   in FES: 8
** Event #1774080   t=5589.721113795357   Elapsed: 5589.67s (1h 33m)  88% completed  (88% total)
     Speed:     ev/sec=378.833   simsec/sec=0.999997   ev/simsec=378.834
     Messages:  created: 221535   present: 86   in FES: 8
** Event #1774848   t=5591.947712985504   Elapsed: 5591.9s (1h 33m)  88% completed  (88% total)
     Speed:     ev/sec=344.924   simsec/sec=1.00001   ev/simsec=344.921
     Messages:  created: 221612   present: 35   in FES: 8
** Event #1775616   t=5594.258272934957   Elapsed: 5594.21s (1h 33m)  88% completed  (88% total)
     Speed:     ev/sec=332.386   simsec/sec=0.999996   ev/simsec=332.387
     Messages:  created: 221700   present: 12   in FES: 8
** Event #1776384   t=5596.898755248191   Elapsed: 5596.85s (1h 33m)  88% completed  (88% total)
     Speed:     ev/sec=290.877   simsec/sec=1.00007   ev/simsec=290.856
     Messages:  created: 221798   present: 18   in FES: 8
** Event #1777152   t=5599.476123997566   Elapsed: 5599.43s (1h 33m)  88% completed  (88% total)
     Speed:     ev/sec=297.972   simsec/sec=0.999979   ev/simsec=297.978
     Messages:  created: 221893   present: 15   in FES: 8
** Event #1778176   t=5602.052112068219   Elapsed: 5602s (1h 33m)  88% completed  (88% total)
     Speed:     ev/sec=397.498   simsec/sec=0.999952   ev/simsec=397.517
     Messages:  created: 222023   present: 22   in FES: 8
** Event #1778944   t=5604.305485926435   Elapsed: 5604.26s (1h 33m)  88% completed  (88% total)
     Speed:     ev/sec=340.786   simsec/sec=0.999893   ev/simsec=340.822
     Messages:  created: 222116   present: 12   in FES: 8
** Event #1779968   t=5606.773028127864   Elapsed: 5606.72s (1h 33m)  88% completed  (88% total)
     Speed:     ev/sec=415.051   simsec/sec=1.00015   ev/simsec=414.988
     Messages:  created: 222245   present: 20   in FES: 8
** Event #1780480   t=5608.798910667027   Elapsed: 5608.77s (1h 33m)  89% completed  (89% total)
     Speed:     ev/sec=250.3   simsec/sec=0.990389   ev/simsec=252.729
     Messages:  created: 222307   present: 14   in FES: 7
** Event #1781504   t=5611.064830187389   Elapsed: 5611.01s (1h 33m)  89% completed  (89% total)
     Speed:     ev/sec=455.834   simsec/sec=1.00867   ev/simsec=451.914
     Messages:  created: 222452   present: 60   in FES: 8
** Event #1782272   t=5613.186047127076   Elapsed: 5613.14s (1h 33m)  89% completed  (89% total)
     Speed:     ev/sec=362.055   simsec/sec=0.999997   ev/simsec=362.056
     Messages:  created: 222535   present: 25   in FES: 8
** Event #1783296   t=5615.330929842637   Elapsed: 5615.28s (1h 33m)  89% completed  (89% total)
     Speed:     ev/sec=477.459   simsec/sec=1.00009   ev/simsec=477.415
     Messages:  created: 222684   present: 81   in FES: 8
** Event #1784576   t=5617.850131794013   Elapsed: 5617.8s (1h 33m)  89% completed  (89% total)
     Speed:     ev/sec=507.961   simsec/sec=0.999731   ev/simsec=508.097
     Messages:  created: 222882   present: 182   in FES: 7
** Event #1785600   t=5620.175964824221   Elapsed: 5620.13s (1h 33m)  89% completed  (89% total)
     Speed:     ev/sec=440.362   simsec/sec=1.0002   ev/simsec=440.272
     Messages:  created: 223022   present: 211   in FES: 8
** Event #1786624   t=5622.32574841236   Elapsed: 5622.28s (1h 33m)  89% completed  (89% total)
     Speed:     ev/sec=476.313   simsec/sec=0.999971   ev/simsec=476.327
     Messages:  created: 223162   present: 236   in FES: 8
** Event #1787648   t=5624.723798217882   Elapsed: 5624.67s (1h 33m)  89% completed  (89% total)
     Speed:     ev/sec=427.049   simsec/sec=1.00008   ev/simsec=427.014
     Messages:  created: 223292   present: 240   in FES: 8
** Event #1788672   t=5626.893751018996   Elapsed: 5626.84s (1h 33m)  89% completed  (89% total)
     Speed:     ev/sec=471.929   simsec/sec=1.00006   ev/simsec=471.9
     Messages:  created: 223444   present: 288   in FES: 8
** Event #1789696   t=5629.385450027073   Elapsed: 5629.33s (1h 33m)  89% completed  (89% total)
     Speed:     ev/sec=410.95   simsec/sec=0.999965   ev/simsec=410.965
     Messages:  created: 223566   present: 276   in FES: 8
** Event #1790720   t=5632.08800381235   Elapsed: 5632.04s (1h 33m)  89% completed  (89% total)
     Speed:     ev/sec=378.89   simsec/sec=0.999971   ev/simsec=378.901
     Messages:  created: 223684   present: 256   in FES: 8
** Event #1791744   t=5634.630226156076   Elapsed: 5634.58s (1h 33m)  89% completed  (89% total)
     Speed:     ev/sec=402.789   simsec/sec=0.999979   ev/simsec=402.797
     Messages:  created: 223808   present: 249   in FES: 9
** Event #1793024   t=5636.886629622018   Elapsed: 5636.84s (1h 33m)  89% completed  (89% total)
     Speed:     ev/sec=567.321   simsec/sec=1.00008   ev/simsec=567.274
     Messages:  created: 223996   present: 307   in FES: 8
** Event #1794048   t=5639.372238226451   Elapsed: 5639.32s (1h 33m)  89% completed  (89% total)
     Speed:     ev/sec=411.924   simsec/sec=0.999885   ev/simsec=411.972
     Messages:  created: 224120   present: 299   in FES: 8
** Event #1794816   t=5641.871848219526   Elapsed: 5641.82s (1h 34m)  89% completed  (89% total)
     Speed:     ev/sec=307.27   simsec/sec=1.00007   ev/simsec=307.248
     Messages:  created: 224190   present: 249   in FES: 9
** Event #1795584   t=5643.921900600643   Elapsed: 5643.87s (1h 34m)  89% completed  (89% total)
     Speed:     ev/sec=374.613   simsec/sec=0.999969   ev/simsec=374.625
     Messages:  created: 224273   present: 223   in FES: 9
** Event #1796352   t=5646.591206289161   Elapsed: 5646.54s (1h 34m)  89% completed  (89% total)
     Speed:     ev/sec=287.714   simsec/sec=0.999995   ev/simsec=287.715
     Messages:  created: 224335   present: 136   in FES: 8
** Event #1797376   t=5649.049461114499   Elapsed: 5649s (1h 34m)  89% completed  (89% total)
     Speed:     ev/sec=416.588   simsec/sec=1.00008   ev/simsec=416.556
     Messages:  created: 224420   present: 21   in FES: 5
** Event #1798144   t=5651.324963152259   Elapsed: 5651.27s (1h 34m)  89% completed  (89% total)
     Speed:     ev/sec=337.508   simsec/sec=1   ev/simsec=337.508
     Messages:  created: 224512   present: 9   in FES: 5
** Event #1798912   t=5654.716574204325   Elapsed: 5654.67s (1h 34m)  89% completed  (89% total)
     Speed:     ev/sec=226.423   simsec/sec=0.999922   ev/simsec=226.441
     Messages:  created: 224608   present: 10   in FES: 6
** Event #1799424   t=5657.056308861281   Elapsed: 5657.01s (1h 34m)  89% completed  (89% total)
     Speed:     ev/sec=218.82   simsec/sec=0.999963   ev/simsec=218.828
     Messages:  created: 224672   present: 9   in FES: 5
** Event #1799936   t=5659.126812536383   Elapsed: 5659.08s (1h 34m)  89% completed  (89% total)
     Speed:     ev/sec=247.317   simsec/sec=1.00014   ev/simsec=247.283
     Messages:  created: 224736   present: 11   in FES: 7
** Event #1800960   t=5661.431414307524   Elapsed: 5661.38s (1h 34m)  89% completed  (89% total)
     Speed:     ev/sec=444.292   simsec/sec=0.999918   ev/simsec=444.328
     Messages:  created: 224869   present: 23   in FES: 8
** Event #1801984   t=5664.051908156631   Elapsed: 5664s (1h 34m)  89% completed  (89% total)
     Speed:     ev/sec=390.769   simsec/sec=1.00001   ev/simsec=390.766
     Messages:  created: 224992   present: 10   in FES: 6
** Event #1802752   t=5666.067705880801   Elapsed: 5666.02s (1h 34m)  89% completed  (89% total)
     Speed:     ev/sec=381.021   simsec/sec=1.00008   ev/simsec=380.991
     Messages:  created: 225088   present: 13   in FES: 8
** Event #1803776   t=5668.375268658629   Elapsed: 5668.33s (1h 34m)  89% completed  (89% total)
     Speed:     ev/sec=442.883   simsec/sec=0.998028   ev/simsec=443.758
     Messages:  created: 225216   present: 14   in FES: 7
** Event #1804544   t=5671.227544723455   Elapsed: 5671.18s (1h 34m)  90% completed  (90% total)
     Speed:     ev/sec=269.675   simsec/sec=1.00155   ev/simsec=269.259
     Messages:  created: 225311   present: 10   in FES: 6
** Event #1805056   t=5673.240553482498   Elapsed: 5673.19s (1h 34m)  90% completed  (90% total)
     Speed:     ev/sec=254.373   simsec/sec=1.00011   ev/simsec=254.346
     Messages:  created: 225375   present: 12   in FES: 8
** Event #1805824   t=5675.448210575842   Elapsed: 5675.4s (1h 34m)  90% completed  (90% total)
     Speed:     ev/sec=347.307   simsec/sec=0.998354   ev/simsec=347.88
     Messages:  created: 225472   present: 14   in FES: 6
** Event #1806592   t=5677.732626429133   Elapsed: 5677.68s (1h 34m)  90% completed  (90% total)
     Speed:     ev/sec=336.696   simsec/sec=1.0015   ev/simsec=336.191
     Messages:  created: 225569   present: 17   in FES: 7
** Event #1807616   t=5680.591547127754   Elapsed: 5680.54s (1h 34m)  90% completed  (90% total)
     Speed:     ev/sec=358.169   simsec/sec=0.999976   ev/simsec=358.177
     Messages:  created: 225694   present: 9   in FES: 5
** Event #1808384   t=5683.558301661247   Elapsed: 5683.51s (1h 34m)  90% completed  (90% total)
     Speed:     ev/sec=258.853   simsec/sec=0.999941   ev/simsec=258.869
     Messages:  created: 225791   present: 10   in FES: 6
** Event #1809152   t=5686.451656245313   Elapsed: 5686.41s (1h 34m)  90% completed  (90% total)
     Speed:     ev/sec=264.504   simsec/sec=0.996488   ev/simsec=265.436
     Messages:  created: 225888   present: 14   in FES: 7
** Event #1809920   t=5688.829258152226   Elapsed: 5688.78s (1h 34m)  90% completed  (90% total)
     Speed:     ev/sec=324.44   simsec/sec=1.00441   ev/simsec=323.015
     Messages:  created: 225984   present: 13   in FES: 7
** Event #1810944   t=5691.117496822715   Elapsed: 5691.07s (1h 34m)  90% completed  (90% total)
     Speed:     ev/sec=447.509   simsec/sec=1.00001   ev/simsec=447.506
     Messages:  created: 226114   present: 19   in FES: 8
** Event #1811712   t=5693.369697879906   Elapsed: 5693.32s (1h 34m)  90% completed  (90% total)
     Speed:     ev/sec=341.021   simsec/sec=1.00006   ev/simsec=341
     Messages:  created: 226207   present: 10   in FES: 6
** Event #1812480   t=5695.610110850455   Elapsed: 5695.56s (1h 34m)  90% completed  (90% total)
     Speed:     ev/sec=342.748   simsec/sec=0.999867   ev/simsec=342.794
     Messages:  created: 226306   present: 19   in FES: 8
** Event #1813504   t=5698.423219945498   Elapsed: 5698.37s (1h 34m)  90% completed  (90% total)
     Speed:     ev/sec=364.038   simsec/sec=1.00008   ev/simsec=364.01
     Messages:  created: 226429   present: 11   in FES: 7
** Event #1814272   t=5701.163985071614   Elapsed: 5701.11s (1h 35m)  90% completed  (90% total)
     Speed:     ev/sec=280.22   simsec/sec=1.00002   ev/simsec=280.214
     Messages:  created: 226526   present: 13   in FES: 7
** Event #1815040   t=5704.061278532023   Elapsed: 5704.01s (1h 35m)  90% completed  (90% total)
     Speed:     ev/sec=265.072   simsec/sec=0.999988   ev/simsec=265.075
     Messages:  created: 226620   present: 9   in FES: 5
** Event #1815808   t=5706.891812123565   Elapsed: 5706.84s (1h 35m)  90% completed  (90% total)
     Speed:     ev/sec=271.319   simsec/sec=0.999969   ev/simsec=271.327
     Messages:  created: 226717   present: 11   in FES: 7
** Event #1816320   t=5708.925580711693   Elapsed: 5708.87s (1h 35m)  90% completed  (90% total)
     Speed:     ev/sec=251.755   simsec/sec=1.00002   ev/simsec=251.749
     Messages:  created: 226782   present: 13   in FES: 8
** Event #1817344   t=5711.280602054969   Elapsed: 5711.23s (1h 35m)  90% completed  (90% total)
     Speed:     ev/sec=434.806   simsec/sec=0.999979   ev/simsec=434.816
     Messages:  created: 226912   present: 20   in FES: 8
** Event #1818880   t=5713.611165471838   Elapsed: 5713.56s (1h 35m)  90% completed  (90% total)
     Speed:     ev/sec=659.077   simsec/sec=1.00001   ev/simsec=659.068
     Messages:  created: 227118   present: 57   in FES: 8
** Event #1819648   t=5716.14441302973   Elapsed: 5716.09s (1h 35m)  90% completed  (90% total)
     Speed:     ev/sec=303.17   simsec/sec=1.00001   ev/simsec=303.168
     Messages:  created: 227197   present: 11   in FES: 7
** Event #1820416   t=5718.650738109189   Elapsed: 5718.6s (1h 35m)  90% completed  (90% total)
     Speed:     ev/sec=306.439   simsec/sec=1.00005   ev/simsec=306.425
     Messages:  created: 227293   present: 11   in FES: 7
** Event #1821184   t=5721.146373658385   Elapsed: 5721.1s (1h 35m)  90% completed  (90% total)
     Speed:     ev/sec=307.64   simsec/sec=0.999683   ev/simsec=307.737
     Messages:  created: 227390   present: 14   in FES: 7
** Event #1821952   t=5723.253074653391   Elapsed: 5723.2s (1h 35m)  90% completed  (90% total)
     Speed:     ev/sec=364.672   simsec/sec=1.00033   ev/simsec=364.551
     Messages:  created: 227486   present: 13   in FES: 7
** Event #1823232   t=5725.569315505825   Elapsed: 5725.52s (1h 35m)  90% completed  (90% total)
     Speed:     ev/sec=552.577   simsec/sec=0.999922   ev/simsec=552.62
     Messages:  created: 227661   present: 53   in FES: 8
** Event #1824256   t=5727.682717965421   Elapsed: 5727.63s (1h 35m)  90% completed  (90% total)
     Speed:     ev/sec=484.608   simsec/sec=1.00017   ev/simsec=484.527
     Messages:  created: 227771   present: 10   in FES: 6
** Event #1825024   t=5730.716925976609   Elapsed: 5730.67s (1h 35m)  90% completed  (90% total)
     Speed:     ev/sec=253.091   simsec/sec=0.999908   ev/simsec=253.114
     Messages:  created: 227868   present: 11   in FES: 7
** Event #1825792   t=5733.343527944385   Elapsed: 5733.31s (1h 35m)  91% completed  (91% total)
     Speed:     ev/sec=290.353   simsec/sec=0.993025   ev/simsec=292.393
     Messages:  created: 227965   present: 15   in FES: 7
** Event #1827072   t=5735.900678167949   Elapsed: 5735.85s (1h 35m)  91% completed  (91% total)
     Speed:     ev/sec=504.202   simsec/sec=1.00728   ev/simsec=500.557
     Messages:  created: 228124   present: 13   in FES: 8
** Event #1827840   t=5738.802211112852   Elapsed: 5738.75s (1h 35m)  91% completed  (91% total)
     Speed:     ev/sec=264.678   simsec/sec=0.999963   ev/simsec=264.688
     Messages:  created: 228220   present: 12   in FES: 8
** Event #1828608   t=5740.868258200549   Elapsed: 5740.82s (1h 35m)  91% completed  (91% total)
     Speed:     ev/sec=371.739   simsec/sec=1.00004   ev/simsec=371.724
     Messages:  created: 228317   present: 14   in FES: 8
** Event #1829376   t=5743.132159270851   Elapsed: 5743.08s (1h 35m)  91% completed  (91% total)
     Speed:     ev/sec=339.241   simsec/sec=1.00001   ev/simsec=339.237
     Messages:  created: 228411   present: 10   in FES: 6
** Event #1829888   t=5745.326379516149   Elapsed: 5745.28s (1h 35m)  91% completed  (91% total)
     Speed:     ev/sec=233.332   simsec/sec=0.999963   ev/simsec=233.34
     Messages:  created: 228475   present: 9   in FES: 5
** Event #1831168   t=5747.825097819128   Elapsed: 5747.78s (1h 35m)  91% completed  (91% total)
     Speed:     ev/sec=511.816   simsec/sec=0.999128   ev/simsec=512.263
     Messages:  created: 228637   present: 15   in FES: 7
** Event #1831936   t=5750.445071212069   Elapsed: 5750.39s (1h 35m)  91% completed  (91% total)
     Speed:     ev/sec=293.391   simsec/sec=1.00088   ev/simsec=293.133
     Messages:  created: 228731   present: 10   in FES: 6
** Event #1832448   t=5752.604491278884   Elapsed: 5752.55s (1h 35m)  91% completed  (91% total)
     Speed:     ev/sec=237.097   simsec/sec=0.999982   ev/simsec=237.101
     Messages:  created: 228796   present: 13   in FES: 7
** Event #1833216   t=5755.267351401488   Elapsed: 5755.22s (1h 35m)  91% completed  (91% total)
     Speed:     ev/sec=288.403   simsec/sec=0.999969   ev/simsec=288.412
     Messages:  created: 228892   present: 12   in FES: 7
** Event #1833728   t=5757.579711786216   Elapsed: 5757.53s (1h 35m)  91% completed  (91% total)
     Speed:     ev/sec=221.418   simsec/sec=0.999996   ev/simsec=221.419
     Messages:  created: 228955   present: 12   in FES: 8
** Event #1834496   t=5760.595440472054   Elapsed: 5760.54s (1h 36m)  91% completed  (91% total)
     Speed:     ev/sec=254.68   simsec/sec=1.00006   ev/simsec=254.665
     Messages:  created: 229051   present: 13   in FES: 7
** Event #1835008   t=5762.681225110328   Elapsed: 5762.63s (1h 36m)  91% completed  (91% total)
     Speed:     ev/sec=245.468   simsec/sec=0.999985   ev/simsec=245.471
     Messages:  created: 229115   present: 13   in FES: 8
** Event #1836032   t=5765.358186182619   Elapsed: 5765.34s (1h 36m)  91% completed  (91% total)
     Speed:     ev/sec=377.393   simsec/sec=0.986588   ev/simsec=382.523
     Messages:  created: 229241   present: 9   in FES: 5
** Event #1836800   t=5767.457981448174   Elapsed: 5767.41s (1h 36m)  91% completed  (91% total)
     Speed:     ev/sec=372.211   simsec/sec=1.01766   ev/simsec=365.75
     Messages:  created: 229338   present: 12   in FES: 7
** Event #1837568   t=5770.097988984128   Elapsed: 5770.05s (1h 36m)  91% completed  (91% total)
     Speed:     ev/sec=290.888   simsec/sec=0.99993   ev/simsec=290.908
     Messages:  created: 229434   present: 11   in FES: 7
** Event #1838336   t=5772.306957278065   Elapsed: 5772.26s (1h 36m)  91% completed  (91% total)
     Speed:     ev/sec=347.668   simsec/sec=0.999983   ev/simsec=347.674
     Messages:  created: 229530   present: 11   in FES: 7
** Event #1839360   t=5775.161477378937   Elapsed: 5775.11s (1h 36m)  91% completed  (91% total)
     Speed:     ev/sec=358.747   simsec/sec=1.00005   ev/simsec=358.729
     Messages:  created: 229659   present: 14   in FES: 8
** Event #1839872   t=5777.162914861355   Elapsed: 5777.11s (1h 36m)  91% completed  (91% total)
     Speed:     ev/sec=255.831   simsec/sec=1.00006   ev/simsec=255.816
     Messages:  created: 229723   present: 13   in FES: 7
** Event #1841152   t=5779.610322325052   Elapsed: 5779.56s (1h 36m)  91% completed  (91% total)
     Speed:     ev/sec=522.996   simsec/sec=0.999988   ev/simsec=523.002
     Messages:  created: 229883   present: 13   in FES: 8
** Event #1842176   t=5781.634665239741   Elapsed: 5781.58s (1h 36m)  91% completed  (91% total)
     Speed:     ev/sec=505.79   simsec/sec=0.999896   ev/simsec=505.843
     Messages:  created: 230013   present: 20   in FES: 8
** Event #1843200   t=5784.335448396114   Elapsed: 5784.28s (1h 36m)  91% completed  (91% total)
     Speed:     ev/sec=379.166   simsec/sec=1.00004   ev/simsec=379.149
     Messages:  created: 230139   present: 13   in FES: 7
** Event #1844224   t=5786.482521945963   Elapsed: 5786.45s (1h 36m)  91% completed  (91% total)
     Speed:     ev/sec=473.933   simsec/sec=0.993721   ev/simsec=476.928
     Messages:  created: 230264   present: 10   in FES: 6
** Event #1845504   t=5788.801276811851   Elapsed: 5788.76s (1h 36m)  91% completed  (91% total)
     Speed:     ev/sec=552.443   simsec/sec=1.00077   ev/simsec=552.02
     Messages:  created: 230424   present: 10   in FES: 6
** Event #1846528   t=5792.141979460249   Elapsed: 5792.12s (1h 36m)  91% completed  (91% total)
     Speed:     ev/sec=305.344   simsec/sec=0.996157   ev/simsec=306.522
     Messages:  created: 230552   present: 10   in FES: 5
** Event #1847040   t=5794.948272646006   Elapsed: 5794.9s (1h 36m)  91% completed  (91% total)
     Speed:     ev/sec=184.06   simsec/sec=1.00884   ev/simsec=182.447
     Messages:  created: 230616   present: 9   in FES: 5
** Event #1847552   t=5797.167724425621   Elapsed: 5797.14s (1h 36m)  92% completed  (92% total)
     Speed:     ev/sec=228.604   simsec/sec=0.990969   ev/simsec=230.688
     Messages:  created: 230682   present: 10   in FES: 6
** Event #1848064   t=5799.352327332492   Elapsed: 5799.31s (1h 36m)  92% completed  (92% total)
     Speed:     ev/sec=235.92   simsec/sec=1.00663   ev/simsec=234.368
     Messages:  created: 230746   present: 10   in FES: 6
** Event #1849088   t=5801.900407465971   Elapsed: 5801.85s (1h 36m)  92% completed  (92% total)
     Speed:     ev/sec=402.812   simsec/sec=1.00234   ev/simsec=401.871
     Messages:  created: 230875   present: 12   in FES: 6
** Event #1849856   t=5805.057940503285   Elapsed: 5805.02s (1h 36m)  92% completed  (92% total)
     Speed:     ev/sec=241.884   simsec/sec=0.994474   ev/simsec=243.228
     Messages:  created: 230970   present: 10   in FES: 6
** Event #1850624   t=5807.966366528992   Elapsed: 5807.92s (1h 36m)  92% completed  (92% total)
     Speed:     ev/sec=265.658   simsec/sec=1.00605   ev/simsec=264.06
     Messages:  created: 231066   present: 9   in FES: 6
** Event #1851392   t=5810.8735814871   Elapsed: 5810.82s (1h 36m)  92% completed  (92% total)
     Speed:     ev/sec=264.196   simsec/sec=1.0001   ev/simsec=264.17
     Messages:  created: 231161   present: 8   in FES: 5
** Event #1852160   t=5813.546579039239   Elapsed: 5813.5s (1h 36m)  92% completed  (92% total)
     Speed:     ev/sec=287.206   simsec/sec=0.999612   ev/simsec=287.318
     Messages:  created: 231258   present: 10   in FES: 6
** Event #1852672   t=5815.941769287643   Elapsed: 5815.9s (1h 36m)  92% completed  (92% total)
     Speed:     ev/sec=213.29   simsec/sec=0.997795   ev/simsec=213.762
     Messages:  created: 231320   present: 8   in FES: 5
** Event #1853440   t=5818.453499087625   Elapsed: 5818.42s (1h 36m)  92% completed  (92% total)
     Speed:     ev/sec=304.555   simsec/sec=0.996041   ev/simsec=305.765
     Messages:  created: 231422   present: 24   in FES: 6
** Event #1854464   t=5820.983459904395   Elapsed: 5820.93s (1h 37m)  92% completed  (92% total)
     Speed:     ev/sec=407.328   simsec/sec=1.00637   ev/simsec=404.749
     Messages:  created: 231550   present: 24   in FES: 7
** Event #1855232   t=5823.115846367547   Elapsed: 5823.07s (1h 37m)  92% completed  (92% total)
     Speed:     ev/sec=360.169   simsec/sec=1.00003   ev/simsec=360.16
     Messages:  created: 231642   present: 13   in FES: 7
** Event #1856000   t=5825.146113909318   Elapsed: 5825.1s (1h 37m)  92% completed  (92% total)
     Speed:     ev/sec=378.098   simsec/sec=0.999531   ev/simsec=378.275
     Messages:  created: 231742   present: 25   in FES: 6
** Event #1857024   t=5827.780225029722   Elapsed: 5827.73s (1h 37m)  92% completed  (92% total)
     Speed:     ev/sec=388.874   simsec/sec=1.00033   ev/simsec=388.746
     Messages:  created: 231869   present: 21   in FES: 6
** Event #1857792   t=5830.111098661746   Elapsed: 5830.07s (1h 37m)  92% completed  (92% total)
     Speed:     ev/sec=328.433   simsec/sec=0.996792   ev/simsec=329.49
     Messages:  created: 231960   present: 9   in FES: 6
** Event #1858816   t=5832.350075735589   Elapsed: 5832.3s (1h 37m)  92% completed  (92% total)
     Speed:     ev/sec=458.886   simsec/sec=1.00335   ev/simsec=457.352
     Messages:  created: 232109   present: 64   in FES: 7
** Event #1859840   t=5834.954404789281   Elapsed: 5834.91s (1h 37m)  92% completed  (92% total)
     Speed:     ev/sec=392.679   simsec/sec=0.998697   ev/simsec=393.191
     Messages:  created: 232234   present: 57   in FES: 6
** Event #1860864   t=5837.204816336869   Elapsed: 5837.15s (1h 37m)  92% completed  (92% total)
     Speed:     ev/sec=455.73   simsec/sec=1.00154   ev/simsec=455.028
     Messages:  created: 232374   present: 88   in FES: 7
** Event #1861888   t=5839.586530023781   Elapsed: 5839.54s (1h 37m)  92% completed  (92% total)
     Speed:     ev/sec=429.943   simsec/sec=1   ev/simsec=429.943
     Messages:  created: 232513   present: 117   in FES: 7
** Event #1862912   t=5842.237250280313   Elapsed: 5842.19s (1h 37m)  92% completed  (92% total)
     Speed:     ev/sec=386.301   simsec/sec=0.999976   ev/simsec=386.31
     Messages:  created: 232635   present: 103   in FES: 7
** Event #1863680   t=5844.369022437974   Elapsed: 5844.32s (1h 37m)  92% completed  (92% total)
     Speed:     ev/sec=360.269   simsec/sec=1.00002   ev/simsec=360.264
     Messages:  created: 232707   present: 38   in FES: 7
** Event #1864704   t=5847.025589085294   Elapsed: 5846.98s (1h 37m)  92% completed  (92% total)
     Speed:     ev/sec=385.135   simsec/sec=0.999158   ev/simsec=385.46
     Messages:  created: 232825   present: 15   in FES: 5
** Event #1865472   t=5849.275765329387   Elapsed: 5849.22s (1h 37m)  92% completed  (92% total)
     Speed:     ev/sec=341.687   simsec/sec=1.00112   ev/simsec=341.307
     Messages:  created: 232920   present: 12   in FES: 7
** Event #1866496   t=5851.920491224585   Elapsed: 5851.87s (1h 37m)  92% completed  (92% total)
     Speed:     ev/sec=387.151   simsec/sec=0.999911   ev/simsec=387.186
     Messages:  created: 233050   present: 18   in FES: 7
** Event #1867264   t=5855.112671115824   Elapsed: 5855.06s (1h 37m)  92% completed  (92% total)
     Speed:     ev/sec=240.598   simsec/sec=1.00004   ev/simsec=240.588
     Messages:  created: 233143   present: 9   in FES: 6
** Event #1868288   t=5857.404149722982   Elapsed: 5857.36s (1h 37m)  92% completed  (92% total)
     Speed:     ev/sec=445.623   simsec/sec=0.997202   ev/simsec=446.873
     Messages:  created: 233294   present: 71   in FES: 6
** Event #1869312   t=5859.828588496085   Elapsed: 5859.78s (1h 37m)  93% completed  (93% total)
     Speed:     ev/sec=423.472   simsec/sec=1.00262   ev/simsec=422.366
     Messages:  created: 233420   present: 65   in FES: 7
** Event #1870336   t=5861.9630652362   Elapsed: 5861.91s (1h 37m)  93% completed  (93% total)
     Speed:     ev/sec=479.771   simsec/sec=1.00006   ev/simsec=479.743
     Messages:  created: 233558   present: 92   in FES: 7
** Event #1871360   t=5864.406578096814   Elapsed: 5864.38s (1h 37m)  93% completed  (93% total)
     Speed:     ev/sec=415.604   simsec/sec=0.991733   ev/simsec=419.069
     Messages:  created: 233693   present: 111   in FES: 6
** Event #1872128   t=5866.505265539467   Elapsed: 5866.45s (1h 37m)  93% completed  (93% total)
     Speed:     ev/sec=369.497   simsec/sec=1.00971   ev/simsec=365.943
     Messages:  created: 233776   present: 77   in FES: 7
** Event #1873152   t=5868.950441666937   Elapsed: 5868.9s (1h 37m)  93% completed  (93% total)
     Speed:     ev/sec=418.262   simsec/sec=0.998755   ev/simsec=418.784
     Messages:  created: 233902   present: 71   in FES: 6
** Event #1874176   t=5871.337272581424   Elapsed: 5871.29s (1h 37m)  93% completed  (93% total)
     Speed:     ev/sec=429.589   simsec/sec=1.00133   ev/simsec=429.021
     Messages:  created: 234029   present: 69   in FES: 7
** Event #1875200   t=5873.360583627825   Elapsed: 5873.32s (1h 37m)  93% completed  (93% total)
     Speed:     ev/sec=504.415   simsec/sec=0.996668   ev/simsec=506.101
     Messages:  created: 234176   present: 119   in FES: 6
** Event #1875968   t=5875.584550460608   Elapsed: 5875.53s (1h 37m)  93% completed  (93% total)
     Speed:     ev/sec=346.372   simsec/sec=1.00302   ev/simsec=345.329
     Messages:  created: 234271   present: 115   in FES: 7
** Event #1876736   t=5878.272686165199   Elapsed: 5878.22s (1h 37m)  93% completed  (93% total)
     Speed:     ev/sec=285.688   simsec/sec=0.999957   ev/simsec=285.7
     Messages:  created: 234327   present: 10   in FES: 6
** Event #1877504   t=5881.625109977074   Elapsed: 5881.57s (1h 38m)  93% completed  (93% total)
     Speed:     ev/sec=229.085   simsec/sec=0.999986   ev/simsec=229.088
     Messages:  created: 234423   present: 12   in FES: 7
** Event #1878272   t=5883.90347017105   Elapsed: 5883.85s (1h 38m)  93% completed  (93% total)
     Speed:     ev/sec=337.104   simsec/sec=1.00006   ev/simsec=337.085
     Messages:  created: 234524   present: 25   in FES: 7
** Event #1879296   t=5886.318872414159   Elapsed: 5886.27s (1h 38m)  93% completed  (93% total)
     Speed:     ev/sec=423.949   simsec/sec=1.00001   ev/simsec=423.946
     Messages:  created: 234650   present: 19   in FES: 8
** Event #1880064   t=5888.324996719403   Elapsed: 5888.28s (1h 38m)  93% completed  (93% total)
     Speed:     ev/sec=381.706   simsec/sec=0.997071   ev/simsec=382.828
     Messages:  created: 234745   present: 17   in FES: 7
** Event #1880832   t=5890.787973679359   Elapsed: 5890.74s (1h 38m)  93% completed  (93% total)
     Speed:     ev/sec=312.588   simsec/sec=1.00247   ev/simsec=311.818
     Messages:  created: 234842   present: 19   in FES: 8
** Event #1881600   t=5893.044316756498   Elapsed: 5893.03s (1h 38m)  93% completed  (93% total)
     Speed:     ev/sec=335.135   simsec/sec=0.984608   ev/simsec=340.374
     Messages:  created: 234934   present: 9   in FES: 5
** Event #1882368   t=5895.247685635286   Elapsed: 5895.2s (1h 38m)  93% completed  (93% total)
     Speed:     ev/sec=354.202   simsec/sec=1.0162   ev/simsec=348.557
     Messages:  created: 235032   present: 13   in FES: 8
** Event #1883136   t=5897.779761819849   Elapsed: 5897.73s (1h 38m)  93% completed  (93% total)
     Speed:     ev/sec=303.33   simsec/sec=1.00007   ev/simsec=303.308
     Messages:  created: 235130   present: 19   in FES: 8
** Event #1883904   t=5900.276736005389   Elapsed: 5900.23s (1h 38m)  93% completed  (93% total)
     Speed:     ev/sec=307.586   simsec/sec=1.00005   ev/simsec=307.572
     Messages:  created: 235223   present: 12   in FES: 7
** Event #1884672   t=5903.589071966161   Elapsed: 5903.65s (1h 38m)  93% completed  (93% total)
     Speed:     ev/sec=224.159   simsec/sec=0.966784   ev/simsec=231.861
     Messages:  created: 235318   present: 9   in FES: 5
** Event #1885184   t=5906.538911131715   Elapsed: 5906.49s (1h 38m)  93% completed  (93% total)
     Speed:     ev/sec=180.521   simsec/sec=1.04005   ev/simsec=173.569
     Messages:  created: 235382   present: 12   in FES: 7
** Event #1885952   t=5910.180529786948   Elapsed: 5910.13s (1h 38m)  93% completed  (93% total)
     Speed:     ev/sec=210.888   simsec/sec=0.999965   ev/simsec=210.895
     Messages:  created: 235478   present: 13   in FES: 8
** Event #1886464   t=5912.850336386893   Elapsed: 5912.8s (1h 38m)  93% completed  (93% total)
     Speed:     ev/sec=191.777   simsec/sec=1.00001   ev/simsec=191.774
     Messages:  created: 235542   present: 11   in FES: 7
** Event #1887232   t=5915.333705144993   Elapsed: 5915.28s (1h 38m)  93% completed  (93% total)
     Speed:     ev/sec=309.253   simsec/sec=0.999985   ev/simsec=309.257
     Messages:  created: 235644   present: 28   in FES: 8
** Event #1888000   t=5917.803413013548   Elapsed: 5917.75s (1h 38m)  93% completed  (93% total)
     Speed:     ev/sec=310.967   simsec/sec=0.999996   ev/simsec=310.968
     Messages:  created: 235734   present: 11   in FES: 7
** Event #1888512   t=5920.137233157591   Elapsed: 5920.09s (1h 38m)  93% completed  (93% total)
     Speed:     ev/sec=219.384   simsec/sec=1.00001   ev/simsec=219.383
     Messages:  created: 235797   present: 10   in FES: 6
** Event #1889536   t=5922.695367270894   Elapsed: 5922.64s (1h 38m)  94% completed  (94% total)
     Speed:     ev/sec=400.299   simsec/sec=1.00002   ev/simsec=400.292
     Messages:  created: 235938   present: 45   in FES: 8
** Event #1890304   t=5925.501842840019   Elapsed: 5925.45s (1h 38m)  94% completed  (94% total)
     Speed:     ev/sec=273.652   simsec/sec=0.999997   ev/simsec=273.653
     Messages:  created: 236022   present: 12   in FES: 8
** Event #1891072   t=5928.073257725276   Elapsed: 5928.02s (1h 38m)  94% completed  (94% total)
     Speed:     ev/sec=298.627   simsec/sec=0.999861   ev/simsec=298.668
     Messages:  created: 236125   present: 31   in FES: 7
** Event #1891840   t=5931.160061121428   Elapsed: 5931.11s (1h 38m)  94% completed  (94% total)
     Speed:     ev/sec=248.827   simsec/sec=1.0001   ev/simsec=248.801
     Messages:  created: 236215   present: 14   in FES: 8
** Event #1892608   t=5933.390107075183   Elapsed: 5933.34s (1h 38m)  94% completed  (94% total)
     Speed:     ev/sec=344.424   simsec/sec=1.0001   ev/simsec=344.388
     Messages:  created: 236318   present: 33   in FES: 8
** Event #1893632   t=5936.059538686772   Elapsed: 5936.01s (1h 38m)  94% completed  (94% total)
     Speed:     ev/sec=383.574   simsec/sec=0.999928   ev/simsec=383.602
     Messages:  created: 236436   present: 10   in FES: 6
** Event #1894144   t=5938.200257697411   Elapsed: 5938.15s (1h 38m)  94% completed  (94% total)
     Speed:     ev/sec=239.164   simsec/sec=0.999967   ev/simsec=239.172
     Messages:  created: 236500   present: 9   in FES: 5
** Event #1894656   t=5940.448233041771   Elapsed: 5940.47s (1h 39m)  94% completed  (94% total)
     Speed:     ev/sec=220.581   simsec/sec=0.968476   ev/simsec=227.761
     Messages:  created: 236563   present: 8   in FES: 4
** Event #1895424   t=5942.785553877841   Elapsed: 5942.73s (1h 39m)  94% completed  (94% total)
     Speed:     ev/sec=339.213   simsec/sec=1.03236   ev/simsec=328.581
     Messages:  created: 236660   present: 11   in FES: 6
** Event #1895936   t=5944.844935880132   Elapsed: 5944.82s (1h 39m)  94% completed  (94% total)
     Speed:     ev/sec=246.074   simsec/sec=0.989764   ev/simsec=248.618
     Messages:  created: 236723   present: 8   in FES: 4
** Event #1896704   t=5947.252711530673   Elapsed: 5947.2s (1h 39m)  94% completed  (94% total)
     Speed:     ev/sec=321.818   simsec/sec=1.00894   ev/simsec=318.967
     Messages:  created: 236820   present: 11   in FES: 6
** Event #1897728   t=5949.883373550926   Elapsed: 5949.83s (1h 39m)  94% completed  (94% total)
     Speed:     ev/sec=389.234   simsec/sec=0.999945   ev/simsec=389.256
     Messages:  created: 236948   present: 10   in FES: 6
** Event #1898496   t=5952.283770465572   Elapsed: 5952.23s (1h 39m)  94% completed  (94% total)
     Speed:     ev/sec=319.979   simsec/sec=1.0001   ev/simsec=319.947
     Messages:  created: 237044   present: 11   in FES: 7
** Event #1899264   t=5955.129481881372   Elapsed: 5955.08s (1h 39m)  94% completed  (94% total)
     Speed:     ev/sec=269.853   simsec/sec=0.999901   ev/simsec=269.88
     Messages:  created: 237140   present: 10   in FES: 6
** Event #1900032   t=5957.153809710176   Elapsed: 5957.1s (1h 39m)  94% completed  (94% total)
     Speed:     ev/sec=379.407   simsec/sec=1.00006   ev/simsec=379.385
     Messages:  created: 237237   present: 13   in FES: 7
** Event #1900800   t=5959.539418780879   Elapsed: 5959.49s (1h 39m)  94% completed  (94% total)
     Speed:     ev/sec=321.931   simsec/sec=1   ev/simsec=321.93
     Messages:  created: 237334   present: 15   in FES: 8
** Event #1901824   t=5961.609213612698   Elapsed: 5961.56s (1h 39m)  94% completed  (94% total)
     Speed:     ev/sec=494.735   simsec/sec=0.999999   ev/simsec=494.735
     Messages:  created: 237468   present: 31   in FES: 8
** Event #1903104   t=5963.723604972394   Elapsed: 5963.7s (1h 39m)  94% completed  (94% total)
     Speed:     ev/sec=597.473   simsec/sec=0.986947   ev/simsec=605.375
     Messages:  created: 237628   present: 32   in FES: 6
** Event #1904128   t=5966.673968614183   Elapsed: 5966.64s (1h 39m)  94% completed  (94% total)
     Speed:     ev/sec=348.06   simsec/sec=1.00283   ev/simsec=347.076
     Messages:  created: 237746   present: 9   in FES: 5
** Event #1904896   t=5968.839801971759   Elapsed: 5968.79s (1h 39m)  94% completed  (94% total)
     Speed:     ev/sec=357.803   simsec/sec=1.00904   ev/simsec=354.598
     Messages:  created: 237842   present: 9   in FES: 5
** Event #1905920   t=5970.9857403105   Elapsed: 5970.93s (1h 39m)  94% completed  (94% total)
     Speed:     ev/sec=477.27   simsec/sec=1.00019   ev/simsec=477.181
     Messages:  created: 237972   present: 13   in FES: 8
** Event #1906688   t=5973.081175644825   Elapsed: 5973.03s (1h 39m)  94% completed  (94% total)
     Speed:     ev/sec=366.473   simsec/sec=0.999896   ev/simsec=366.511
     Messages:  created: 238068   present: 15   in FES: 8
** Event #1907456   t=5975.410696991031   Elapsed: 5975.36s (1h 39m)  94% completed  (94% total)
     Speed:     ev/sec=329.709   simsec/sec=1.00008   ev/simsec=329.681
     Messages:  created: 238166   present: 20   in FES: 8
** Event #1908224   t=5977.846894707255   Elapsed: 5977.8s (1h 39m)  94% completed  (94% total)
     Speed:     ev/sec=315.235   simsec/sec=0.999968   ev/simsec=315.245
     Messages:  created: 238259   present: 11   in FES: 7
** Event #1908736   t=5980.367168289018   Elapsed: 5980.33s (1h 39m)  94% completed  (94% total)
     Speed:     ev/sec=201.889   simsec/sec=0.99378   ev/simsec=203.153
     Messages:  created: 238322   present: 9   in FES: 5
** Event #1909504   t=5983.027597456755   Elapsed: 5982.98s (1h 39m)  94% completed  (94% total)
     Speed:     ev/sec=289.78   simsec/sec=1.00383   ev/simsec=288.675
     Messages:  created: 238420   present: 9   in FES: 5
** Event #1910272   t=5986.252721432304   Elapsed: 5986.2s (1h 39m)  95% completed  (95% total)
     Speed:     ev/sec=238.539   simsec/sec=1.00172   ev/simsec=238.13
     Messages:  created: 238517   present: 12   in FES: 6
** Event #1910784   t=5988.35902417402   Elapsed: 5988.31s (1h 39m)  95% completed  (95% total)
     Speed:     ev/sec=243.078   simsec/sec=0.999991   ev/simsec=243.08
     Messages:  created: 238580   present: 8   in FES: 5
** Event #1911296   t=5990.565942698018   Elapsed: 5990.54s (1h 39m)  95% completed  (95% total)
     Speed:     ev/sec=229.383   simsec/sec=0.98873   ev/simsec=231.998
     Messages:  created: 238644   present: 9   in FES: 5
** Event #1912064   t=5993.187757219615   Elapsed: 5993.14s (1h 39m)  95% completed  (95% total)
     Speed:     ev/sec=295.784   simsec/sec=1.00975   ev/simsec=292.927
     Messages:  created: 238740   present: 8   in FES: 5
** Event #1912832   t=5995.348734311164   Elapsed: 5995.3s (1h 39m)  95% completed  (95% total)
     Speed:     ev/sec=355.372   simsec/sec=0.999937   ev/simsec=355.395
     Messages:  created: 238838   present: 13   in FES: 6
** Event #1913600   t=5997.873917405143   Elapsed: 5997.82s (1h 39m)  95% completed  (95% total)
     Speed:     ev/sec=304.138   simsec/sec=1.00001   ev/simsec=304.136
     Messages:  created: 238935   present: 20   in FES: 7
** Event #1914624   t=6000.230494449611   Elapsed: 6000.18s (1h 40m)  95% completed  (95% total)
     Speed:     ev/sec=434.552   simsec/sec=1.00005   ev/simsec=434.529
     Messages:  created: 239064   present: 23   in FES: 7
** Event #1915392   t=6002.760523565646   Elapsed: 6002.71s (1h 40m)  95% completed  (95% total)
     Speed:     ev/sec=303.55   simsec/sec=0.999989   ev/simsec=303.554
     Messages:  created: 239156   present: 14   in FES: 7
** Event #1916160   t=6005.085761600145   Elapsed: 6005.06s (1h 40m)  95% completed  (95% total)
     Speed:     ev/sec=326.822   simsec/sec=0.989503   ev/simsec=330.289
     Messages:  created: 239253   present: 16   in FES: 6
** Event #1916928   t=6007.146056102832   Elapsed: 6007.1s (1h 40m)  95% completed  (95% total)
     Speed:     ev/sec=377.259   simsec/sec=1.01206   ev/simsec=372.762
     Messages:  created: 239347   present: 10   in FES: 6
** Event #1917696   t=6009.724960548149   Elapsed: 6009.67s (1h 40m)  95% completed  (95% total)
     Speed:     ev/sec=297.797   simsec/sec=0.999987   ev/simsec=297.801
     Messages:  created: 239443   present: 10   in FES: 7
** Event #1918464   t=6012.381604009401   Elapsed: 6012.35s (1h 40m)  95% completed  (95% total)
     Speed:     ev/sec=287.271   simsec/sec=0.993719   ev/simsec=289.087
     Messages:  created: 239538   present: 8   in FES: 5
** Event #1919232   t=6014.922490359774   Elapsed: 6014.89s (1h 40m)  95% completed  (95% total)
     Speed:     ev/sec=302.336   simsec/sec=1.00026   ev/simsec=302.257
     Messages:  created: 239634   present: 8   in FES: 5
** Event #1919744   t=6017.037482618571   Elapsed: 6016.99s (1h 40m)  95% completed  (95% total)
     Speed:     ev/sec=243.946   simsec/sec=1.0077   ev/simsec=242.081
     Messages:  created: 239699   present: 10   in FES: 6
** Event #1920256   t=6019.381790523745   Elapsed: 6019.35s (1h 40m)  95% completed  (95% total)
     Speed:     ev/sec=216.61   simsec/sec=0.991796   ev/simsec=218.401
     Messages:  created: 239762   present: 8   in FES: 5
** Event #1920768   t=6021.481120626175   Elapsed: 6021.43s (1h 40m)  95% completed  (95% total)
     Speed:     ev/sec=246.169   simsec/sec=1.00935   ev/simsec=243.887
     Messages:  created: 239830   present: 19   in FES: 7
** Event #1921536   t=6023.910053171567   Elapsed: 6023.87s (1h 40m)  95% completed  (95% total)
     Speed:     ev/sec=315.159   simsec/sec=0.996745   ev/simsec=316.188
     Messages:  created: 239922   present: 8   in FES: 5
** Event #1922560   t=6026.411857923464   Elapsed: 6026.36s (1h 40m)  95% completed  (95% total)
     Speed:     ev/sec=410.091   simsec/sec=1.00192   ev/simsec=409.305
     Messages:  created: 240060   present: 38   in FES: 6
** Event #1923584   t=6029.21507342935   Elapsed: 6029.16s (1h 40m)  95% completed  (95% total)
     Speed:     ev/sec=365.693   simsec/sec=1.00109   ev/simsec=365.295
     Messages:  created: 240183   present: 25   in FES: 7
** Event #1924608   t=6031.672819847215   Elapsed: 6031.63s (1h 40m)  95% completed  (95% total)
     Speed:     ev/sec=414.934   simsec/sec=0.9959   ev/simsec=416.642
     Messages:  created: 240322   present: 54   in FES: 6
** Event #1925376   t=6034.290757031498   Elapsed: 6034.24s (1h 40m)  95% completed  (95% total)
     Speed:     ev/sec=294.52   simsec/sec=1.00395   ev/simsec=293.361
     Messages:  created: 240403   present: 13   in FES: 7
** Event #1926144   t=6036.311188486913   Elapsed: 6036.26s (1h 40m)  95% completed  (95% total)
     Speed:     ev/sec=380.105   simsec/sec=0.99997   ev/simsec=380.117
     Messages:  created: 240504   present: 28   in FES: 7
** Event #1926656   t=6038.369884559241   Elapsed: 6038.32s (1h 40m)  95% completed  (95% total)
     Speed:     ev/sec=248.68   simsec/sec=0.999914   ev/simsec=248.701
     Messages:  created: 240561   present: 9   in FES: 6
** Event #1927168   t=6040.433097151449   Elapsed: 6040.38s (1h 40m)  95% completed  (95% total)
     Speed:     ev/sec=248.195   simsec/sec=1.00015   ev/simsec=248.157
     Messages:  created: 240625   present: 9   in FES: 6
** Event #1928192   t=6043.046578588   Elapsed: 6043s (1h 40m)  95% completed  (95% total)
     Speed:     ev/sec=391.784   simsec/sec=0.999922   ev/simsec=391.815
     Messages:  created: 240757   present: 20   in FES: 6
** Event #1928960   t=6045.185280636667   Elapsed: 6045.13s (1h 40m)  95% completed  (95% total)
     Speed:     ev/sec=359.101   simsec/sec=1.00001   ev/simsec=359.096
     Messages:  created: 240849   present: 9   in FES: 6
** Event #1929984   t=6047.619671003602   Elapsed: 6047.57s (1h 40m)  95% completed  (95% total)
     Speed:     ev/sec=420.603   simsec/sec=0.999914   ev/simsec=420.639
     Messages:  created: 240981   present: 19   in FES: 7
** Event #1930752   t=6050.001206305976   Elapsed: 6049.97s (1h 40m)  96% completed  (96% total)
     Speed:     ev/sec=319.437   simsec/sec=0.990561   ev/simsec=322.481
     Messages:  created: 241075   present: 14   in FES: 6
** Event #1931520   t=6052.402158532682   Elapsed: 6052.35s (1h 40m)  96% completed  (96% total)
     Speed:     ev/sec=322.946   simsec/sec=1.00961   ev/simsec=319.873
     Messages:  created: 241171   present: 13   in FES: 7
** Event #1932544   t=6055.076586791473   Elapsed: 6055.03s (1h 40m)  96% completed  (96% total)
     Speed:     ev/sec=382.886   simsec/sec=1   ev/simsec=382.886
     Messages:  created: 241301   present: 18   in FES: 7
** Event #1933312   t=6057.865339594679   Elapsed: 6057.82s (1h 40m)  96% completed  (96% total)
     Speed:     ev/sec=274.784   simsec/sec=0.997792   ev/simsec=275.392
     Messages:  created: 241393   present: 12   in FES: 6
** Event #1933824   t=6060.47507395935   Elapsed: 6060.42s (1h 41m)  96% completed  (96% total)
     Speed:     ev/sec=196.647   simsec/sec=1.00234   ev/simsec=196.189
     Messages:  created: 241456   present: 10   in FES: 7
** Event #1934592   t=6062.852653222676   Elapsed: 6062.8s (1h 41m)  96% completed  (96% total)
     Speed:     ev/sec=323.04   simsec/sec=1.00007   ev/simsec=323.018
     Messages:  created: 241552   present: 9   in FES: 6
** Event #1935104   t=6065.498061431529   Elapsed: 6065.45s (1h 41m)  96% completed  (96% total)
     Speed:     ev/sec=193.542   simsec/sec=0.999995   ev/simsec=193.543
     Messages:  created: 241616   present: 11   in FES: 7
** Event #1935616   t=6067.554359470872   Elapsed: 6067.5s (1h 41m)  96% completed  (96% total)
     Speed:     ev/sec=248.98   simsec/sec=0.999956   ev/simsec=248.991
     Messages:  created: 241680   present: 11   in FES: 7
** Event #1936384   t=6069.998231316605   Elapsed: 6069.95s (1h 41m)  96% completed  (96% total)
     Speed:     ev/sec=314.253   simsec/sec=0.999994   ev/simsec=314.255
     Messages:  created: 241779   present: 19   in FES: 7
** Event #1937152   t=6072.925686084386   Elapsed: 6072.88s (1h 41m)  96% completed  (96% total)
     Speed:     ev/sec=262.34   simsec/sec=0.999983   ev/simsec=262.344
     Messages:  created: 241872   present: 11   in FES: 7
** Event #1937920   t=6075.416800992305   Elapsed: 6075.37s (1h 41m)  96% completed  (96% total)
     Speed:     ev/sec=308.3   simsec/sec=1.00001   ev/simsec=308.296
     Messages:  created: 241968   present: 10   in FES: 7
** Event #1938432   t=6077.560319259822   Elapsed: 6077.51s (1h 41m)  96% completed  (96% total)
     Speed:     ev/sec=238.865   simsec/sec=1.00002   ev/simsec=238.86
     Messages:  created: 242031   present: 8   in FES: 5
** Event #1939200   t=6081.040417187949   Elapsed: 6080.99s (1h 41m)  96% completed  (96% total)
     Speed:     ev/sec=220.679   simsec/sec=0.99998   ev/simsec=220.683
     Messages:  created: 242128   present: 11   in FES: 7
** Event #1939712   t=6083.084094011836   Elapsed: 6083.03s (1h 41m)  96% completed  (96% total)
     Speed:     ev/sec=250.539   simsec/sec=1.00004   ev/simsec=250.529
     Messages:  created: 242191   present: 8   in FES: 5
** Event #1940224   t=6085.12414429248   Elapsed: 6085.07s (1h 41m)  96% completed  (96% total)
     Speed:     ev/sec=250.965   simsec/sec=0.999964   ev/simsec=250.974
     Messages:  created: 242256   present: 10   in FES: 6
** Event #1940736   t=6087.222156558666   Elapsed: 6087.17s (1h 41m)  96% completed  (96% total)
     Speed:     ev/sec=244.029   simsec/sec=0.999954   ev/simsec=244.041
     Messages:  created: 242318   present: 9   in FES: 6
** Event #1941248   t=6089.239814799877   Elapsed: 6089.19s (1h 41m)  96% completed  (96% total)
     Speed:     ev/sec=253.776   simsec/sec=1.00006   ev/simsec=253.76
     Messages:  created: 242382   present: 9   in FES: 6
** Event #1942272   t=6091.414887390043   Elapsed: 6091.36s (1h 41m)  96% completed  (96% total)
     Speed:     ev/sec=470.799   simsec/sec=1.00002   ev/simsec=470.789
     Messages:  created: 242540   present: 87   in FES: 7
** Event #1943296   t=6093.724700346112   Elapsed: 6093.67s (1h 41m)  96% completed  (96% total)
     Speed:     ev/sec=443.199   simsec/sec=0.999713   ev/simsec=443.326
     Messages:  created: 242675   present: 107   in FES: 6
** Event #1944320   t=6096.258063402541   Elapsed: 6096.21s (1h 41m)  96% completed  (96% total)
     Speed:     ev/sec=404.307   simsec/sec=1.00025   ev/simsec=404.206
     Messages:  created: 242804   present: 109   in FES: 7
** Event #1945344   t=6098.614504437715   Elapsed: 6098.56s (1h 41m)  96% completed  (96% total)
     Speed:     ev/sec=434.591   simsec/sec=1.00009   ev/simsec=434.554
     Messages:  created: 242936   present: 120   in FES: 7
** Event #1946368   t=6101.269541831863   Elapsed: 6101.22s (1h 41m)  96% completed  (96% total)
     Speed:     ev/sec=385.646   simsec/sec=0.999906   ev/simsec=385.682
     Messages:  created: 243056   present: 98   in FES: 7
** Event #1947136   t=6103.427373940759   Elapsed: 6103.38s (1h 41m)  96% completed  (96% total)
     Speed:     ev/sec=355.926   simsec/sec=1.00004   ev/simsec=355.913
     Messages:  created: 243142   present: 73   in FES: 7
** Event #1947904   t=6105.538775518876   Elapsed: 6105.49s (1h 41m)  96% completed  (96% total)
     Speed:     ev/sec=363.731   simsec/sec=0.999977   ev/simsec=363.739
     Messages:  created: 243224   present: 35   in FES: 6
** Event #1948672   t=6108.241151449859   Elapsed: 6108.19s (1h 41m)  96% completed  (96% total)
     Speed:     ev/sec=284.194   simsec/sec=0.999999   ev/simsec=284.194
     Messages:  created: 243310   present: 8   in FES: 5
** Event #1949184   t=6110.532350997621   Elapsed: 6110.48s (1h 41m)  96% completed  (96% total)
     Speed:     ev/sec=223.453   simsec/sec=0.999951   ev/simsec=223.464
     Messages:  created: 243374   present: 8   in FES: 5
** Event #1949696   t=6113.349084114628   Elapsed: 6113.3s (1h 41m)  97% completed  (97% total)
     Speed:     ev/sec=181.779   simsec/sec=1.00005   ev/simsec=181.771
     Messages:  created: 243438   present: 9   in FES: 6
** Event #1950208   t=6115.359337586385   Elapsed: 6115.31s (1h 41m)  97% completed  (97% total)
     Speed:     ev/sec=254.362   simsec/sec=0.998694   ev/simsec=254.694
     Messages:  created: 243503   present: 11   in FES: 6
** Event #1950720   t=6117.730553781559   Elapsed: 6117.68s (1h 41m)  97% completed  (97% total)
     Speed:     ev/sec=215.769   simsec/sec=0.999289   ev/simsec=215.923
     Messages:  created: 243565   present: 9   in FES: 5
** Event #1951488   t=6120.512899093597   Elapsed: 6120.46s (1h 42m)  97% completed  (97% total)
     Speed:     ev/sec=276.455   simsec/sec=1.00156   ev/simsec=276.026
     Messages:  created: 243663   present: 14   in FES: 7
** Event #1952000   t=6122.555742284239   Elapsed: 6122.51s (1h 42m)  97% completed  (97% total)
     Speed:     ev/sec=250.614   simsec/sec=0.999932   ev/simsec=250.631
     Messages:  created: 243726   present: 12   in FES: 7
** Event #1952768   t=6125.296443403069   Elapsed: 6125.25s (1h 42m)  97% completed  (97% total)
     Speed:     ev/sec=280.235   simsec/sec=1.00005   ev/simsec=280.22
     Messages:  created: 243821   present: 10   in FES: 5
** Event #1953536   t=6127.745501017404   Elapsed: 6127.69s (1h 42m)  97% completed  (97% total)
     Speed:     ev/sec=313.577   simsec/sec=0.999959   ev/simsec=313.59
     Messages:  created: 243918   present: 13   in FES: 7
** Event #1954560   t=6129.803404383452   Elapsed: 6129.75s (1h 42m)  97% completed  (97% total)
     Speed:     ev/sec=497.623   simsec/sec=1.00006   ev/simsec=497.594
     Messages:  created: 244070   present: 76   in FES: 7
** Event #1955584   t=6132.245776269609   Elapsed: 6132.2s (1h 42m)  97% completed  (97% total)
     Speed:     ev/sec=419.128   simsec/sec=0.999673   ev/simsec=419.265
     Messages:  created: 244209   present: 106   in FES: 6
** Event #1956352   t=6134.266800380047   Elapsed: 6134.22s (1h 42m)  97% completed  (97% total)
     Speed:     ev/sec=380.152   simsec/sec=1.00039   ev/simsec=380.005
     Messages:  created: 244300   present: 93   in FES: 7
** Event #1957376   t=6136.593108212407   Elapsed: 6136.54s (1h 42m)  97% completed  (97% total)
     Speed:     ev/sec=440.219   simsec/sec=1.00008   ev/simsec=440.183
     Messages:  created: 244434   present: 108   in FES: 7
** Event #1958400   t=6138.964066664513   Elapsed: 6138.91s (1h 42m)  97% completed  (97% total)
     Speed:     ev/sec=431.88   simsec/sec=0.999971   ev/simsec=431.893
     Messages:  created: 244567   present: 122   in FES: 7
** Event #1959424   t=6141.052141425704   Elapsed: 6141.01s (1h 42m)  97% completed  (97% total)
     Speed:     ev/sec=488.076   simsec/sec=0.995254   ev/simsec=490.404
     Messages:  created: 244696   present: 125   in FES: 6
** Event #1960448   t=6143.432241567131   Elapsed: 6143.38s (1h 42m)  97% completed  (97% total)
     Speed:     ev/sec=432.037   simsec/sec=1.00419   ev/simsec=430.234
     Messages:  created: 244822   present: 120   in FES: 7
** Event #1961472   t=6145.766382   Elapsed: 6145.72s (1h 42m)  97% completed  (97% total)
     Speed:     ev/sec=438.704   simsec/sec=0.999997   ev/simsec=438.705
     Messages:  created: 244934   present: 78   in FES: 6
** Event #1962496   t=6148.225279609447   Elapsed: 6148.17s (1h 42m)  97% completed  (97% total)
     Speed:     ev/sec=416.467   simsec/sec=1.00005   ev/simsec=416.447
     Messages:  created: 245061   present: 74   in FES: 8
** Event #1963520   t=6150.674704143073   Elapsed: 6150.62s (1h 42m)  97% completed  (97% total)
     Speed:     ev/sec=418.048   simsec/sec=0.999977   ev/simsec=418.057
     Messages:  created: 245176   present: 40   in FES: 8
** Event #1964288   t=6152.70673673729   Elapsed: 6152.66s (1h 42m)  97% completed  (97% total)
     Speed:     ev/sec=377.944   simsec/sec=0.999993   ev/simsec=377.947
     Messages:  created: 245265   present: 21   in FES: 8
** Event #1965056   t=6155.190804934515   Elapsed: 6155.14s (1h 42m)  97% completed  (97% total)
     Speed:     ev/sec=309.175   simsec/sec=1.00001   ev/simsec=309.17
     Messages:  created: 245358   present: 13   in FES: 7
** Event #1966080   t=6158.008402209927   Elapsed: 6157.96s (1h 42m)  97% completed  (97% total)
     Speed:     ev/sec=363.435   simsec/sec=1.00001   ev/simsec=363.43
     Messages:  created: 245486   present: 13   in FES: 8
** Event #1967104   t=6160.561348576458   Elapsed: 6160.51s (1h 42m)  97% completed  (97% total)
     Speed:     ev/sec=400.613   simsec/sec=0.998772   ev/simsec=401.105
     Messages:  created: 245617   present: 22   in FES: 7
** Event #1968128   t=6162.724844373807   Elapsed: 6162.67s (1h 42m)  97% completed  (97% total)
     Speed:     ev/sec=473.981   simsec/sec=1.00142   ev/simsec=473.308
     Messages:  created: 245750   present: 34   in FES: 8
** Event #1968896   t=6165.543416401346   Elapsed: 6165.49s (1h 42m)  97% completed  (97% total)
     Speed:     ev/sec=272.475   simsec/sec=0.999986   ev/simsec=272.478
     Messages:  created: 245838   present: 13   in FES: 8
** Event #1969408   t=6167.990388377992   Elapsed: 6167.94s (1h 42m)  97% completed  (97% total)
     Speed:     ev/sec=209.227   simsec/sec=0.999946   ev/simsec=209.238
     Messages:  created: 245901   present: 11   in FES: 7
** Event #1969920   t=6170.246303148734   Elapsed: 6170.2s (1h 42m)  97% completed  (97% total)
     Speed:     ev/sec=226.971   simsec/sec=1.00005   ev/simsec=226.959
     Messages:  created: 245966   present: 13   in FES: 8
** Event #1970688   t=6172.594694788209   Elapsed: 6172.54s (1h 42m)  97% completed  (97% total)
     Speed:     ev/sec=327.026   simsec/sec=0.999982   ev/simsec=327.032
     Messages:  created: 246061   present: 12   in FES: 8
** Event #1971456   t=6174.822759254273   Elapsed: 6174.77s (1h 42m)  98% completed  (98% total)
     Speed:     ev/sec=344.702   simsec/sec=1.00002   ev/simsec=344.694
     Messages:  created: 246157   present: 11   in FES: 7
** Event #1972224   t=6177.207567645977   Elapsed: 6177.16s (1h 42m)  98% completed  (98% total)
     Speed:     ev/sec=322.043   simsec/sec=1.00001   ev/simsec=322.038
     Messages:  created: 246253   present: 10   in FES: 6
** Event #1973248   t=6179.587520730924   Elapsed: 6179.54s (1h 42m)  98% completed  (98% total)
     Speed:     ev/sec=430.24   simsec/sec=0.999952   ev/simsec=430.261
     Messages:  created: 246385   present: 21   in FES: 7
** Event #1974528   t=6182.033115864437   Elapsed: 6181.98s (1h 43m)  98% completed  (98% total)
     Speed:     ev/sec=523.416   simsec/sec=1.00005   ev/simsec=523.39
     Messages:  created: 246550   present: 36   in FES: 8
** Event #1975296   t=6184.192252177761   Elapsed: 6184.14s (1h 43m)  98% completed  (98% total)
     Speed:     ev/sec=355.687   simsec/sec=0.999969   ev/simsec=355.698
     Messages:  created: 246640   present: 21   in FES: 8
** Event #1976320   t=6186.596628582288   Elapsed: 6186.55s (1h 43m)  98% completed  (98% total)
     Speed:     ev/sec=425.88   simsec/sec=0.999977   ev/simsec=425.89
     Messages:  created: 246768   present: 19   in FES: 8
** Event #1977344   t=6188.792163908953   Elapsed: 6188.74s (1h 43m)  98% completed  (98% total)
     Speed:     ev/sec=466.121   simsec/sec=0.999399   ev/simsec=466.401
     Messages:  created: 246894   present: 15   in FES: 7
** Event #1978368   t=6191.179273871411   Elapsed: 6191.13s (1h 43m)  98% completed  (98% total)
     Speed:     ev/sec=429.2   simsec/sec=1.00054   ev/simsec=428.971
     Messages:  created: 247023   present: 17   in FES: 8
** Event #1979392   t=6193.340742202768   Elapsed: 6193.29s (1h 43m)  98% completed  (98% total)
     Speed:     ev/sec=473.792   simsec/sec=1.00008   ev/simsec=473.752
     Messages:  created: 247163   present: 49   in FES: 8
** Event #1980416   t=6195.905542417872   Elapsed: 6195.85s (1h 43m)  98% completed  (98% total)
     Speed:     ev/sec=399.237   simsec/sec=0.999965   ev/simsec=399.251
     Messages:  created: 247276   present: 10   in FES: 6
** Event #1981440   t=6198.294271857632   Elapsed: 6198.24s (1h 43m)  98% completed  (98% total)
     Speed:     ev/sec=428.676   simsec/sec=0.999992   ev/simsec=428.68
     Messages:  created: 247414   present: 35   in FES: 8
** Event #1982464   t=6200.796924538317   Elapsed: 6200.75s (1h 43m)  98% completed  (98% total)
     Speed:     ev/sec=409.174   simsec/sec=1.00002   ev/simsec=409.166
     Messages:  created: 247533   present: 11   in FES: 7
** Event #1983232   t=6203.118653052526   Elapsed: 6203.07s (1h 43m)  98% completed  (98% total)
     Speed:     ev/sec=330.777   simsec/sec=0.999968   ev/simsec=330.788
     Messages:  created: 247629   present: 13   in FES: 7
** Event #1984256   t=6205.683905465267   Elapsed: 6205.63s (1h 43m)  98% completed  (98% total)
     Speed:     ev/sec=399.202   simsec/sec=1.00005   ev/simsec=399.181
     Messages:  created: 247757   present: 13   in FES: 8
** Event #1985280   t=6207.797482577371   Elapsed: 6207.75s (1h 43m)  98% completed  (98% total)
     Speed:     ev/sec=484.107   simsec/sec=0.999217   ev/simsec=484.487
     Messages:  created: 247884   present: 9   in FES: 5
** Event #1986048   t=6209.911384112716   Elapsed: 6209.86s (1h 43m)  98% completed  (98% total)
     Speed:     ev/sec=363.553   simsec/sec=1.00067   ev/simsec=363.309
     Messages:  created: 247982   present: 14   in FES: 8
** Event #1986560   t=6212.065061459179   Elapsed: 6212.02s (1h 43m)  98% completed  (98% total)
     Speed:     ev/sec=236.805   simsec/sec=0.996099   ev/simsec=237.733
     Messages:  created: 248047   present: 17   in FES: 7
** Event #1987328   t=6214.911934233729   Elapsed: 6214.86s (1h 43m)  98% completed  (98% total)
     Speed:     ev/sec=270.43   simsec/sec=1.00245   ev/simsec=269.77
     Messages:  created: 248140   present: 9   in FES: 5
** Event #1987840   t=6217.419954873527   Elapsed: 6217.37s (1h 43m)  98% completed  (98% total)
     Speed:     ev/sec=204.282   simsec/sec=1.00067   ev/simsec=204.145
     Messages:  created: 248204   present: 9   in FES: 5
** Event #1988608   t=6219.714616924478   Elapsed: 6219.66s (1h 43m)  98% completed  (98% total)
     Speed:     ev/sec=334.679   simsec/sec=0.999967   ev/simsec=334.69
     Messages:  created: 248301   present: 12   in FES: 6
** Event #1989376   t=6221.794955524823   Elapsed: 6221.75s (1h 43m)  98% completed  (98% total)
     Speed:     ev/sec=368.412   simsec/sec=0.997945   ev/simsec=369.171
     Messages:  created: 248396   present: 9   in FES: 5
** Event #1990400   t=6224.094396570253   Elapsed: 6224.04s (1h 43m)  98% completed  (98% total)
     Speed:     ev/sec=446.14   simsec/sec=1.00183   ev/simsec=445.326
     Messages:  created: 248525   present: 11   in FES: 7
** Event #1991168   t=6226.280832227318   Elapsed: 6226.23s (1h 43m)  98% completed  (98% total)
     Speed:     ev/sec=350.958   simsec/sec=0.999149   ev/simsec=351.257
     Messages:  created: 248620   present: 9   in FES: 5
** Event #1991680   t=6228.427692974262   Elapsed: 6228.38s (1h 43m)  98% completed  (98% total)
     Speed:     ev/sec=238.689   simsec/sec=1.00084   ev/simsec=238.488
     Messages:  created: 248685   present: 11   in FES: 7
** Event #1992448   t=6230.962496259999   Elapsed: 6230.91s (1h 43m)  98% completed  (98% total)
     Speed:     ev/sec=302.99   simsec/sec=1.00003   ev/simsec=302.982
     Messages:  created: 248782   present: 15   in FES: 7
** Event #1993216   t=6233.373614218365   Elapsed: 6233.33s (1h 43m)  98% completed  (98% total)
     Speed:     ev/sec=317.666   simsec/sec=0.997304   ev/simsec=318.524
     Messages:  created: 248876   present: 9   in FES: 5
** Event #1993984   t=6235.62873640729   Elapsed: 6235.58s (1h 43m)  98% completed  (98% total)
     Speed:     ev/sec=341.544   simsec/sec=1.00289   ev/simsec=340.558
     Messages:  created: 248973   present: 12   in FES: 7
** Event #1994496   t=6237.940243429992   Elapsed: 6237.89s (1h 43m)  99% completed  (99% total)
     Speed:     ev/sec=221.508   simsec/sec=1.00003   ev/simsec=221.501
     Messages:  created: 249037   present: 12   in FES: 7
** Event #1995776   t=6240.202796616821   Elapsed: 6240.15s (1h 44m)  99% completed  (99% total)
     Speed:     ev/sec=565.778   simsec/sec=1.00008   ev/simsec=565.733
     Messages:  created: 249197   present: 12   in FES: 8
** Event #1996544   t=6242.473952093856   Elapsed: 6242.44s (1h 44m)  99% completed  (99% total)
     Speed:     ev/sec=336.325   simsec/sec=0.994591   ev/simsec=338.154
     Messages:  created: 249292   present: 10   in FES: 5
** Event #1997568   t=6245.150361255282   Elapsed: 6245.1s (1h 44m)  99% completed  (99% total)
     Speed:     ev/sec=384.35   simsec/sec=1.00457   ev/simsec=382.602
     Messages:  created: 249422   present: 14   in FES: 8
** Event #1998592   t=6247.210515684383   Elapsed: 6247.17s (1h 44m)  99% completed  (99% total)
     Speed:     ev/sec=493.638   simsec/sec=0.993135   ev/simsec=497.05
     Messages:  created: 249548   present: 10   in FES: 6
** Event #1999360   t=6249.834421106679   Elapsed: 6249.79s (1h 44m)  99% completed  (99% total)
     Speed:     ev/sec=293.835   simsec/sec=1.0039   ev/simsec=292.693
     Messages:  created: 249644   present: 10   in FES: 6
** Event #2000128   t=6252.281297267595   Elapsed: 6252.23s (1h 44m)  99% completed  (99% total)
     Speed:     ev/sec=314.205   simsec/sec=1.00107   ev/simsec=313.87
     Messages:  created: 249740   present: 10   in FES: 6
** Event #2000896   t=6254.480751143181   Elapsed: 6254.43s (1h 44m)  99% completed  (99% total)
     Speed:     ev/sec=349.424   simsec/sec=1.0007   ev/simsec=349.178
     Messages:  created: 249838   present: 15   in FES: 7
** Event #2001664   t=6256.8358212634   Elapsed: 6256.79s (1h 44m)  99% completed  (99% total)
     Speed:     ev/sec=326.076   simsec/sec=0.999911   ev/simsec=326.105
     Messages:  created: 249932   present: 9   in FES: 5
** Event #2002176   t=6259.113055289303   Elapsed: 6259.07s (1h 44m)  99% completed  (99% total)
     Speed:     ev/sec=224.433   simsec/sec=0.998215   ev/simsec=224.834
     Messages:  created: 249996   present: 10   in FES: 6
** Event #2002688   t=6261.204828204726   Elapsed: 6261.15s (1h 44m)  99% completed  (99% total)
     Speed:     ev/sec=245.25   simsec/sec=1.00197   ev/simsec=244.768
     Messages:  created: 250060   present: 9   in FES: 5
** Event #2003456   t=6263.968182910239   Elapsed: 6263.92s (1h 44m)  99% completed  (99% total)
     Speed:     ev/sec=277.22   simsec/sec=0.99747   ev/simsec=277.923
     Messages:  created: 250156   present: 10   in FES: 6
** Event #2004224   t=6266.597474291807   Elapsed: 6266.55s (1h 44m)  99% completed  (99% total)
     Speed:     ev/sec=292.898   simsec/sec=1.00275   ev/simsec=292.094
     Messages:  created: 250254   present: 15   in FES: 8
** Event #2004736   t=6268.96617537379   Elapsed: 6268.95s (1h 44m)  99% completed  (99% total)
     Speed:     ev/sec=213.242   simsec/sec=0.986536   ev/simsec=216.152
     Messages:  created: 250316   present: 10   in FES: 6
** Event #2005504   t=6271.086482695444   Elapsed: 6271.04s (1h 44m)  99% completed  (99% total)
     Speed:     ev/sec=367.758   simsec/sec=1.01531   ev/simsec=362.212
     Messages:  created: 250412   present: 9   in FES: 5
** Event #2006016   t=6273.403604031409   Elapsed: 6273.35s (1h 44m)  99% completed  (99% total)
     Speed:     ev/sec=220.982   simsec/sec=1.00008   ev/simsec=220.964
     Messages:  created: 250476   present: 9   in FES: 5
** Event #2006784   t=6275.599447901945   Elapsed: 6275.55s (1h 44m)  99% completed  (99% total)
     Speed:     ev/sec=349.712   simsec/sec=0.999887   ev/simsec=349.752
     Messages:  created: 250572   present: 10   in FES: 6
** Event #2007296   t=6277.66047370234   Elapsed: 6277.61s (1h 44m)  99% completed  (99% total)
     Speed:     ev/sec=248.09   simsec/sec=0.998673   ev/simsec=248.42
     Messages:  created: 250636   present: 10   in FES: 5
** Event #2008320   t=6280.396847185399   Elapsed: 6280.37s (1h 44m)  99% completed  (99% total)
     Speed:     ev/sec=371.915   simsec/sec=0.993847   ev/simsec=374.218
     Messages:  created: 250764   present: 10   in FES: 6
** Event #2009344   t=6283.334299961079   Elapsed: 6283.28s (1h 44m)  99% completed  (99% total)
     Speed:     ev/sec=350.991   simsec/sec=1.00686   ev/simsec=348.601
     Messages:  created: 250892   present: 9   in FES: 5
** Event #2010112   t=6286.437171777352   Elapsed: 6286.39s (1h 44m)  99% completed  (99% total)
     Speed:     ev/sec=247.516   simsec/sec=1.00001   ev/simsec=247.513
     Messages:  created: 250988   present: 9   in FES: 5
** Event #2010880   t=6288.698944109592   Elapsed: 6288.65s (1h 44m)  99% completed  (99% total)
     Speed:     ev/sec=339.547   simsec/sec=0.999972   ev/simsec=339.557
     Messages:  created: 251084   present: 9   in FES: 5
** Event #2011648   t=6291.876248588977   Elapsed: 6291.83s (1h 44m)  99% completed  (99% total)
     Speed:     ev/sec=241.702   simsec/sec=0.999948   ev/simsec=241.714
     Messages:  created: 251180   present: 9   in FES: 5
** Event #2012160   t=6294.193093290705   Elapsed: 6294.16s (1h 44m)  99% completed  (99% total)
     Speed:     ev/sec=219.299   simsec/sec=0.992347   ev/simsec=220.99
     Messages:  created: 251244   present: 10   in FES: 6
** Event #2012672   t=6296.390219156662   Elapsed: 6296.35s (1h 44m)  99% completed  (99% total)
     Speed:     ev/sec=234.327   simsec/sec=1.00556   ev/simsec=233.032
     Messages:  created: 251308   present: 10   in FES: 6
** Event #2013440   t=6298.57004500209   Elapsed: 6298.52s (1h 44m)  99% completed  (99% total)
     Speed:     ev/sec=353.25   simsec/sec=1.00263   ev/simsec=352.322
     Messages:  created: 251405   present: 12   in FES: 7
** Event #2013847   t=6300   Elapsed: 6299.95s (1h 44m)  100% completed  (100% total)
     Speed:     ev/sec=283.912   simsec/sec=0.999955   ev/simsec=283.925
     Messages:  created: 251454   present: 9   in FES: 5

<!> Simulation time limit reached -- at t=6300s, event #2013847
