{
  "confidence_per_time": 7.903578338808025,
  "utility_per_time": -15085.027173251106,
  "utility_per_cpu": -20.564253124597876
}