{
  "confidence_per_time": 5.300815988446679,
  "utility_per_time": -18247.155846492784,
  "utility_per_cpu": -41.659554828697
}