** Event #0   t=0   Elapsed: 3.7e-05s (0m 00s)  0% completed  (0% total)
     Speed:     ev/sec=0   simsec/sec=0   ev/simsec=0
     Messages:  created: 11   present: 8   in FES: 5
** Event #512   t=2.600972329659   Elapsed: 2.4165s (0m 02s)  0% completed  (0% total)
     Speed:     ev/sec=212.292   simsec/sec=1.07635   ev/simsec=197.234
     Messages:  created: 78   present: 16   in FES: 8
** Event #1024   t=4.986126585564   Elapsed: 4.80158s (0m 04s)  0% completed  (0% total)
     Speed:     ev/sec=214.669   simsec/sec=1.00003   ev/simsec=214.661
     Messages:  created: 139   present: 9   in FES: 5
** Event #1536   t=7.081157183421   Elapsed: 6.89667s (0m 06s)  0% completed  (0% total)
     Speed:     ev/sec=244.38   simsec/sec=0.99997   ev/simsec=244.388
     Messages:  created: 203   present: 11   in FES: 7
** Event #2304   t=9.671814102795   Elapsed: 9.49094s (0m 09s)  0% completed  (0% total)
     Speed:     ev/sec=296.038   simsec/sec=0.99861   ev/simsec=296.45
     Messages:  created: 300   present: 15   in FES: 7
** Event #2816   t=11.702715386857   Elapsed: 11.5546s (0m 11s)  0% completed  (0% total)
     Speed:     ev/sec=248.106   simsec/sec=0.98414   ev/simsec=252.105
     Messages:  created: 364   present: 15   in FES: 7
** Event #3328   t=14.027428387812   Elapsed: 13.843s (0m 13s)  0% completed  (0% total)
     Speed:     ev/sec=223.732   simsec/sec=1.01584   ev/simsec=220.242
     Messages:  created: 429   present: 18   in FES: 8
** Event #3840   t=16.291782101935   Elapsed: 16.1073s (0m 16s)  0% completed  (0% total)
     Speed:     ev/sec=226.12   simsec/sec=1.00003   ev/simsec=226.113
     Messages:  created: 503   present: 38   in FES: 7
** Event #4608   t=18.901094217087   Elapsed: 18.7169s (0m 18s)  0% completed  (0% total)
     Speed:     ev/sec=294.304   simsec/sec=0.999908   ev/simsec=294.33
     Messages:  created: 619   present: 92   in FES: 7
** Event #5376   t=21.128162578161   Elapsed: 20.9553s (0m 20s)  0% completed  (0% total)
     Speed:     ev/sec=343.098   simsec/sec=0.994925   ev/simsec=344.848
     Messages:  created: 746   present: 175   in FES: 6
** Event #5888   t=23.16502271576   Elapsed: 22.9806s (0m 22s)  0% completed  (0% total)
     Speed:     ev/sec=252.8   simsec/sec=1.0057   ev/simsec=251.367
     Messages:  created: 832   present: 226   in FES: 7
** Event #6400   t=25.556215192586   Elapsed: 25.3719s (0m 25s)  0% completed  (0% total)
     Speed:     ev/sec=214.106   simsec/sec=0.999938   ev/simsec=214.119
     Messages:  created: 919   present: 273   in FES: 6
** Event #7168   t=28.398979184468   Elapsed: 28.2362s (0m 28s)  0% completed  (0% total)
     Speed:     ev/sec=268.135   simsec/sec=0.992505   ev/simsec=270.16
     Messages:  created: 1030   present: 303   in FES: 6
** Event #7936   t=31.413885739157   Elapsed: 31.2384s (0m 31s)  0% completed  (0% total)
     Speed:     ev/sec=255.812   simsec/sec=1.00423   ev/simsec=254.734
     Messages:  created: 1139   present: 329   in FES: 6
** Event #8704   t=34.225724901731   Elapsed: 34.0614s (0m 34s)  0% completed  (0% total)
     Speed:     ev/sec=272.052   simsec/sec=0.996049   ev/simsec=273.131
     Messages:  created: 1252   present: 363   in FES: 6
** Event #9216   t=36.492346635236   Elapsed: 36.308s (0m 36s)  0% completed  (0% total)
     Speed:     ev/sec=227.899   simsec/sec=1.00891   ev/simsec=225.887
     Messages:  created: 1313   present: 360   in FES: 8
** Event #9728   t=38.558635964894   Elapsed: 38.3743s (0m 38s)  0% completed  (0% total)
     Speed:     ev/sec=247.788   simsec/sec=1   ev/simsec=247.787
     Messages:  created: 1387   present: 379   in FES: 7
** Event #10496   t=41.226819578381   Elapsed: 41.0425s (0m 41s)  0% completed  (0% total)
     Speed:     ev/sec=287.832   simsec/sec=0.999985   ev/simsec=287.836
     Messages:  created: 1506   present: 426   in FES: 8
** Event #11264   t=43.796109334825   Elapsed: 43.6117s (0m 43s)  0% completed  (0% total)
     Speed:     ev/sec=298.92   simsec/sec=1.00002   ev/simsec=298.915
     Messages:  created: 1613   present: 447   in FES: 7
** Event #12032   t=46.528190315101   Elapsed: 46.3438s (0m 46s)  0% completed  (0% total)
     Speed:     ev/sec=281.101   simsec/sec=0.999988   ev/simsec=281.104
     Messages:  created: 1715   present: 459   in FES: 7
** Event #12544   t=48.699115773489   Elapsed: 48.5147s (0m 48s)  0% completed  (0% total)
     Speed:     ev/sec=235.855   simsec/sec=1.00004   ev/simsec=235.844
     Messages:  created: 1794   present: 489   in FES: 7
** Event #13312   t=51.642822325649   Elapsed: 51.4583s (0m 51s)  0% completed  (0% total)
     Speed:     ev/sec=260.904   simsec/sec=1.00003   ev/simsec=260.896
     Messages:  created: 1900   present: 509   in FES: 7
** Event #14080   t=54.340690717943   Elapsed: 54.1561s (0m 54s)  0% completed  (0% total)
     Speed:     ev/sec=284.669   simsec/sec=0.999999   ev/simsec=284.669
     Messages:  created: 2008   present: 534   in FES: 8
** Event #14592   t=56.504251321213   Elapsed: 56.3196s (0m 56s)  0% completed  (0% total)
     Speed:     ev/sec=236.66   simsec/sec=1.00006   ev/simsec=236.647
     Messages:  created: 2079   present: 547   in FES: 7
** Event #15360   t=59.218329866894   Elapsed: 59.0338s (0m 59s)  0% completed  (0% total)
     Speed:     ev/sec=282.953   simsec/sec=0.999943   ev/simsec=282.969
     Messages:  created: 2180   present: 555   in FES: 7
** Event #15872   t=61.282416480585   Elapsed: 61.0979s (1m 01s)  0% completed  (0% total)
     Speed:     ev/sec=248.047   simsec/sec=0.999982   ev/simsec=248.052
     Messages:  created: 2239   present: 546   in FES: 7
** Event #16384   t=63.664248275922   Elapsed: 63.4798s (1m 03s)  1% completed  (1% total)
     Speed:     ev/sec=214.955   simsec/sec=0.999974   ev/simsec=214.961
     Messages:  created: 2286   present: 509   in FES: 7
** Event #17152   t=66.670960462266   Elapsed: 66.5066s (1m 06s)  1% completed  (1% total)
     Speed:     ev/sec=253.736   simsec/sec=0.993375   ev/simsec=255.429
     Messages:  created: 2365   present: 475   in FES: 6
** Event #17920   t=69.797016503394   Elapsed: 69.6126s (1m 09s)  1% completed  (1% total)
     Speed:     ev/sec=247.267   simsec/sec=1.00647   ev/simsec=245.677
     Messages:  created: 2461   present: 474   in FES: 9
** Event #18688   t=72.393544373214   Elapsed: 72.2091s (1m 12s)  1% completed  (1% total)
     Speed:     ev/sec=295.782   simsec/sec=1.00001   ev/simsec=295.78
     Messages:  created: 2556   present: 468   in FES: 8
** Event #19456   t=74.984336901319   Elapsed: 74.7997s (1m 14s)  1% completed  (1% total)
     Speed:     ev/sec=296.451   simsec/sec=1.00006   ev/simsec=296.434
     Messages:  created: 2652   present: 468   in FES: 8
** Event #19968   t=77.306830253281   Elapsed: 77.1223s (1m 17s)  1% completed  (1% total)
     Speed:     ev/sec=220.44   simsec/sec=0.999941   ev/simsec=220.453
     Messages:  created: 2720   present: 476   in FES: 8
** Event #20736   t=79.465900735941   Elapsed: 79.2815s (1m 19s)  1% completed  (1% total)
     Speed:     ev/sec=355.694   simsec/sec=0.999958   ev/simsec=355.709
     Messages:  created: 2840   present: 523   in FES: 7
** Event #21248   t=81.549281963812   Elapsed: 81.3649s (1m 21s)  1% completed  (1% total)
     Speed:     ev/sec=245.748   simsec/sec=0.999973   ev/simsec=245.754
     Messages:  created: 2915   present: 545   in FES: 7
** Event #22016   t=84.356465987786   Elapsed: 84.1718s (1m 24s)  1% completed  (1% total)
     Speed:     ev/sec=273.611   simsec/sec=1.0001   ev/simsec=273.584
     Messages:  created: 3016   present: 555   in FES: 7
** Event #22784   t=87.246684291522   Elapsed: 87.0622s (1m 27s)  1% completed  (1% total)
     Speed:     ev/sec=265.707   simsec/sec=0.999937   ev/simsec=265.724
     Messages:  created: 3108   present: 547   in FES: 7
** Event #23552   t=89.425346416273   Elapsed: 89.2407s (1m 29s)  1% completed  (1% total)
     Speed:     ev/sec=352.537   simsec/sec=1.00008   ev/simsec=352.51
     Messages:  created: 3226   present: 589   in FES: 7
** Event #24320   t=92.174877557176   Elapsed: 91.9906s (1m 31s)  1% completed  (1% total)
     Speed:     ev/sec=279.289   simsec/sec=0.999889   ev/simsec=279.32
     Messages:  created: 3328   present: 596   in FES: 8
** Event #25088   t=95.176100688324   Elapsed: 95.0106s (1m 35s)  1% completed  (1% total)
     Speed:     ev/sec=254.306   simsec/sec=0.993787   ev/simsec=255.896
     Messages:  created: 3404   present: 552   in FES: 6
** Event #25600   t=97.398409262188   Elapsed: 97.2139s (1m 37s)  1% completed  (1% total)
     Speed:     ev/sec=232.375   simsec/sec=1.00861   ev/simsec=230.391
     Messages:  created: 3464   present: 546   in FES: 7
** Event #26368   t=99.965070017018   Elapsed: 99.7805s (1m 39s)  1% completed  (1% total)
     Speed:     ev/sec=299.222   simsec/sec=1   ev/simsec=299.221
     Messages:  created: 3528   present: 474   in FES: 8
** Event #26880   t=102.157783108755   Elapsed: 101.973s (1m 41s)  1% completed  (1% total)
     Speed:     ev/sec=233.503   simsec/sec=1.00001   ev/simsec=233.501
     Messages:  created: 3576   present: 441   in FES: 8
** Event #27392   t=104.217149854718   Elapsed: 104.033s (1m 44s)  1% completed  (1% total)
     Speed:     ev/sec=248.618   simsec/sec=0.999991   ev/simsec=248.62
     Messages:  created: 3640   present: 440   in FES: 7
** Event #28160   t=107.116483997504   Elapsed: 106.932s (1m 46s)  1% completed  (1% total)
     Speed:     ev/sec=264.89   simsec/sec=1.00001   ev/simsec=264.888
     Messages:  created: 3719   present: 406   in FES: 7
** Event #28672   t=109.335694842394   Elapsed: 109.151s (1m 49s)  1% completed  (1% total)
     Speed:     ev/sec=230.717   simsec/sec=1.00002   ev/simsec=230.713
     Messages:  created: 3785   present: 410   in FES: 7
** Event #29440   t=112.187254935224   Elapsed: 112.003s (1m 52s)  1% completed  (1% total)
     Speed:     ev/sec=269.329   simsec/sec=1.00001   ev/simsec=269.326
     Messages:  created: 3873   present: 394   in FES: 7
** Event #30208   t=114.753329163637   Elapsed: 114.569s (1m 54s)  1% completed  (1% total)
     Speed:     ev/sec=299.285   simsec/sec=0.999983   ev/simsec=299.29
     Messages:  created: 3977   present: 411   in FES: 8
** Event #30720   t=117.066936407326   Elapsed: 116.882s (1m 56s)  1% completed  (1% total)
     Speed:     ev/sec=221.299   simsec/sec=1   ev/simsec=221.299
     Messages:  created: 4023   present: 375   in FES: 8
** Event #31232   t=119.296082085293   Elapsed: 119.112s (1m 59s)  1% completed  (1% total)
     Speed:     ev/sec=229.654   simsec/sec=0.999868   ev/simsec=229.684
     Messages:  created: 4084   present: 369   in FES: 8
** Event #31744   t=121.537925503965   Elapsed: 121.353s (2m 01s)  1% completed  (1% total)
     Speed:     ev/sec=228.414   simsec/sec=1.00013   ev/simsec=228.383
     Messages:  created: 4130   present: 334   in FES: 8
** Event #32512   t=124.389272412628   Elapsed: 124.205s (2m 04s)  1% completed  (1% total)
     Speed:     ev/sec=269.343   simsec/sec=0.999987   ev/simsec=269.346
     Messages:  created: 4196   present: 274   in FES: 8
** Event #33024   t=126.697577409388   Elapsed: 126.514s (2m 06s)  2% completed  (2% total)
     Speed:     ev/sec=221.726   simsec/sec=0.999631   ev/simsec=221.808
     Messages:  created: 4233   present: 222   in FES: 6
** Event #33792   t=129.486782322698   Elapsed: 129.306s (2m 09s)  2% completed  (2% total)
     Speed:     ev/sec=275.014   simsec/sec=0.998789   ev/simsec=275.347
     Messages:  created: 4331   present: 226   in FES: 6
** Event #34560   t=132.149818680458   Elapsed: 131.966s (2m 11s)  2% completed  (2% total)
     Speed:     ev/sec=288.823   simsec/sec=1.00149   ev/simsec=288.393
     Messages:  created: 4412   present: 193   in FES: 7
** Event #35072   t=134.245466393726   Elapsed: 134.085s (2m 14s)  2% completed  (2% total)
     Speed:     ev/sec=241.52   simsec/sec=0.988556   ev/simsec=244.316
     Messages:  created: 4468   present: 171   in FES: 6
** Event #35584   t=136.318846682041   Elapsed: 136.134s (2m 16s)  2% completed  (2% total)
     Speed:     ev/sec=249.889   simsec/sec=1.01194   ev/simsec=246.94
     Messages:  created: 4515   present: 126   in FES: 7
** Event #36096   t=138.300617205097   Elapsed: 138.137s (2m 18s)  2% completed  (2% total)
     Speed:     ev/sec=255.649   simsec/sec=0.989528   ev/simsec=258.355
     Messages:  created: 4560   present: 75   in FES: 6
** Event #36608   t=140.777413887823   Elapsed: 140.593s (2m 20s)  2% completed  (2% total)
     Speed:     ev/sec=208.48   simsec/sec=1.00852   ev/simsec=206.719
     Messages:  created: 4599   present: 8   in FES: 5
** Event #37120   t=145.0414728153   Elapsed: 144.857s (2m 24s)  2% completed  (2% total)
     Speed:     ev/sec=120.077   simsec/sec=1.00003   ev/simsec=120.073
     Messages:  created: 4664   present: 10   in FES: 7
** Event #37376   t=147.54075560858   Elapsed: 147.358s (2m 27s)  2% completed  (2% total)
     Speed:     ev/sec=102.36   simsec/sec=0.999318   ev/simsec=102.429
     Messages:  created: 4696   present: 11   in FES: 6
** Event #37888   t=150.13800648849   Elapsed: 149.954s (2m 29s)  2% completed  (2% total)
     Speed:     ev/sec=197.249   simsec/sec=1.0006   ev/simsec=197.132
     Messages:  created: 4759   present: 8   in FES: 5
** Event #38400   t=153.312109668722   Elapsed: 153.128s (2m 33s)  2% completed  (2% total)
     Speed:     ev/sec=161.302   simsec/sec=0.99998   ev/simsec=161.305
     Messages:  created: 4823   present: 8   in FES: 5
** Event #38912   t=156.101865553381   Elapsed: 155.954s (2m 35s)  2% completed  (2% total)
     Speed:     ev/sec=181.168   simsec/sec=0.987139   ev/simsec=183.529
     Messages:  created: 4891   present: 20   in FES: 7
** Event #39680   t=158.400674402833   Elapsed: 158.216s (2m 38s)  2% completed  (2% total)
     Speed:     ev/sec=339.461   simsec/sec=1.01609   ev/simsec=334.086
     Messages:  created: 4998   present: 50   in FES: 8
** Event #40448   t=161.044258022622   Elapsed: 160.86s (2m 40s)  2% completed  (2% total)
     Speed:     ev/sec=290.531   simsec/sec=1.00006   ev/simsec=290.515
     Messages:  created: 5091   present: 41   in FES: 8
** Event #41216   t=163.608316034291   Elapsed: 163.424s (2m 43s)  2% completed  (2% total)
     Speed:     ev/sec=299.518   simsec/sec=0.999975   ev/simsec=299.525
     Messages:  created: 5177   present: 15   in FES: 8
** Event #41728   t=166.009156410098   Elapsed: 165.851s (2m 45s)  2% completed  (2% total)
     Speed:     ev/sec=210.903   simsec/sec=0.988953   ev/simsec=213.259
     Messages:  created: 5240   present: 12   in FES: 7
** Event #42240   t=168.353104141202   Elapsed: 168.169s (2m 48s)  2% completed  (2% total)
     Speed:     ev/sec=220.957   simsec/sec=1.01155   ev/simsec=218.435
     Messages:  created: 5303   present: 10   in FES: 6
** Event #43008   t=171.196500466633   Elapsed: 171.018s (2m 51s)  2% completed  (2% total)
     Speed:     ev/sec=269.564   simsec/sec=0.998016   ev/simsec=270.1
     Messages:  created: 5400   present: 12   in FES: 7
** Event #43520   t=173.354131400904   Elapsed: 173.17s (2m 53s)  2% completed  (2% total)
     Speed:     ev/sec=237.917   simsec/sec=1.00261   ev/simsec=237.297
     Messages:  created: 5472   present: 33   in FES: 8
** Event #44288   t=176.347197575705   Elapsed: 176.165s (2m 56s)  2% completed  (2% total)
     Speed:     ev/sec=256.437   simsec/sec=0.999392   ev/simsec=256.593
     Messages:  created: 5560   present: 12   in FES: 7
** Event #45056   t=179.033970197156   Elapsed: 178.85s (2m 58s)  2% completed  (2% total)
     Speed:     ev/sec=286.031   simsec/sec=1.00065   ev/simsec=285.845
     Messages:  created: 5658   present: 17   in FES: 8
** Event #45824   t=181.626077206201   Elapsed: 181.442s (3m 01s)  2% completed  (2% total)
     Speed:     ev/sec=296.297   simsec/sec=1.00004   ev/simsec=296.284
     Messages:  created: 5753   present: 16   in FES: 8
** Event #46592   t=183.913478763285   Elapsed: 183.729s (3m 03s)  2% completed  (2% total)
     Speed:     ev/sec=335.773   simsec/sec=1.00006   ev/simsec=335.752
     Messages:  created: 5852   present: 23   in FES: 8
** Event #47360   t=185.999660676999   Elapsed: 185.815s (3m 05s)  2% completed  (2% total)
     Speed:     ev/sec=368.106   simsec/sec=0.999917   ev/simsec=368.137
     Messages:  created: 5959   present: 55   in FES: 8
** Event #48384   t=188.58228402613   Elapsed: 188.398s (3m 08s)  2% completed  (2% total)
     Speed:     ev/sec=396.5   simsec/sec=1.00001   ev/simsec=396.496
     Messages:  created: 6101   present: 94   in FES: 8
** Event #49152   t=191.38491735209   Elapsed: 191.201s (3m 11s)  3% completed  (3% total)
     Speed:     ev/sec=274.025   simsec/sec=0.999987   ev/simsec=274.028
     Messages:  created: 6167   present: 14   in FES: 8
** Event #49664   t=193.509673513802   Elapsed: 193.325s (3m 13s)  3% completed  (3% total)
     Speed:     ev/sec=240.984   simsec/sec=1.00006   ev/simsec=240.969
     Messages:  created: 6232   present: 15   in FES: 8
** Event #50432   t=196.64669147798   Elapsed: 196.462s (3m 16s)  3% completed  (3% total)
     Speed:     ev/sec=244.822   simsec/sec=1.00001   ev/simsec=244.818
     Messages:  created: 6328   present: 15   in FES: 8
** Event #51200   t=198.825741307896   Elapsed: 198.641s (3m 18s)  3% completed  (3% total)
     Speed:     ev/sec=352.413   simsec/sec=0.999904   ev/simsec=352.447
     Messages:  created: 6439   present: 55   in FES: 8
** Event #51968   t=201.291239231938   Elapsed: 201.107s (3m 21s)  3% completed  (3% total)
     Speed:     ev/sec=311.524   simsec/sec=1.00008   ev/simsec=311.499
     Messages:  created: 6525   present: 30   in FES: 8
** Event #52480   t=203.769822797561   Elapsed: 203.585s (3m 23s)  3% completed  (3% total)
     Speed:     ev/sec=206.567   simsec/sec=0.999989   ev/simsec=206.57
     Messages:  created: 6582   present: 10   in FES: 6
** Event #52992   t=206.519155001628   Elapsed: 206.335s (3m 26s)  3% completed  (3% total)
     Speed:     ev/sec=186.225   simsec/sec=0.99999   ev/simsec=186.227
     Messages:  created: 6647   present: 13   in FES: 8
** Event #53760   t=209.694102931108   Elapsed: 209.51s (3m 29s)  3% completed  (3% total)
     Speed:     ev/sec=241.884   simsec/sec=0.99996   ev/simsec=241.894
     Messages:  created: 6742   present: 10   in FES: 6
** Event #54528   t=212.067038125824   Elapsed: 211.899s (3m 31s)  3% completed  (3% total)
     Speed:     ev/sec=321.423   simsec/sec=0.99312   ev/simsec=323.65
     Messages:  created: 6847   present: 35   in FES: 7
** Event #55296   t=214.531478854764   Elapsed: 214.357s (3m 34s)  3% completed  (3% total)
     Speed:     ev/sec=312.455   simsec/sec=1.00264   ev/simsec=311.633
     Messages:  created: 6952   present: 59   in FES: 7
** Event #56064   t=217.30150226638   Elapsed: 217.117s (3m 37s)  3% completed  (3% total)
     Speed:     ev/sec=278.267   simsec/sec=1.00365   ev/simsec=277.254
     Messages:  created: 7029   present: 11   in FES: 7
** Event #56832   t=219.655358924995   Elapsed: 219.471s (3m 39s)  3% completed  (3% total)
     Speed:     ev/sec=326.258   simsec/sec=0.999954   ev/simsec=326.273
     Messages:  created: 7130   present: 24   in FES: 6
** Event #57344   t=221.807606022482   Elapsed: 221.623s (3m 41s)  3% completed  (3% total)
     Speed:     ev/sec=237.902   simsec/sec=1.00005   ev/simsec=237.891
     Messages:  created: 7189   present: 11   in FES: 7
** Event #58112   t=224.595825796262   Elapsed: 224.412s (3m 44s)  3% completed  (3% total)
     Speed:     ev/sec=275.41   simsec/sec=0.999873   ev/simsec=275.445
     Messages:  created: 7286   present: 14   in FES: 6
** Event #58880   t=227.156311183589   Elapsed: 226.972s (3m 46s)  3% completed  (3% total)
     Speed:     ev/sec=299.99   simsec/sec=1.00016   ev/simsec=299.943
     Messages:  created: 7381   present: 12   in FES: 6
** Event #59648   t=229.725004579793   Elapsed: 229.541s (3m 49s)  3% completed  (3% total)
     Speed:     ev/sec=298.973   simsec/sec=0.99996   ev/simsec=298.985
     Messages:  created: 7477   present: 12   in FES: 6
** Event #60416   t=232.231094935305   Elapsed: 232.047s (3m 52s)  3% completed  (3% total)
     Speed:     ev/sec=306.453   simsec/sec=0.999999   ev/simsec=306.453
     Messages:  created: 7575   present: 16   in FES: 6
** Event #60928   t=234.348629468865   Elapsed: 234.164s (3m 54s)  3% completed  (3% total)
     Speed:     ev/sec=241.807   simsec/sec=1.00007   ev/simsec=241.791
     Messages:  created: 7637   present: 12   in FES: 7
** Event #61440   t=236.891011585061   Elapsed: 236.707s (3m 56s)  3% completed  (3% total)
     Speed:     ev/sec=201.377   simsec/sec=0.999954   ev/simsec=201.386
     Messages:  created: 7701   present: 10   in FES: 6
** Event #61952   t=239.158323129955   Elapsed: 238.974s (3m 58s)  3% completed  (3% total)
     Speed:     ev/sec=225.824   simsec/sec=1.00003   ev/simsec=225.818
     Messages:  created: 7765   present: 11   in FES: 7
** Event #62464   t=241.991667644463   Elapsed: 241.807s (4m 01s)  3% completed  (3% total)
     Speed:     ev/sec=180.713   simsec/sec=1.00004   ev/simsec=180.705
     Messages:  created: 7829   present: 13   in FES: 8
** Event #63488   t=244.977148440996   Elapsed: 244.793s (4m 04s)  3% completed  (3% total)
     Speed:     ev/sec=342.961   simsec/sec=0.999905   ev/simsec=342.993
     Messages:  created: 7960   present: 21   in FES: 7
** Event #64256   t=247.310093995239   Elapsed: 247.128s (4m 07s)  3% completed  (3% total)
     Speed:     ev/sec=328.866   simsec/sec=0.998992   ev/simsec=329.198
     Messages:  created: 8053   present: 16   in FES: 5
** Event #64768   t=249.366754111529   Elapsed: 249.182s (4m 09s)  3% completed  (3% total)
     Speed:     ev/sec=249.244   simsec/sec=1.00119   ev/simsec=248.947
     Messages:  created: 8119   present: 21   in FES: 8
** Event #65280   t=251.502585874362   Elapsed: 251.318s (4m 11s)  3% completed  (3% total)
     Speed:     ev/sec=239.736   simsec/sec=1.00007   ev/simsec=239.719
     Messages:  created: 8179   present: 11   in FES: 6
** Event #66048   t=254.124661413273   Elapsed: 253.94s (4m 13s)  4% completed  (4% total)
     Speed:     ev/sec=292.886   simsec/sec=0.999959   ev/simsec=292.898
     Messages:  created: 8276   present: 13   in FES: 6
** Event #66816   t=256.255571500238   Elapsed: 256.071s (4m 16s)  4% completed  (4% total)
     Speed:     ev/sec=360.434   simsec/sec=1.00007   ev/simsec=360.409
     Messages:  created: 8375   present: 22   in FES: 8
** Event #67584   t=259.207767922771   Elapsed: 259.023s (4m 19s)  4% completed  (4% total)
     Speed:     ev/sec=260.138   simsec/sec=0.999971   ev/simsec=260.145
     Messages:  created: 8467   present: 11   in FES: 7
** Event #68096   t=261.745919484812   Elapsed: 261.561s (4m 21s)  4% completed  (4% total)
     Speed:     ev/sec=201.719   simsec/sec=0.999987   ev/simsec=201.722
     Messages:  created: 8531   present: 10   in FES: 6
** Event #68864   t=264.580291250298   Elapsed: 264.396s (4m 24s)  4% completed  (4% total)
     Speed:     ev/sec=270.958   simsec/sec=0.999994   ev/simsec=270.96
     Messages:  created: 8627   present: 11   in FES: 7
** Event #69376   t=267.83991512544   Elapsed: 267.655s (4m 27s)  4% completed  (4% total)
     Speed:     ev/sec=157.074   simsec/sec=1.00001   ev/simsec=157.073
     Messages:  created: 8692   present: 12   in FES: 8
** Event #69888   t=271.224399540693   Elapsed: 271.04s (4m 31s)  4% completed  (4% total)
     Speed:     ev/sec=151.278   simsec/sec=0.999996   ev/simsec=151.279
     Messages:  created: 8755   present: 10   in FES: 6
** Event #70400   t=275.098556904779   Elapsed: 274.914s (4m 34s)  4% completed  (4% total)
     Speed:     ev/sec=132.159   simsec/sec=1.00001   ev/simsec=132.158
     Messages:  created: 8819   present: 10   in FES: 6
** Event #70912   t=277.286380778531   Elapsed: 277.102s (4m 37s)  4% completed  (4% total)
     Speed:     ev/sec=234.026   simsec/sec=1.00001   ev/simsec=234.022
     Messages:  created: 8882   present: 12   in FES: 7
** Event #71424   t=280.075525301853   Elapsed: 279.923s (4m 39s)  4% completed  (4% total)
     Speed:     ev/sec=181.511   simsec/sec=0.988788   ev/simsec=183.569
     Messages:  created: 8945   present: 9   in FES: 5
** Event #71936   t=282.657065022414   Elapsed: 282.473s (4m 42s)  4% completed  (4% total)
     Speed:     ev/sec=200.759   simsec/sec=1.01224   ev/simsec=198.331
     Messages:  created: 9010   present: 11   in FES: 7
** Event #72448   t=285.593449994296   Elapsed: 285.452s (4m 45s)  4% completed  (4% total)
     Speed:     ev/sec=171.876   simsec/sec=0.985732   ev/simsec=174.364
     Messages:  created: 9073   present: 9   in FES: 5
** Event #72960   t=288.893313348869   Elapsed: 288.709s (4m 48s)  4% completed  (4% total)
     Speed:     ev/sec=157.197   simsec/sec=1.01314   ev/simsec=155.158
     Messages:  created: 9139   present: 14   in FES: 8
** Event #73728   t=291.992253717257   Elapsed: 291.808s (4m 51s)  4% completed  (4% total)
     Speed:     ev/sec=247.835   simsec/sec=1.00003   ev/simsec=247.827
     Messages:  created: 9233   present: 10   in FES: 6
** Event #74240   t=294.096297704685   Elapsed: 293.913s (4m 53s)  4% completed  (4% total)
     Speed:     ev/sec=243.188   simsec/sec=0.99937   ev/simsec=243.341
     Messages:  created: 9301   present: 20   in FES: 7
** Event #75008   t=296.993430921729   Elapsed: 296.809s (4m 56s)  4% completed  (4% total)
     Speed:     ev/sec=265.204   simsec/sec=1.00043   ev/simsec=265.09
     Messages:  created: 9394   present: 11   in FES: 7
** Event #75520   t=300.541026096319   Elapsed: 300.357s (5m 00s)  4% completed  (4% total)
     Speed:     ev/sec=144.322   simsec/sec=0.999996   ev/simsec=144.323
     Messages:  created: 9457   present: 10   in FES: 6
** Event #75776   t=302.804843131499   Elapsed: 302.62s (5m 02s)  4% completed  (4% total)
     Speed:     ev/sec=113.075   simsec/sec=0.99993   ev/simsec=113.083
     Messages:  created: 9489   present: 9   in FES: 5
** Event #76032   t=305.051809649856   Elapsed: 304.867s (5m 04s)  4% completed  (4% total)
     Speed:     ev/sec=113.942   simsec/sec=1.00009   ev/simsec=113.931
     Messages:  created: 9521   present: 11   in FES: 7
** Event #76544   t=308.015519064289   Elapsed: 307.831s (5m 07s)  4% completed  (4% total)
     Speed:     ev/sec=172.756   simsec/sec=0.999997   ev/simsec=172.756
     Messages:  created: 9584   present: 12   in FES: 7
** Event #77056   t=310.751436706371   Elapsed: 310.567s (5m 10s)  4% completed  (4% total)
     Speed:     ev/sec=187.127   simsec/sec=0.999929   ev/simsec=187.14
     Messages:  created: 9648   present: 12   in FES: 7
** Event #77568   t=313.703957189716   Elapsed: 313.519s (5m 13s)  4% completed  (4% total)
     Speed:     ev/sec=173.418   simsec/sec=1.00004   ev/simsec=173.411
     Messages:  created: 9711   present: 9   in FES: 5
** Event #78080   t=316.857387709029   Elapsed: 316.673s (5m 16s)  5% completed  (5% total)
     Speed:     ev/sec=162.366   simsec/sec=1.00002   ev/simsec=162.363
     Messages:  created: 9775   present: 9   in FES: 5
** Event #78592   t=319.44653993399   Elapsed: 319.262s (5m 19s)  5% completed  (5% total)
     Speed:     ev/sec=197.737   simsec/sec=0.999945   ev/simsec=197.748
     Messages:  created: 9839   present: 9   in FES: 5
** Event #78848   t=321.491721324185   Elapsed: 321.307s (5m 21s)  5% completed  (5% total)
     Speed:     ev/sec=125.187   simsec/sec=1.00012   ev/simsec=125.172
     Messages:  created: 9874   present: 16   in FES: 8
** Event #79616   t=324.767507043446   Elapsed: 324.583s (5m 24s)  5% completed  (5% total)
     Speed:     ev/sec=234.443   simsec/sec=0.99998   ev/simsec=234.448
     Messages:  created: 9968   present: 11   in FES: 7
** Event #80128   t=327.491139192571   Elapsed: 327.307s (5m 27s)  5% completed  (5% total)
     Speed:     ev/sec=187.981   simsec/sec=0.999982   ev/simsec=187.984
     Messages:  created: 10032   present: 12   in FES: 7
** Event #80640   t=330.180340571387   Elapsed: 329.999s (5m 29s)  5% completed  (5% total)
     Speed:     ev/sec=190.16   simsec/sec=0.998785   ev/simsec=190.391
     Messages:  created: 10097   present: 14   in FES: 7
** Event #81408   t=332.41942483632   Elapsed: 332.235s (5m 32s)  5% completed  (5% total)
     Speed:     ev/sec=343.49   simsec/sec=1.00144   ev/simsec=342.997
     Messages:  created: 10195   present: 20   in FES: 8
** Event #81920   t=334.506705203825   Elapsed: 334.33s (5m 34s)  5% completed  (5% total)
     Speed:     ev/sec=244.36   simsec/sec=0.996189   ev/simsec=245.295
     Messages:  created: 10257   present: 14   in FES: 7
** Event #82432   t=337.31427281242   Elapsed: 337.13s (5m 37s)  5% completed  (5% total)
     Speed:     ev/sec=182.89   simsec/sec=1.00288   ev/simsec=182.364
     Messages:  created: 10318   present: 10   in FES: 6
** Event #82944   t=339.704604953436   Elapsed: 339.52s (5m 39s)  5% completed  (5% total)
     Speed:     ev/sec=214.182   simsec/sec=0.999932   ev/simsec=214.196
     Messages:  created: 10384   present: 14   in FES: 8
** Event #83456   t=343.022133097035   Elapsed: 342.838s (5m 42s)  5% completed  (5% total)
     Speed:     ev/sec=154.333   simsec/sec=1.00001   ev/simsec=154.332
     Messages:  created: 10446   present: 10   in FES: 6
** Event #83968   t=346.019120758457   Elapsed: 345.835s (5m 45s)  5% completed  (5% total)
     Speed:     ev/sec=170.841   simsec/sec=1.00002   ev/simsec=170.838
     Messages:  created: 10511   present: 11   in FES: 7
** Event #84224   t=348.281650229688   Elapsed: 348.097s (5m 48s)  5% completed  (5% total)
     Speed:     ev/sec=113.143   simsec/sec=0.999963   ev/simsec=113.148
     Messages:  created: 10543   present: 11   in FES: 7
** Event #84736   t=350.691794492645   Elapsed: 350.507s (5m 50s)  5% completed  (5% total)
     Speed:     ev/sec=212.457   simsec/sec=1.0001   ev/simsec=212.435
     Messages:  created: 10607   present: 12   in FES: 6
** Event #84992   t=352.910747504862   Elapsed: 352.726s (5m 52s)  5% completed  (5% total)
     Speed:     ev/sec=115.357   simsec/sec=0.999886   ev/simsec=115.37
     Messages:  created: 10638   present: 9   in FES: 5
** Event #85248   t=354.936735408533   Elapsed: 354.752s (5m 54s)  5% completed  (5% total)
     Speed:     ev/sec=126.372   simsec/sec=1.00011   ev/simsec=126.358
     Messages:  created: 10671   present: 11   in FES: 7
** Event #85760   t=358.056400231043   Elapsed: 357.872s (5m 57s)  5% completed  (5% total)
     Speed:     ev/sec=164.117   simsec/sec=0.999982   ev/simsec=164.12
     Messages:  created: 10734   present: 9   in FES: 5
** Event #86528   t=360.279147708799   Elapsed: 360.111s (6m 00s)  5% completed  (5% total)
     Speed:     ev/sec=343.048   simsec/sec=0.992849   ev/simsec=345.518
     Messages:  created: 10832   present: 16   in FES: 7
** Event #87040   t=363.201625527993   Elapsed: 363.017s (6m 03s)  5% completed  (5% total)
     Speed:     ev/sec=176.154   simsec/sec=1.00548   ev/simsec=175.194
     Messages:  created: 10894   present: 10   in FES: 6
** Event #87808   t=365.707011214218   Elapsed: 365.434s (6m 05s)  5% completed  (5% total)
     Speed:     ev/sec=317.727   simsec/sec=1.0365   ev/simsec=306.54
     Messages:  created: 10988   present: 8   in FES: 5
** Event #88576   t=368.830415298726   Elapsed: 368.668s (6m 08s)  5% completed  (5% total)
     Speed:     ev/sec=237.515   simsec/sec=0.965959   ev/simsec=245.886
     Messages:  created: 11084   present: 9   in FES: 5
** Event #89088   t=371.231734899175   Elapsed: 371.047s (6m 11s)  5% completed  (5% total)
     Speed:     ev/sec=215.164   simsec/sec=1.00914   ev/simsec=213.216
     Messages:  created: 11149   present: 11   in FES: 7
** Event #89600   t=373.657482515117   Elapsed: 373.545s (6m 13s)  5% completed  (5% total)
     Speed:     ev/sec=205.037   simsec/sec=0.971421   ev/simsec=211.069
     Messages:  created: 11212   present: 9   in FES: 5
** Event #89856   t=375.884391015073   Elapsed: 375.7s (6m 15s)  5% completed  (5% total)
     Speed:     ev/sec=118.764   simsec/sec=1.03311   ev/simsec=114.958
     Messages:  created: 11245   present: 11   in FES: 7
** Event #90112   t=378.161633834218   Elapsed: 377.98s (6m 17s)  6% completed  (6% total)
     Speed:     ev/sec=112.268   simsec/sec=0.998682   ev/simsec=112.417
     Messages:  created: 11276   present: 9   in FES: 5
** Event #90368   t=380.250140826242   Elapsed: 380.066s (6m 20s)  6% completed  (6% total)
     Speed:     ev/sec=122.757   simsec/sec=1.00148   ev/simsec=122.576
     Messages:  created: 11309   present: 11   in FES: 7
** Event #90880   t=382.919800654294   Elapsed: 382.809s (6m 22s)  6% completed  (6% total)
     Speed:     ev/sec=186.654   simsec/sec=0.973246   ev/simsec=191.785
     Messages:  created: 11372   present: 9   in FES: 5
** Event #91648   t=385.507952816404   Elapsed: 385.351s (6m 25s)  6% completed  (6% total)
     Speed:     ev/sec=302.135   simsec/sec=1.01819   ev/simsec=296.737
     Messages:  created: 11468   present: 9   in FES: 5
** Event #92160   t=388.831878957826   Elapsed: 388.648s (6m 28s)  6% completed  (6% total)
     Speed:     ev/sec=155.299   simsec/sec=1.00821   ev/simsec=154.035
     Messages:  created: 11533   present: 11   in FES: 7
** Event #92672   t=392.101917517412   Elapsed: 391.966s (6m 31s)  6% completed  (6% total)
     Speed:     ev/sec=154.289   simsec/sec=0.985413   ev/simsec=156.573
     Messages:  created: 11596   present: 9   in FES: 5
** Event #93184   t=395.440319398917   Elapsed: 395.258s (6m 35s)  6% completed  (6% total)
     Speed:     ev/sec=155.536   simsec/sec=1.01415   ev/simsec=153.367
     Messages:  created: 11660   present: 9   in FES: 5
** Event #93696   t=398.669824822265   Elapsed: 398.485s (6m 38s)  6% completed  (6% total)
     Speed:     ev/sec=158.635   simsec/sec=1.00061   ev/simsec=158.538
     Messages:  created: 11724   present: 12   in FES: 8
** Event #94208   t=401.457762283403   Elapsed: 401.285s (6m 41s)  6% completed  (6% total)
     Speed:     ev/sec=182.869   simsec/sec=0.995755   ev/simsec=183.648
     Messages:  created: 11787   present: 10   in FES: 6
** Event #94720   t=403.688288568066   Elapsed: 403.506s (6m 43s)  6% completed  (6% total)
     Speed:     ev/sec=230.532   simsec/sec=1.00431   ev/simsec=229.542
     Messages:  created: 11851   present: 10   in FES: 6
** Event #95232   t=406.901956050407   Elapsed: 406.718s (6m 46s)  6% completed  (6% total)
     Speed:     ev/sec=159.427   simsec/sec=1.00067   ev/simsec=159.32
     Messages:  created: 11915   present: 9   in FES: 5
** Event #95744   t=409.49418447824   Elapsed: 409.31s (6m 49s)  6% completed  (6% total)
     Speed:     ev/sec=197.537   simsec/sec=1.00012   ev/simsec=197.513
     Messages:  created: 11981   present: 14   in FES: 8
** Event #96512   t=411.864005457313   Elapsed: 411.68s (6m 51s)  6% completed  (6% total)
     Speed:     ev/sec=324.047   simsec/sec=0.999913   ev/simsec=324.075
     Messages:  created: 12075   present: 9   in FES: 5
** Event #97024   t=414.063089055915   Elapsed: 413.879s (6m 53s)  6% completed  (6% total)
     Speed:     ev/sec=232.815   simsec/sec=0.999962   ev/simsec=232.824
     Messages:  created: 12140   present: 12   in FES: 7
** Event #97792   t=416.110578770648   Elapsed: 415.926s (6m 55s)  6% completed  (6% total)
     Speed:     ev/sec=375.15   simsec/sec=1.00015   ev/simsec=375.093
     Messages:  created: 12237   present: 16   in FES: 7
** Event #98560   t=419.114014925982   Elapsed: 418.933s (6m 58s)  6% completed  (6% total)
     Speed:     ev/sec=255.392   simsec/sec=0.998769   ev/simsec=255.707
     Messages:  created: 12331   present: 10   in FES: 5
** Event #99584   t=422.001901949813   Elapsed: 421.818s (7m 01s)  6% completed  (6% total)
     Speed:     ev/sec=355.004   simsec/sec=1.00118   ev/simsec=354.585
     Messages:  created: 12460   present: 13   in FES: 8
** Event #100096   t=424.658869725029   Elapsed: 424.476s (7m 04s)  6% completed  (6% total)
     Speed:     ev/sec=192.606   simsec/sec=0.999507   ev/simsec=192.701
     Messages:  created: 12523   present: 11   in FES: 7
** Event #100608   t=427.318919774964   Elapsed: 427.134s (7m 07s)  6% completed  (6% total)
     Speed:     ev/sec=192.595   simsec/sec=1.00061   ev/simsec=192.478
     Messages:  created: 12586   present: 11   in FES: 7
** Event #101120   t=430.81954797618   Elapsed: 430.642s (7m 10s)  6% completed  (6% total)
     Speed:     ev/sec=145.951   simsec/sec=0.99789   ev/simsec=146.259
     Messages:  created: 12650   present: 12   in FES: 7
** Event #101632   t=432.861037254121   Elapsed: 432.677s (7m 12s)  6% completed  (6% total)
     Speed:     ev/sec=251.67   simsec/sec=1.00348   ev/simsec=250.797
     Messages:  created: 12714   present: 11   in FES: 7
** Event #102144   t=434.885917360467   Elapsed: 434.702s (7m 14s)  6% completed  (6% total)
     Speed:     ev/sec=252.851   simsec/sec=0.999986   ev/simsec=252.854
     Messages:  created: 12779   present: 9   in FES: 6
** Event #102656   t=436.98774637529   Elapsed: 436.803s (7m 16s)  6% completed  (6% total)
     Speed:     ev/sec=243.624   simsec/sec=1.00011   ev/simsec=243.597
     Messages:  created: 12843   present: 10   in FES: 7
** Event #103168   t=439.858446932567   Elapsed: 439.674s (7m 19s)  6% completed  (6% total)
     Speed:     ev/sec=178.349   simsec/sec=0.999975   ev/simsec=178.354
     Messages:  created: 12907   present: 8   in FES: 5
** Event #103680   t=442.411742105964   Elapsed: 442.227s (7m 22s)  7% completed  (7% total)
     Speed:     ev/sec=200.529   simsec/sec=1.00002   ev/simsec=200.525
     Messages:  created: 12971   present: 9   in FES: 6
** Event #104192   t=445.129047567175   Elapsed: 444.945s (7m 24s)  7% completed  (7% total)
     Speed:     ev/sec=188.414   simsec/sec=0.999956   ev/simsec=188.422
     Messages:  created: 13035   present: 9   in FES: 6
** Event #104704   t=447.353318223883   Elapsed: 447.169s (7m 27s)  7% completed  (7% total)
     Speed:     ev/sec=230.214   simsec/sec=1.00011   ev/simsec=230.188
     Messages:  created: 13100   present: 11   in FES: 7
** Event #105472   t=449.996321389162   Elapsed: 449.812s (7m 29s)  7% completed  (7% total)
     Speed:     ev/sec=290.549   simsec/sec=0.999898   ev/simsec=290.579
     Messages:  created: 13195   present: 10   in FES: 7
** Event #105984   t=452.26984483449   Elapsed: 452.085s (7m 32s)  7% completed  (7% total)
     Speed:     ev/sec=225.207   simsec/sec=1.00003   ev/simsec=225.201
     Messages:  created: 13259   present: 10   in FES: 7
** Event #106496   t=455.231464182725   Elapsed: 455.047s (7m 35s)  7% completed  (7% total)
     Speed:     ev/sec=172.877   simsec/sec=0.999995   ev/simsec=172.878
     Messages:  created: 13323   present: 8   in FES: 5
** Event #107008   t=457.67299323951   Elapsed: 457.489s (7m 37s)  7% completed  (7% total)
     Speed:     ev/sec=209.709   simsec/sec=1.00002   ev/simsec=209.705
     Messages:  created: 13385   present: 8   in FES: 5
** Event #107520   t=461.456599114528   Elapsed: 461.274s (7m 41s)  7% completed  (7% total)
     Speed:     ev/sec=135.251   simsec/sec=0.999489   ev/simsec=135.321
     Messages:  created: 13450   present: 10   in FES: 6
** Event #107776   t=464.061269295392   Elapsed: 463.877s (7m 43s)  7% completed  (7% total)
     Speed:     ev/sec=98.3618   simsec/sec=1.00078   ev/simsec=98.285
     Messages:  created: 13481   present: 8   in FES: 5
** Event #108288   t=467.483758833509   Elapsed: 467.299s (7m 47s)  7% completed  (7% total)
     Speed:     ev/sec=149.595   simsec/sec=0.999976   ev/simsec=149.599
     Messages:  created: 13545   present: 8   in FES: 5
** Event #108544   t=469.921125392588   Elapsed: 469.739s (7m 49s)  7% completed  (7% total)
     Speed:     ev/sec=104.912   simsec/sec=0.998861   ev/simsec=105.031
     Messages:  created: 13578   present: 10   in FES: 6
** Event #109056   t=472.724483965763   Elapsed: 472.54s (7m 52s)  7% completed  (7% total)
     Speed:     ev/sec=182.829   simsec/sec=1.00104   ev/simsec=182.638
     Messages:  created: 13642   present: 9   in FES: 6
** Event #109568   t=475.898060536979   Elapsed: 475.714s (7m 55s)  7% completed  (7% total)
     Speed:     ev/sec=161.317   simsec/sec=0.999904   ev/simsec=161.332
     Messages:  created: 13706   present: 9   in FES: 6
** Event #110080   t=479.350372650296   Elapsed: 479.166s (7m 59s)  7% completed  (7% total)
     Speed:     ev/sec=148.308   simsec/sec=1.00001   ev/simsec=148.306
     Messages:  created: 13770   present: 9   in FES: 6
** Event #110848   t=483.022446031463   Elapsed: 482.838s (8m 02s)  7% completed  (7% total)
     Speed:     ev/sec=209.155   simsec/sec=1.00004   ev/simsec=209.146
     Messages:  created: 13865   present: 9   in FES: 6
** Event #111104   t=485.09555063605   Elapsed: 484.911s (8m 04s)  7% completed  (7% total)
     Speed:     ev/sec=123.478   simsec/sec=0.99993   ev/simsec=123.486
     Messages:  created: 13898   present: 10   in FES: 7
** Event #111616   t=488.945987377283   Elapsed: 488.762s (8m 08s)  7% completed  (7% total)
     Speed:     ev/sec=132.972   simsec/sec=1   ev/simsec=132.972
     Messages:  created: 13960   present: 8   in FES: 5
** Event #112128   t=491.574415928835   Elapsed: 491.394s (8m 11s)  7% completed  (7% total)
     Speed:     ev/sec=194.526   simsec/sec=0.998627   ev/simsec=194.793
     Messages:  created: 14024   present: 9   in FES: 6
** Event #112896   t=494.342831845872   Elapsed: 494.166s (8m 14s)  7% completed  (7% total)
     Speed:     ev/sec=276.986   simsec/sec=0.998455   ev/simsec=277.415
     Messages:  created: 14120   present: 9   in FES: 5
** Event #113408   t=496.526870320928   Elapsed: 496.342s (8m 16s)  7% completed  (7% total)
     Speed:     ev/sec=235.292   simsec/sec=1.00369   ev/simsec=234.428
     Messages:  created: 14188   present: 20   in FES: 7
** Event #113920   t=499.443754324896   Elapsed: 499.259s (8m 19s)  7% completed  (7% total)
     Speed:     ev/sec=175.531   simsec/sec=1.00001   ev/simsec=175.53
     Messages:  created: 14248   present: 8   in FES: 5
** Event #114432   t=502.548010016419   Elapsed: 502.364s (8m 22s)  7% completed  (7% total)
     Speed:     ev/sec=164.924   simsec/sec=0.999936   ev/simsec=164.935
     Messages:  created: 14312   present: 8   in FES: 5
** Event #114944   t=505.928334730716   Elapsed: 505.782s (8m 25s)  8% completed  (8% total)
     Speed:     ev/sec=149.765   simsec/sec=0.988777   ev/simsec=151.465
     Messages:  created: 14376   present: 9   in FES: 6
** Event #115200   t=508.480973509529   Elapsed: 508.297s (8m 28s)  8% completed  (8% total)
     Speed:     ev/sec=101.822   simsec/sec=1.01529   ev/simsec=100.288
     Messages:  created: 14408   present: 8   in FES: 5
** Event #115712   t=511.050003655574   Elapsed: 510.878s (8m 30s)  8% completed  (8% total)
     Speed:     ev/sec=198.358   simsec/sec=0.995287   ev/simsec=199.297
     Messages:  created: 14472   present: 9   in FES: 6
** Event #116480   t=513.559775440714   Elapsed: 513.426s (8m 33s)  8% completed  (8% total)
     Speed:     ev/sec=301.326   simsec/sec=0.984714   ev/simsec=306.004
     Messages:  created: 14571   present: 17   in FES: 6
** Event #116992   t=515.672244999983   Elapsed: 515.443s (8m 35s)  8% completed  (8% total)
     Speed:     ev/sec=253.966   simsec/sec=1.04784   ev/simsec=242.37
     Messages:  created: 14632   present: 12   in FES: 7
** Event #117504   t=518.372030404131   Elapsed: 518.205s (8m 38s)  8% completed  (8% total)
     Speed:     ev/sec=185.313   simsec/sec=0.977161   ev/simsec=189.645
     Messages:  created: 14697   present: 15   in FES: 6
** Event #118016   t=520.839545712677   Elapsed: 520.692s (8m 40s)  8% completed  (8% total)
     Speed:     ev/sec=205.936   simsec/sec=0.992483   ev/simsec=207.496
     Messages:  created: 14758   present: 7   in FES: 4
** Event #118528   t=523.171178003336   Elapsed: 522.987s (8m 42s)  8% completed  (8% total)
     Speed:     ev/sec=223.085   simsec/sec=1.01592   ev/simsec=219.589
     Messages:  created: 14823   present: 9   in FES: 6
** Event #119040   t=525.535155346063   Elapsed: 525.35s (8m 45s)  8% completed  (8% total)
     Speed:     ev/sec=216.603   simsec/sec=1.00009   ev/simsec=216.584
     Messages:  created: 14888   present: 11   in FES: 7
** Event #119552   t=528.078116199331   Elapsed: 527.964s (8m 47s)  8% completed  (8% total)
     Speed:     ev/sec=195.888   simsec/sec=0.972921   ev/simsec=201.34
     Messages:  created: 14950   present: 7   in FES: 4
** Event #120064   t=530.638368558868   Elapsed: 530.454s (8m 50s)  8% completed  (8% total)
     Speed:     ev/sec=205.651   simsec/sec=1.02836   ev/simsec=199.98
     Messages:  created: 15015   present: 10   in FES: 7
** Event #120576   t=533.682901606606   Elapsed: 533.499s (8m 53s)  8% completed  (8% total)
     Speed:     ev/sec=168.161   simsec/sec=0.999947   ev/simsec=168.17
     Messages:  created: 15079   present: 9   in FES: 6
** Event #121344   t=536.125490850565   Elapsed: 535.944s (8m 55s)  8% completed  (8% total)
     Speed:     ev/sec=314.105   simsec/sec=0.998996   ev/simsec=314.42
     Messages:  created: 15177   present: 15   in FES: 6
** Event #121856   t=538.547623110217   Elapsed: 538.363s (8m 58s)  8% completed  (8% total)
     Speed:     ev/sec=211.614   simsec/sec=1.00109   ev/simsec=211.384
     Messages:  created: 15239   present: 9   in FES: 6
** Event #122368   t=541.008242590181   Elapsed: 540.824s (9m 00s)  8% completed  (8% total)
     Speed:     ev/sec=208.082   simsec/sec=1.00002   ev/simsec=208.078
     Messages:  created: 15304   present: 12   in FES: 7
** Event #122880   t=543.068370858377   Elapsed: 542.933s (9m 02s)  8% completed  (8% total)
     Speed:     ev/sec=242.699   simsec/sec=0.976545   ev/simsec=248.528
     Messages:  created: 15366   present: 8   in FES: 5
** Event #123392   t=545.621217   Elapsed: 545.438s (9m 05s)  8% completed  (8% total)
     Speed:     ev/sec=204.425   simsec/sec=1.01927   ev/simsec=200.56
     Messages:  created: 15430   present: 8   in FES: 5
** Event #123904   t=547.777669099317   Elapsed: 547.593s (9m 07s)  8% completed  (8% total)
     Speed:     ev/sec=237.563   simsec/sec=1.00057   ev/simsec=237.427
     Messages:  created: 15493   present: 8   in FES: 5
** Event #124416   t=550.019071588819   Elapsed: 549.835s (9m 09s)  8% completed  (8% total)
     Speed:     ev/sec=228.388   simsec/sec=0.999822   ev/simsec=228.428
     Messages:  created: 15558   present: 12   in FES: 7
** Event #125184   t=552.575077803103   Elapsed: 552.391s (9m 12s)  8% completed  (8% total)
     Speed:     ev/sec=300.498   simsec/sec=1.0001   ev/simsec=300.469
     Messages:  created: 15653   present: 9   in FES: 6
** Event #125696   t=554.842677627225   Elapsed: 554.658s (9m 14s)  8% completed  (8% total)
     Speed:     ev/sec=225.801   simsec/sec=1.00005   ev/simsec=225.789
     Messages:  created: 15717   present: 9   in FES: 6
** Event #126208   t=557.612228795577   Elapsed: 557.428s (9m 17s)  8% completed  (8% total)
     Speed:     ev/sec=184.863   simsec/sec=0.999973   ev/simsec=184.867
     Messages:  created: 15781   present: 8   in FES: 5
** Event #126720   t=560.423331530477   Elapsed: 560.239s (9m 20s)  8% completed  (8% total)
     Speed:     ev/sec=182.143   simsec/sec=1.00005   ev/simsec=182.135
     Messages:  created: 15846   present: 12   in FES: 7
** Event #127232   t=563.065408844433   Elapsed: 562.881s (9m 22s)  8% completed  (8% total)
     Speed:     ev/sec=193.784   simsec/sec=0.999983   ev/simsec=193.787
     Messages:  created: 15909   present: 9   in FES: 6
** Event #128000   t=565.698135018058   Elapsed: 565.52s (9m 25s)  8% completed  (8% total)
     Speed:     ev/sec=291.054   simsec/sec=0.99774   ev/simsec=291.713
     Messages:  created: 16010   present: 22   in FES: 6
** Event #128768   t=569.118505564914   Elapsed: 568.934s (9m 28s)  9% completed  (9% total)
     Speed:     ev/sec=224.912   simsec/sec=1.00167   ev/simsec=224.537
     Messages:  created: 16101   present: 8   in FES: 5
** Event #129280   t=571.310479346414   Elapsed: 571.126s (9m 31s)  9% completed  (9% total)
     Speed:     ev/sec=233.607   simsec/sec=1.00012   ev/simsec=233.579
     Messages:  created: 16165   present: 8   in FES: 5
** Event #130048   t=573.519809945572   Elapsed: 573.335s (9m 33s)  9% completed  (9% total)
     Speed:     ev/sec=347.602   simsec/sec=0.999957   ev/simsec=347.617
     Messages:  created: 16262   present: 12   in FES: 6
** Event #130560   t=576.725688751811   Elapsed: 576.566s (9m 36s)  9% completed  (9% total)
     Speed:     ev/sec=158.502   simsec/sec=0.99246   ev/simsec=159.707
     Messages:  created: 16325   present: 12   in FES: 6
** Event #131328   t=579.008240061366   Elapsed: 578.839s (9m 38s)  9% completed  (9% total)
     Speed:     ev/sec=337.78   simsec/sec=1.00391   ev/simsec=336.466
     Messages:  created: 16424   present: 20   in FES: 6
** Event #131584   t=581.485093559525   Elapsed: 581.301s (9m 41s)  9% completed  (9% total)
     Speed:     ev/sec=104.006   simsec/sec=1.00628   ev/simsec=103.357
     Messages:  created: 16452   present: 8   in FES: 5
** Event #131840   t=583.70582943484   Elapsed: 583.521s (9m 43s)  9% completed  (9% total)
     Speed:     ev/sec=115.277   simsec/sec=0.999997   ev/simsec=115.277
     Messages:  created: 16484   present: 9   in FES: 6
** Event #132352   t=588.232961504246   Elapsed: 588.049s (9m 48s)  9% completed  (9% total)
     Speed:     ev/sec=113.094   simsec/sec=0.99998   ev/simsec=113.096
     Messages:  created: 16548   present: 8   in FES: 5
** Event #132864   t=591.023161290149   Elapsed: 590.877s (9m 50s)  9% completed  (9% total)
     Speed:     ev/sec=181.05   simsec/sec=0.986652   ev/simsec=183.499
     Messages:  created: 16613   present: 12   in FES: 6
** Event #133376   t=593.275332897636   Elapsed: 593.091s (9m 53s)  9% completed  (9% total)
     Speed:     ev/sec=231.22   simsec/sec=1.01708   ev/simsec=227.336
     Messages:  created: 16676   present: 9   in FES: 6
** Event #133888   t=596.000150805881   Elapsed: 595.816s (9m 55s)  9% completed  (9% total)
     Speed:     ev/sec=187.9   simsec/sec=0.999985   ev/simsec=187.902
     Messages:  created: 16740   present: 9   in FES: 6
** Event #134656   t=599.594607454725   Elapsed: 599.41s (9m 59s)  9% completed  (9% total)
     Speed:     ev/sec=213.672   simsec/sec=1.00004   ev/simsec=213.662
     Messages:  created: 16836   present: 9   in FES: 6
** Event #135168   t=603.695145022034   Elapsed: 603.511s (10m 03s)  9% completed  (9% total)
     Speed:     ev/sec=124.86   simsec/sec=0.99999   ev/simsec=124.862
     Messages:  created: 16900   present: 10   in FES: 6
** Event #135680   t=606.34393153567   Elapsed: 606.159s (10m 06s)  9% completed  (9% total)
     Speed:     ev/sec=193.303   simsec/sec=1.00004   ev/simsec=193.296
     Messages:  created: 16964   present: 14   in FES: 7
** Event #136192   t=609.017584417492   Elapsed: 608.833s (10m 08s)  9% completed  (9% total)
     Speed:     ev/sec=191.483   simsec/sec=0.999919   ev/simsec=191.498
     Messages:  created: 17027   present: 10   in FES: 7
** Event #136704   t=612.515047305907   Elapsed: 612.331s (10m 12s)  9% completed  (9% total)
     Speed:     ev/sec=146.393   simsec/sec=1.00001   ev/simsec=146.392
     Messages:  created: 17090   present: 8   in FES: 5
** Event #137216   t=615.717208003633   Elapsed: 615.533s (10m 15s)  9% completed  (9% total)
     Speed:     ev/sec=159.894   simsec/sec=1.00001   ev/simsec=159.892
     Messages:  created: 17158   present: 13   in FES: 6
** Event #137728   t=617.864004689578   Elapsed: 617.724s (10m 17s)  9% completed  (9% total)
     Speed:     ev/sec=233.675   simsec/sec=0.979792   ev/simsec=238.495
     Messages:  created: 17230   present: 35   in FES: 5
** Event #138240   t=620.18230666884   Elapsed: 619.998s (10m 19s)  9% completed  (9% total)
     Speed:     ev/sec=225.153   simsec/sec=1.01948   ev/simsec=220.851
     Messages:  created: 17301   present: 54   in FES: 6
** Event #138752   t=622.264510591278   Elapsed: 622.08s (10m 22s)  9% completed  (9% total)
     Speed:     ev/sec=245.892   simsec/sec=0.999995   ev/simsec=245.893
     Messages:  created: 17375   present: 79   in FES: 6
** Event #139264   t=624.59330927854   Elapsed: 624.409s (10m 24s)  9% completed  (9% total)
     Speed:     ev/sec=219.863   simsec/sec=1.00003   ev/simsec=219.856
     Messages:  created: 17457   present: 123   in FES: 7
** Event #140032   t=627.709046103584   Elapsed: 627.525s (10m 27s)  9% completed  (9% total)
     Speed:     ev/sec=246.482   simsec/sec=0.999966   ev/simsec=246.491
     Messages:  created: 17574   present: 165   in FES: 7
** Event #140544   t=630.070707823384   Elapsed: 629.886s (10m 29s)  10% completed  (10% total)
     Speed:     ev/sec=216.8   simsec/sec=1.00001   ev/simsec=216.797
     Messages:  created: 17631   present: 150   in FES: 6
** Event #141056   t=632.801231011747   Elapsed: 632.617s (10m 32s)  10% completed  (10% total)
     Speed:     ev/sec=187.513   simsec/sec=1.00002   ev/simsec=187.51
     Messages:  created: 17693   present: 146   in FES: 6
** Event #141568   t=635.516487893411   Elapsed: 635.332s (10m 35s)  10% completed  (10% total)
     Speed:     ev/sec=188.564   simsec/sec=0.999997   ev/simsec=188.564
     Messages:  created: 17748   present: 129   in FES: 7
** Event #142080   t=638.926030361444   Elapsed: 638.742s (10m 38s)  10% completed  (10% total)
     Speed:     ev/sec=150.16   simsec/sec=0.999956   ev/simsec=150.167
     Messages:  created: 17790   present: 81   in FES: 6
** Event #142592   t=641.583941398268   Elapsed: 641.399s (10m 41s)  10% completed  (10% total)
     Speed:     ev/sec=192.639   simsec/sec=1.00003   ev/simsec=192.632
     Messages:  created: 17839   present: 40   in FES: 6
** Event #143104   t=644.350473123993   Elapsed: 644.166s (10m 44s)  10% completed  (10% total)
     Speed:     ev/sec=185.076   simsec/sec=1.00004   ev/simsec=185.069
     Messages:  created: 17894   present: 16   in FES: 6
** Event #143616   t=647.851495167176   Elapsed: 647.667s (10m 47s)  10% completed  (10% total)
     Speed:     ev/sec=146.233   simsec/sec=0.999929   ev/simsec=146.243
     Messages:  created: 17956   present: 11   in FES: 6
** Event #144128   t=650.595483557929   Elapsed: 650.411s (10m 50s)  10% completed  (10% total)
     Speed:     ev/sec=186.61   simsec/sec=1.00011   ev/simsec=186.59
     Messages:  created: 18026   present: 28   in FES: 6
** Event #144640   t=653.34394052488   Elapsed: 653.159s (10m 53s)  10% completed  (10% total)
     Speed:     ev/sec=186.277   simsec/sec=0.999949   ev/simsec=186.286
     Messages:  created: 18089   present: 25   in FES: 6
** Event #145152   t=656.266408298526   Elapsed: 656.082s (10m 56s)  10% completed  (10% total)
     Speed:     ev/sec=175.195   simsec/sec=1   ev/simsec=175.194
     Messages:  created: 18147   present: 9   in FES: 6
** Event #145664   t=659.071496002472   Elapsed: 658.887s (10m 58s)  10% completed  (10% total)
     Speed:     ev/sec=182.53   simsec/sec=1.00002   ev/simsec=182.525
     Messages:  created: 18211   present: 9   in FES: 6
** Event #146432   t=661.897302424935   Elapsed: 661.713s (11m 01s)  10% completed  (10% total)
     Speed:     ev/sec=271.787   simsec/sec=1.00002   ev/simsec=271.781
     Messages:  created: 18333   present: 78   in FES: 6
** Event #146944   t=664.564539914711   Elapsed: 664.38s (11m 04s)  10% completed  (10% total)
     Speed:     ev/sec=191.95   simsec/sec=0.999953   ev/simsec=191.959
     Messages:  created: 18394   present: 70   in FES: 6
** Event #147456   t=667.181779326266   Elapsed: 666.997s (11m 06s)  10% completed  (10% total)
     Speed:     ev/sec=195.63   simsec/sec=1.00002   ev/simsec=195.626
     Messages:  created: 18453   present: 61   in FES: 6
** Event #147968   t=669.69699998998   Elapsed: 669.529s (11m 09s)  10% completed  (10% total)
     Speed:     ev/sec=202.258   simsec/sec=0.9936   ev/simsec=203.561
     Messages:  created: 18513   present: 50   in FES: 5
** Event #148480   t=671.989634351412   Elapsed: 671.805s (11m 11s)  10% completed  (10% total)
     Speed:     ev/sec=224.918   simsec/sec=1.00714   ev/simsec=223.324
     Messages:  created: 18582   present: 62   in FES: 6
** Event #148992   t=674.642548884465   Elapsed: 674.458s (11m 14s)  10% completed  (10% total)
     Speed:     ev/sec=192.995   simsec/sec=1   ev/simsec=192.995
     Messages:  created: 18651   present: 77   in FES: 6
** Event #149504   t=677.346105824981   Elapsed: 677.162s (11m 17s)  10% completed  (10% total)
     Speed:     ev/sec=189.371   simsec/sec=0.999951   ev/simsec=189.38
     Messages:  created: 18717   present: 81   in FES: 6
** Event #150016   t=679.666084529645   Elapsed: 679.482s (11m 19s)  10% completed  (10% total)
     Speed:     ev/sec=220.691   simsec/sec=0.999995   ev/simsec=220.692
     Messages:  created: 18786   present: 95   in FES: 6
** Event #150528   t=681.885362784883   Elapsed: 681.701s (11m 21s)  10% completed  (10% total)
     Speed:     ev/sec=230.703   simsec/sec=0.999989   ev/simsec=230.706
     Messages:  created: 18852   present: 101   in FES: 6
** Event #151040   t=684.895129054665   Elapsed: 684.711s (11m 24s)  10% completed  (10% total)
     Speed:     ev/sec=170.117   simsec/sec=1.00002   ev/simsec=170.113
     Messages:  created: 18910   present: 85   in FES: 6
** Event #151552   t=688.063379112728   Elapsed: 687.879s (11m 27s)  10% completed  (10% total)
     Speed:     ev/sec=161.602   simsec/sec=0.99999   ev/simsec=161.603
     Messages:  created: 18966   present: 63   in FES: 6
** Event #152064   t=692.111409981163   Elapsed: 691.927s (11m 31s)  10% completed  (10% total)
     Speed:     ev/sec=126.478   simsec/sec=0.999977   ev/simsec=126.481
     Messages:  created: 19009   present: 7   in FES: 5
** Event #152576   t=694.869839961569   Elapsed: 694.691s (11m 34s)  11% completed  (11% total)
     Speed:     ev/sec=185.253   simsec/sec=0.998063   ev/simsec=185.613
     Messages:  created: 19077   present: 18   in FES: 5
** Event #153088   t=697.094270974865   Elapsed: 696.91s (11m 36s)  11% completed  (11% total)
     Speed:     ev/sec=230.75   simsec/sec=1.00252   ev/simsec=230.171
     Messages:  created: 19154   present: 55   in FES: 6
** Event #153600   t=699.840403453095   Elapsed: 699.669s (11m 39s)  11% completed  (11% total)
     Speed:     ev/sec=185.579   simsec/sec=0.995359   ev/simsec=186.444
     Messages:  created: 19217   present: 53   in FES: 5
** Event #154112   t=701.957107210737   Elapsed: 701.773s (11m 41s)  11% completed  (11% total)
     Speed:     ev/sec=243.355   simsec/sec=1.00607   ev/simsec=241.886
     Messages:  created: 19286   present: 65   in FES: 6
** Event #154624   t=704.694737483965   Elapsed: 704.51s (11m 44s)  11% completed  (11% total)
     Speed:     ev/sec=187.024   simsec/sec=1   ev/simsec=187.023
     Messages:  created: 19353   present: 75   in FES: 6
** Event #155136   t=707.793299331843   Elapsed: 707.609s (11m 47s)  11% completed  (11% total)
     Speed:     ev/sec=165.24   simsec/sec=1.00001   ev/simsec=165.238
     Messages:  created: 19413   present: 64   in FES: 6
** Event #155648   t=710.849049125999   Elapsed: 710.665s (11m 50s)  11% completed  (11% total)
     Speed:     ev/sec=167.546   simsec/sec=0.999959   ev/simsec=167.553
     Messages:  created: 19456   present: 7   in FES: 5
** Event #156160   t=713.592279826409   Elapsed: 713.408s (11m 53s)  11% completed  (11% total)
     Speed:     ev/sec=186.649   simsec/sec=1.00004   ev/simsec=186.641
     Messages:  created: 19526   present: 24   in FES: 6
** Event #156672   t=716.515296493323   Elapsed: 716.331s (11m 56s)  11% completed  (11% total)
     Speed:     ev/sec=175.156   simsec/sec=0.999967   ev/simsec=175.162
     Messages:  created: 19586   present: 12   in FES: 6
** Event #157184   t=719.153629699728   Elapsed: 718.969s (11m 58s)  11% completed  (11% total)
     Speed:     ev/sec=194.047   simsec/sec=0.999924   ev/simsec=194.062
     Messages:  created: 19651   present: 15   in FES: 6
** Event #157696   t=722.364059526903   Elapsed: 722.18s (12m 02s)  11% completed  (11% total)
     Speed:     ev/sec=159.488   simsec/sec=1.00005   ev/simsec=159.48
     Messages:  created: 19712   present: 9   in FES: 6
** Event #158208   t=725.227012004775   Elapsed: 725.068s (12m 05s)  11% completed  (11% total)
     Speed:     ev/sec=177.272   simsec/sec=0.991253   ev/simsec=178.836
     Messages:  created: 19775   present: 6   in FES: 4
** Event #158720   t=728.480619772441   Elapsed: 728.296s (12m 08s)  11% completed  (11% total)
     Speed:     ev/sec=158.594   simsec/sec=1.00782   ev/simsec=157.364
     Messages:  created: 19839   present: 8   in FES: 6
** Event #159232   t=731.413950997911   Elapsed: 731.23s (12m 11s)  11% completed  (11% total)
     Speed:     ev/sec=174.541   simsec/sec=0.999976   ev/simsec=174.546
     Messages:  created: 19906   present: 16   in FES: 6
** Event #159744   t=734.104153117495   Elapsed: 733.948s (12m 13s)  11% completed  (11% total)
     Speed:     ev/sec=188.378   simsec/sec=0.989793   ev/simsec=190.32
     Messages:  created: 19976   present: 33   in FES: 5
** Event #160256   t=736.565508937088   Elapsed: 736.381s (12m 16s)  11% completed  (11% total)
     Speed:     ev/sec=210.398   simsec/sec=1.01145   ev/simsec=208.015
     Messages:  created: 20049   present: 56   in FES: 6
** Event #160768   t=738.6058379841   Elapsed: 738.421s (12m 18s)  11% completed  (11% total)
     Speed:     ev/sec=250.952   simsec/sec=1.00005   ev/simsec=250.94
     Messages:  created: 20118   present: 71   in FES: 6
** Event #161536   t=741.428905343165   Elapsed: 741.244s (12m 21s)  11% completed  (11% total)
     Speed:     ev/sec=272.036   simsec/sec=0.999969   ev/simsec=272.045
     Messages:  created: 20241   present: 133   in FES: 6
** Event #162048   t=743.559030908618   Elapsed: 743.375s (12m 23s)  11% completed  (11% total)
     Speed:     ev/sec=240.353   simsec/sec=0.999963   ev/simsec=240.361
     Messages:  created: 20319   present: 162   in FES: 6
** Event #162560   t=745.861491448442   Elapsed: 745.677s (12m 25s)  11% completed  (11% total)
     Speed:     ev/sec=222.375   simsec/sec=1.00002   ev/simsec=222.371
     Messages:  created: 20399   present: 194   in FES: 6
** Event #163072   t=747.992777336788   Elapsed: 747.808s (12m 27s)  11% completed  (11% total)
     Speed:     ev/sec=240.233   simsec/sec=1.00001   ev/simsec=240.231
     Messages:  created: 20478   present: 224   in FES: 6
** Event #163584   t=750.51603707121   Elapsed: 750.331s (12m 30s)  11% completed  (11% total)
     Speed:     ev/sec=202.917   simsec/sec=1.00002   ev/simsec=202.912
     Messages:  created: 20550   present: 239   in FES: 6
** Event #164096   t=752.951998744558   Elapsed: 752.768s (12m 32s)  11% completed  (11% total)
     Speed:     ev/sec=210.179   simsec/sec=0.999976   ev/simsec=210.184
     Messages:  created: 20623   present: 257   in FES: 6
** Event #164608   t=755.343439709112   Elapsed: 755.159s (12m 35s)  11% completed  (11% total)
     Speed:     ev/sec=214.099   simsec/sec=1.00001   ev/simsec=214.097
     Messages:  created: 20677   present: 238   in FES: 6
** Event #165120   t=757.428754138206   Elapsed: 757.244s (12m 37s)  12% completed  (12% total)
     Speed:     ev/sec=245.514   simsec/sec=0.999951   ev/simsec=245.527
     Messages:  created: 20751   present: 259   in FES: 7
** Event #165632   t=759.522113282227   Elapsed: 759.338s (12m 39s)  12% completed  (12% total)
     Speed:     ev/sec=244.588   simsec/sec=1.00002   ev/simsec=244.583
     Messages:  created: 20816   present: 260   in FES: 7
** Event #166144   t=762.325224836031   Elapsed: 762.141s (12m 42s)  12% completed  (12% total)
     Speed:     ev/sec=182.661   simsec/sec=1.00004   ev/simsec=182.654
     Messages:  created: 20873   present: 247   in FES: 7
** Event #166656   t=765.536513181141   Elapsed: 765.352s (12m 45s)  12% completed  (12% total)
     Speed:     ev/sec=159.423   simsec/sec=0.999909   ev/simsec=159.438
     Messages:  created: 20920   present: 213   in FES: 7
** Event #167168   t=768.788775705527   Elapsed: 768.604s (12m 48s)  12% completed  (12% total)
     Speed:     ev/sec=157.438   simsec/sec=1.00006   ev/simsec=157.429
     Messages:  created: 20960   present: 165   in FES: 7
** Event #167680   t=771.886735343661   Elapsed: 771.702s (12m 51s)  12% completed  (12% total)
     Speed:     ev/sec=165.28   simsec/sec=1.00006   ev/simsec=165.27
     Messages:  created: 21008   present: 133   in FES: 7
** Event #168192   t=774.805131424038   Elapsed: 774.621s (12m 54s)  12% completed  (12% total)
     Speed:     ev/sec=175.433   simsec/sec=0.999965   ev/simsec=175.439
     Messages:  created: 21059   present: 105   in FES: 7
** Event #168704   t=777.378991173543   Elapsed: 777.195s (12m 57s)  12% completed  (12% total)
     Speed:     ev/sec=198.91   simsec/sec=0.999935   ev/simsec=198.923
     Messages:  created: 21128   present: 116   in FES: 7
** Event #169216   t=779.963270889472   Elapsed: 779.779s (12m 59s)  12% completed  (12% total)
     Speed:     ev/sec=198.131   simsec/sec=1.00005   ev/simsec=198.121
     Messages:  created: 21195   present: 123   in FES: 7
** Event #169728   t=783.120509561122   Elapsed: 782.936s (13m 02s)  12% completed  (12% total)
     Speed:     ev/sec=162.171   simsec/sec=1.00002   ev/simsec=162.167
     Messages:  created: 21243   present: 86   in FES: 7
** Event #170240   t=785.615073468714   Elapsed: 785.439s (13m 05s)  12% completed  (12% total)
     Speed:     ev/sec=204.566   simsec/sec=0.996684   ev/simsec=205.246
     Messages:  created: 21311   present: 96   in FES: 6
** Event #170752   t=788.102176282542   Elapsed: 787.918s (13m 07s)  12% completed  (12% total)
     Speed:     ev/sec=206.543   simsec/sec=1.00331   ev/simsec=205.862
     Messages:  created: 21382   present: 116   in FES: 7
** Event #171264   t=790.639528168905   Elapsed: 790.479s (13m 10s)  12% completed  (12% total)
     Speed:     ev/sec=199.875   simsec/sec=0.990534   ev/simsec=201.785
     Messages:  created: 21442   present: 107   in FES: 6
** Event #171776   t=792.84781974174   Elapsed: 792.663s (13m 12s)  12% completed  (12% total)
     Speed:     ev/sec=234.44   simsec/sec=1.01116   ev/simsec=231.853
     Messages:  created: 21519   present: 134   in FES: 7
** Event #172288   t=795.1660569199   Elapsed: 794.982s (13m 14s)  12% completed  (12% total)
     Speed:     ev/sec=220.847   simsec/sec=0.999951   ev/simsec=220.857
     Messages:  created: 21591   present: 150   in FES: 7
** Event #172800   t=797.900687072362   Elapsed: 797.716s (13m 17s)  12% completed  (12% total)
     Speed:     ev/sec=187.22   simsec/sec=0.999955   ev/simsec=187.228
     Messages:  created: 21638   present: 116   in FES: 7
** Event #173312   t=801.076359581051   Elapsed: 800.892s (13m 20s)  12% completed  (12% total)
     Speed:     ev/sec=161.229   simsec/sec=1.00002   ev/simsec=161.226
     Messages:  created: 21688   present: 81   in FES: 7
** Event #173824   t=803.555526608785   Elapsed: 803.371s (13m 23s)  12% completed  (12% total)
     Speed:     ev/sec=206.535   simsec/sec=1.00007   ev/simsec=206.521
     Messages:  created: 21745   present: 62   in FES: 7
** Event #174336   t=806.146413800604   Elapsed: 806.018s (13m 26s)  12% completed  (12% total)
     Speed:     ev/sec=193.42   simsec/sec=0.978769   ev/simsec=197.616
     Messages:  created: 21790   present: 11   in FES: 6
** Event #174592   t=809.697140157996   Elapsed: 809.534s (13m 29s)  12% completed  (12% total)
     Speed:     ev/sec=72.8192   simsec/sec=1.01   ev/simsec=72.0979
     Messages:  created: 21822   present: 11   in FES: 6
** Event #175104   t=812.475349760323   Elapsed: 812.291s (13m 32s)  12% completed  (12% total)
     Speed:     ev/sec=185.686   simsec/sec=1.00757   ev/simsec=184.291
     Messages:  created: 21894   present: 31   in FES: 7
** Event #175616   t=814.772995437711   Elapsed: 814.589s (13m 34s)  12% completed  (12% total)
     Speed:     ev/sec=222.839   simsec/sec=1.00001   ev/simsec=222.837
     Messages:  created: 21957   present: 29   in FES: 7
** Event #176128   t=818.913564260503   Elapsed: 818.739s (13m 38s)  12% completed  (12% total)
     Speed:     ev/sec=123.361   simsec/sec=0.997625   ev/simsec=123.655
     Messages:  created: 22012   present: 8   in FES: 5
** Event #176384   t=820.933243617163   Elapsed: 820.749s (13m 40s)  13% completed  (13% total)
     Speed:     ev/sec=127.376   simsec/sec=1.00492   ev/simsec=126.753
     Messages:  created: 22045   present: 10   in FES: 7
** Event #176896   t=822.986596318397   Elapsed: 822.802s (13m 42s)  13% completed  (13% total)
     Speed:     ev/sec=249.356   simsec/sec=1.00003   ev/simsec=249.348
     Messages:  created: 22110   present: 13   in FES: 6
** Event #177408   t=826.01502472237   Elapsed: 825.831s (13m 45s)  13% completed  (13% total)
     Speed:     ev/sec=169.059   simsec/sec=0.999969   ev/simsec=169.065
     Messages:  created: 22173   present: 11   in FES: 6
** Event #177920   t=829.128860178122   Elapsed: 828.944s (13m 48s)  13% completed  (13% total)
     Speed:     ev/sec=164.434   simsec/sec=1.00004   ev/simsec=164.427
     Messages:  created: 22237   present: 10   in FES: 7
** Event #178432   t=831.763331970459   Elapsed: 831.582s (13m 51s)  13% completed  (13% total)
     Speed:     ev/sec=194.109   simsec/sec=0.998778   ev/simsec=194.346
     Messages:  created: 22303   present: 16   in FES: 6
** Event #178944   t=834.406416079737   Elapsed: 834.222s (13m 54s)  13% completed  (13% total)
     Speed:     ev/sec=193.95   simsec/sec=1.00123   ev/simsec=193.713
     Messages:  created: 22366   present: 13   in FES: 7
** Event #179712   t=837.967321189989   Elapsed: 837.786s (13m 57s)  13% completed  (13% total)
     Speed:     ev/sec=215.45   simsec/sec=0.998954   ev/simsec=215.676
     Messages:  created: 22460   present: 8   in FES: 5
** Event #180224   t=841.529900917429   Elapsed: 841.346s (14m 01s)  13% completed  (13% total)
     Speed:     ev/sec=143.858   simsec/sec=1.00099   ev/simsec=143.716
     Messages:  created: 22524   present: 8   in FES: 5
** Event #180736   t=844.459910254688   Elapsed: 844.275s (14m 04s)  13% completed  (13% total)
     Speed:     ev/sec=174.745   simsec/sec=1.00001   ev/simsec=174.743
     Messages:  created: 22589   present: 11   in FES: 7
** Event #180992   t=846.959339   Elapsed: 846.891s (14m 06s)  13% completed  (13% total)
     Speed:     ev/sec=97.8907   simsec/sec=0.955745   ev/simsec=102.423
     Messages:  created: 22618   present: 7   in FES: 4
** Event #181504   t=852.614866077116   Elapsed: 852.43s (14m 12s)  13% completed  (13% total)
     Speed:     ev/sec=92.4219   simsec/sec=1.02089   ev/simsec=90.5309
     Messages:  created: 22683   present: 9   in FES: 6
** Event #182016   t=855.999629872111   Elapsed: 855.943s (14m 15s)  13% completed  (13% total)
     Speed:     ev/sec=145.764   simsec/sec=0.963629   ev/simsec=151.266
     Messages:  created: 22746   present: 7   in FES: 4
** Event #182528   t=858.843904554836   Elapsed: 858.659s (14m 18s)  13% completed  (13% total)
     Speed:     ev/sec=188.484   simsec/sec=1.04707   ev/simsec=180.011
     Messages:  created: 22812   present: 11   in FES: 7
** Event #183296   t=861.580438594399   Elapsed: 861.396s (14m 21s)  13% completed  (13% total)
     Speed:     ev/sec=280.658   simsec/sec=1.00004   ev/simsec=280.647
     Messages:  created: 22907   present: 9   in FES: 6
** Event #184064   t=864.306016092886   Elapsed: 864.146s (14m 24s)  13% completed  (13% total)
     Speed:     ev/sec=279.289   simsec/sec=0.991176   ev/simsec=281.775
     Messages:  created: 23008   present: 23   in FES: 6
** Event #184832   t=866.734902475175   Elapsed: 866.55s (14m 26s)  13% completed  (13% total)
     Speed:     ev/sec=319.39   simsec/sec=1.01011   ev/simsec=316.194
     Messages:  created: 23100   present: 11   in FES: 7
** Event #185344   t=869.198840044788   Elapsed: 869.014s (14m 29s)  13% completed  (13% total)
     Speed:     ev/sec=207.792   simsec/sec=0.999974   ev/simsec=207.797
     Messages:  created: 23164   present: 11   in FES: 7
** Event #185856   t=871.477113141079   Elapsed: 871.351s (14m 31s)  13% completed  (13% total)
     Speed:     ev/sec=219.087   simsec/sec=0.974882   ev/simsec=224.732
     Messages:  created: 23226   present: 7   in FES: 4
** Event #186112   t=873.584798249071   Elapsed: 873.422s (14m 33s)  13% completed  (13% total)
     Speed:     ev/sec=123.607   simsec/sec=1.01768   ev/simsec=121.46
     Messages:  created: 23258   present: 7   in FES: 4
** Event #186624   t=876.339929578629   Elapsed: 876.155s (14m 36s)  13% completed  (13% total)
     Speed:     ev/sec=187.337   simsec/sec=1.00808   ev/simsec=185.835
     Messages:  created: 23321   present: 8   in FES: 5
** Event #187392   t=879.575696907551   Elapsed: 879.391s (14m 39s)  13% completed  (13% total)
     Speed:     ev/sec=237.345   simsec/sec=0.99999   ev/simsec=237.347
     Messages:  created: 23417   present: 8   in FES: 5
** Event #188160   t=882.352140902611   Elapsed: 882.168s (14m 42s)  14% completed  (14% total)
     Speed:     ev/sec=276.606   simsec/sec=0.999976   ev/simsec=276.613
     Messages:  created: 23514   present: 9   in FES: 6
** Event #188672   t=885.852547187976   Elapsed: 885.668s (14m 45s)  14% completed  (14% total)
     Speed:     ev/sec=146.271   simsec/sec=1.00001   ev/simsec=146.269
     Messages:  created: 23578   present: 10   in FES: 7
** Event #188928   t=888.175893459182   Elapsed: 887.991s (14m 47s)  14% completed  (14% total)
     Speed:     ev/sec=110.179   simsec/sec=0.99994   ev/simsec=110.186
     Messages:  created: 23610   present: 9   in FES: 6
** Event #189184   t=890.206939175437   Elapsed: 890.022s (14m 50s)  14% completed  (14% total)
     Speed:     ev/sec=126.057   simsec/sec=1.00011   ev/simsec=126.043
     Messages:  created: 23642   present: 9   in FES: 6
** Event #189440   t=892.760024369852   Elapsed: 892.575s (14m 52s)  14% completed  (14% total)
     Speed:     ev/sec=100.272   simsec/sec=1.00001   ev/simsec=100.271
     Messages:  created: 23673   present: 8   in FES: 5
** Event #189696   t=895.787875846214   Elapsed: 895.603s (14m 55s)  14% completed  (14% total)
     Speed:     ev/sec=84.5438   simsec/sec=0.999946   ev/simsec=84.5484
     Messages:  created: 23705   present: 8   in FES: 5
** Event #189952   t=897.825758833149   Elapsed: 897.641s (14m 57s)  14% completed  (14% total)
     Speed:     ev/sec=125.628   simsec/sec=1.00006   ev/simsec=125.621
     Messages:  created: 23737   present: 8   in FES: 5
** Event #190208   t=900   Elapsed: 899.862s (14m 59s)  14% completed  (14% total)
     Speed:     ev/sec=115.273   simsec/sec=0.979026   ev/simsec=117.742
     Messages:  created: 23771   present: 14   in FES: 6
** Event #190720   t=903.938793996013   Elapsed: 903.754s (15m 03s)  14% completed  (14% total)
     Speed:     ev/sec=131.539   simsec/sec=1.01192   ev/simsec=129.989
     Messages:  created: 23833   present: 9   in FES: 6
** Event #190976   t=906.058716077827   Elapsed: 905.874s (15m 05s)  14% completed  (14% total)
     Speed:     ev/sec=120.759   simsec/sec=1   ev/simsec=120.759
     Messages:  created: 23864   present: 9   in FES: 6
** Event #191488   t=909.117335100238   Elapsed: 908.933s (15m 08s)  14% completed  (14% total)
     Speed:     ev/sec=167.4   simsec/sec=1.00003   ev/simsec=167.396
     Messages:  created: 23928   present: 8   in FES: 5
** Event #192000   t=912.200516845033   Elapsed: 912.016s (15m 12s)  14% completed  (14% total)
     Speed:     ev/sec=166.058   simsec/sec=0.999976   ev/simsec=166.062
     Messages:  created: 23994   present: 10   in FES: 6
** Event #192512   t=914.932041912918   Elapsed: 914.748s (15m 14s)  14% completed  (14% total)
     Speed:     ev/sec=187.439   simsec/sec=0.999988   ev/simsec=187.441
     Messages:  created: 24064   present: 25   in FES: 6
** Event #193024   t=918.421231077744   Elapsed: 918.237s (15m 18s)  14% completed  (14% total)
     Speed:     ev/sec=146.746   simsec/sec=1.00005   ev/simsec=146.739
     Messages:  created: 24122   present: 8   in FES: 6
** Event #193280   t=920.668769894095   Elapsed: 920.484s (15m 20s)  14% completed  (14% total)
     Speed:     ev/sec=113.895   simsec/sec=0.999933   ev/simsec=113.902
     Messages:  created: 24154   present: 8   in FES: 6
** Event #193792   t=924.389769962519   Elapsed: 924.205s (15m 24s)  14% completed  (14% total)
     Speed:     ev/sec=137.601   simsec/sec=1.00002   ev/simsec=137.597
     Messages:  created: 24218   present: 10   in FES: 6
** Event #194304   t=926.56042306021   Elapsed: 926.377s (15m 26s)  14% completed  (14% total)
     Speed:     ev/sec=235.8   simsec/sec=0.999689   ev/simsec=235.874
     Messages:  created: 24289   present: 28   in FES: 5
** Event #194816   t=929.564133077276   Elapsed: 929.38s (15m 29s)  14% completed  (14% total)
     Speed:     ev/sec=170.492   simsec/sec=1.00021   ev/simsec=170.456
     Messages:  created: 24349   present: 17   in FES: 6
** Event #195328   t=932.244739233961   Elapsed: 932.06s (15m 32s)  14% completed  (14% total)
     Speed:     ev/sec=191.013   simsec/sec=1.00006   ev/simsec=191.002
     Messages:  created: 24409   present: 7   in FES: 5
** Event #195840   t=934.355767626723   Elapsed: 934.171s (15m 34s)  14% completed  (14% total)
     Speed:     ev/sec=242.537   simsec/sec=1.00001   ev/simsec=242.536
     Messages:  created: 24482   present: 31   in FES: 6
** Event #196352   t=936.693159778791   Elapsed: 936.509s (15m 36s)  14% completed  (14% total)
     Speed:     ev/sec=219.049   simsec/sec=1   ev/simsec=219.048
     Messages:  created: 24547   present: 35   in FES: 6
** Event #196864   t=939.692102464428   Elapsed: 939.508s (15m 39s)  14% completed  (14% total)
     Speed:     ev/sec=170.718   simsec/sec=0.99995   ev/simsec=170.727
     Messages:  created: 24601   present: 9   in FES: 6
** Event #197376   t=942.923260114737   Elapsed: 942.739s (15m 42s)  14% completed  (14% total)
     Speed:     ev/sec=158.461   simsec/sec=1.00002   ev/simsec=158.457
     Messages:  created: 24667   present: 14   in FES: 6
** Event #197888   t=945.908962542639   Elapsed: 945.73s (15m 45s)  15% completed  (15% total)
     Speed:     ev/sec=171.156   simsec/sec=0.998087   ev/simsec=171.484
     Messages:  created: 24728   present: 7   in FES: 5
** Event #198400   t=948.179148180322   Elapsed: 947.995s (15m 47s)  15% completed  (15% total)
     Speed:     ev/sec=226.095   simsec/sec=1.0025   ev/simsec=225.532
     Messages:  created: 24800   present: 27   in FES: 6
** Event #198912   t=950.833198826889   Elapsed: 950.658s (15m 50s)  15% completed  (15% total)
     Speed:     ev/sec=192.242   simsec/sec=0.996522   ev/simsec=192.913
     Messages:  created: 24868   present: 39   in FES: 5
** Event #199424   t=953.542784160985   Elapsed: 953.358s (15m 53s)  15% completed  (15% total)
     Speed:     ev/sec=189.612   simsec/sec=1.00346   ev/simsec=188.959
     Messages:  created: 24924   present: 18   in FES: 6
** Event #199936   t=955.89968464164   Elapsed: 955.764s (15m 55s)  15% completed  (15% total)
     Speed:     ev/sec=212.845   simsec/sec=0.979794   ev/simsec=217.234
     Messages:  created: 24990   present: 23   in FES: 5
** Event #200448   t=958.420122369187   Elapsed: 958.279s (15m 58s)  15% completed  (15% total)
     Speed:     ev/sec=203.545   simsec/sec=1.002   ev/simsec=203.139
     Messages:  created: 25054   present: 23   in FES: 5
** Event #200960   t=961.085056614642   Elapsed: 960.901s (16m 00s)  15% completed  (15% total)
     Speed:     ev/sec=195.314   simsec/sec=1.0166   ev/simsec=192.125
     Messages:  created: 25113   present: 11   in FES: 6
** Event #201472   t=963.398375494957   Elapsed: 963.221s (16m 03s)  15% completed  (15% total)
     Speed:     ev/sec=220.629   simsec/sec=0.996847   ev/simsec=221.327
     Messages:  created: 25179   present: 16   in FES: 5
** Event #201984   t=966.299782510991   Elapsed: 966.115s (16m 06s)  15% completed  (15% total)
     Speed:     ev/sec=176.915   simsec/sec=1.00254   ev/simsec=176.466
     Messages:  created: 25239   present: 8   in FES: 6
** Event #202496   t=970.169837178592   Elapsed: 969.985s (16m 09s)  15% completed  (15% total)
     Speed:     ev/sec=132.299   simsec/sec=1.00001   ev/simsec=132.298
     Messages:  created: 25303   present: 7   in FES: 5
** Event #202752   t=972.284007943155   Elapsed: 972.1s (16m 12s)  15% completed  (15% total)
     Speed:     ev/sec=121.082   simsec/sec=0.999951   ev/simsec=121.088
     Messages:  created: 25335   present: 9   in FES: 6
** Event #203008   t=974.677474275009   Elapsed: 974.505s (16m 14s)  15% completed  (15% total)
     Speed:     ev/sec=106.445   simsec/sec=0.995201   ev/simsec=106.958
     Messages:  created: 25368   present: 11   in FES: 5
** Event #203520   t=978.344055288329   Elapsed: 978.159s (16m 18s)  15% completed  (15% total)
     Speed:     ev/sec=140.084   simsec/sec=1.00318   ev/simsec=139.64
     Messages:  created: 25431   present: 7   in FES: 5
** Event #204032   t=981.656013100128   Elapsed: 981.471s (16m 21s)  15% completed  (15% total)
     Speed:     ev/sec=154.591   simsec/sec=0.999998   ev/simsec=154.591
     Messages:  created: 25495   present: 9   in FES: 6
** Event #204288   t=983.753385057886   Elapsed: 983.569s (16m 23s)  15% completed  (15% total)
     Speed:     ev/sec=122.045   simsec/sec=0.999897   ev/simsec=122.058
     Messages:  created: 25528   present: 10   in FES: 6
** Event #204544   t=985.813824681593   Elapsed: 985.629s (16m 25s)  15% completed  (15% total)
     Speed:     ev/sec=124.257   simsec/sec=1.00009   ev/simsec=124.245
     Messages:  created: 25559   present: 9   in FES: 6
** Event #204800   t=988.633255680337   Elapsed: 988.463s (16m 28s)  15% completed  (15% total)
     Speed:     ev/sec=90.353   simsec/sec=0.995093   ev/simsec=90.7985
     Messages:  created: 25592   present: 11   in FES: 5
** Event #205312   t=991.007090317787   Elapsed: 990.823s (16m 30s)  15% completed  (15% total)
     Speed:     ev/sec=216.959   simsec/sec=1.00591   ev/simsec=215.685
     Messages:  created: 25663   present: 29   in FES: 6
** Event #206080   t=994.178299925666   Elapsed: 993.994s (16m 33s)  15% completed  (15% total)
     Speed:     ev/sec=242.173   simsec/sec=0.999977   ev/simsec=242.179
     Messages:  created: 25778   present: 80   in FES: 6
** Event #206592   t=996.702122700681   Elapsed: 996.518s (16m 36s)  15% completed  (15% total)
     Speed:     ev/sec=202.87   simsec/sec=1.00002   ev/simsec=202.867
     Messages:  created: 25842   present: 82   in FES: 6
** Event #207360   t=999.953291954174   Elapsed: 999.775s (16m 39s)  15% completed  (15% total)
     Speed:     ev/sec=235.773   simsec/sec=0.998095   ev/simsec=236.223
     Messages:  created: 25942   present: 94   in FES: 5
** Event #207872   t=1002.441107982448   Elapsed: 1002.27s (16m 42s)  15% completed  (15% total)
     Speed:     ev/sec=204.883   simsec/sec=0.995532   ev/simsec=205.803
     Messages:  created: 26015   present: 115   in FES: 5
** Event #208384   t=1004.600336119779   Elapsed: 1004.42s (16m 44s)  15% completed  (15% total)
     Speed:     ev/sec=238.073   simsec/sec=1.00401   ev/simsec=237.122
     Messages:  created: 26091   present: 139   in FES: 5
** Event #208896   t=1006.92666173952   Elapsed: 1006.79s (16m 46s)  15% completed  (15% total)
     Speed:     ev/sec=216.121   simsec/sec=0.98197   ev/simsec=220.09
     Messages:  created: 26156   present: 141   in FES: 5
** Event #209408   t=1009.759486875522   Elapsed: 1009.58s (16m 49s)  16% completed  (16% total)
     Speed:     ev/sec=183.713   simsec/sec=1.01646   ev/simsec=180.738
     Messages:  created: 26216   present: 133   in FES: 5
** Event #209920   t=1011.8128395246   Elapsed: 1011.68s (16m 51s)  16% completed  (16% total)
     Speed:     ev/sec=243.807   simsec/sec=0.977779   ev/simsec=249.348
     Messages:  created: 26289   present: 151   in FES: 5
** Event #210432   t=1014.296528775837   Elapsed: 1014.13s (16m 54s)  16% completed  (16% total)
     Speed:     ev/sec=208.89   simsec/sec=1.01331   ev/simsec=206.145
     Messages:  created: 26351   present: 147   in FES: 5
** Event #210944   t=1016.342208893483   Elapsed: 1016.16s (16m 56s)  16% completed  (16% total)
     Speed:     ev/sec=252.711   simsec/sec=1.0097   ev/simsec=250.284
     Messages:  created: 26423   present: 163   in FES: 5
** Event #211712   t=1018.987884437738   Elapsed: 1018.85s (16m 58s)  16% completed  (16% total)
     Speed:     ev/sec=285.217   simsec/sec=0.982543   ev/simsec=290.285
     Messages:  created: 26546   present: 217   in FES: 5
** Event #212224   t=1021.325491935843   Elapsed: 1021.14s (17m 01s)  16% completed  (16% total)
     Speed:     ev/sec=223.527   simsec/sec=1.02054   ev/simsec=219.027
     Messages:  created: 26611   present: 219   in FES: 6
** Event #212736   t=1023.951439633273   Elapsed: 1023.77s (17m 03s)  16% completed  (16% total)
     Speed:     ev/sec=194.969   simsec/sec=0.99996   ev/simsec=194.977
     Messages:  created: 26673   present: 216   in FES: 7
** Event #213248   t=1027.210266902848   Elapsed: 1027.04s (17m 07s)  16% completed  (16% total)
     Speed:     ev/sec=156.197   simsec/sec=0.994176   ev/simsec=157.112
     Messages:  created: 26718   present: 180   in FES: 5
** Event #213760   t=1030.29037737453   Elapsed: 1030.15s (17m 10s)  16% completed  (16% total)
     Speed:     ev/sec=165.005   simsec/sec=0.992642   ev/simsec=166.228
     Messages:  created: 26773   present: 162   in FES: 5
** Event #214272   t=1032.601280868214   Elapsed: 1032.46s (17m 12s)  16% completed  (16% total)
     Speed:     ev/sec=221.756   simsec/sec=1.00089   ev/simsec=221.558
     Messages:  created: 26841   present: 170   in FES: 5
** Event #214528   t=1034.746633573844   Elapsed: 1034.58s (17m 14s)  16% completed  (16% total)
     Speed:     ev/sec=120.636   simsec/sec=1.01096   ev/simsec=119.328
     Messages:  created: 26859   present: 142   in FES: 5
** Event #215040   t=1037.38754565856   Elapsed: 1037.21s (17m 17s)  16% completed  (16% total)
     Speed:     ev/sec=194.219   simsec/sec=1.00179   ev/simsec=193.872
     Messages:  created: 26913   present: 122   in FES: 5
** Event #215552   t=1040.611867948335   Elapsed: 1040.43s (17m 20s)  16% completed  (16% total)
     Speed:     ev/sec=159.378   simsec/sec=1.00369   ev/simsec=158.793
     Messages:  created: 26958   present: 77   in FES: 6
** Event #216064   t=1043.211922780409   Elapsed: 1043.03s (17m 23s)  16% completed  (16% total)
     Speed:     ev/sec=196.923   simsec/sec=1.00002   ev/simsec=196.919
     Messages:  created: 27023   present: 79   in FES: 6
** Event #216576   t=1046.413850105757   Elapsed: 1046.23s (17m 26s)  16% completed  (16% total)
     Speed:     ev/sec=159.906   simsec/sec=1.00001   ev/simsec=159.904
     Messages:  created: 27072   present: 38   in FES: 6
** Event #217088   t=1049.734985828923   Elapsed: 1049.55s (17m 29s)  16% completed  (16% total)
     Speed:     ev/sec=154.156   simsec/sec=0.999948   ev/simsec=154.164
     Messages:  created: 27124   present: 7   in FES: 5
** Event #217600   t=1053.12675375194   Elapsed: 1052.97s (17m 32s)  16% completed  (16% total)
     Speed:     ev/sec=149.884   simsec/sec=0.992915   ev/simsec=150.954
     Messages:  created: 27189   present: 10   in FES: 5
** Event #217856   t=1055.190268200718   Elapsed: 1055.01s (17m 35s)  16% completed  (16% total)
     Speed:     ev/sec=125.541   simsec/sec=1.01194   ev/simsec=124.06
     Messages:  created: 27220   present: 8   in FES: 6
** Event #218368   t=1058.491352382614   Elapsed: 1058.33s (17m 38s)  16% completed  (16% total)
     Speed:     ev/sec=154.014   simsec/sec=0.992995   ev/simsec=155.101
     Messages:  created: 27284   present: 8   in FES: 5
** Event #218624   t=1060.762460257875   Elapsed: 1060.58s (17m 40s)  16% completed  (16% total)
     Speed:     ev/sec=113.881   simsec/sec=1.0103   ev/simsec=112.72
     Messages:  created: 27318   present: 12   in FES: 7
** Event #218880   t=1063.296101126926   Elapsed: 1063.19s (17m 43s)  16% completed  (16% total)
     Speed:     ev/sec=97.9578   simsec/sec=0.969492   ev/simsec=101.04
     Messages:  created: 27348   present: 8   in FES: 5
** Event #219392   t=1066.895472830647   Elapsed: 1066.71s (17m 46s)  16% completed  (16% total)
     Speed:     ev/sec=145.43   simsec/sec=1.02238   ev/simsec=142.247
     Messages:  created: 27415   present: 16   in FES: 6
** Event #219904   t=1069.315280111385   Elapsed: 1069.13s (17m 49s)  16% completed  (16% total)
     Speed:     ev/sec=211.686   simsec/sec=1.00047   ev/simsec=211.587
     Messages:  created: 27480   present: 18   in FES: 7
** Event #220416   t=1071.826798943188   Elapsed: 1071.65s (17m 51s)  17% completed  (17% total)
     Speed:     ev/sec=203.415   simsec/sec=0.997812   ev/simsec=203.861
     Messages:  created: 27546   present: 24   in FES: 6
** Event #220928   t=1074.78800747623   Elapsed: 1074.6s (17m 54s)  17% completed  (17% total)
     Speed:     ev/sec=173.216   simsec/sec=1.00181   ev/simsec=172.902
     Messages:  created: 27606   present: 12   in FES: 7
** Event #221440   t=1077.737628090209   Elapsed: 1077.55s (17m 57s)  17% completed  (17% total)
     Speed:     ev/sec=173.581   simsec/sec=0.999998   ev/simsec=173.582
     Messages:  created: 27671   present: 15   in FES: 7
** Event #221952   t=1080.161896823441   Elapsed: 1079.98s (17m 59s)  17% completed  (17% total)
     Speed:     ev/sec=211.196   simsec/sec=0.999994   ev/simsec=211.198
     Messages:  created: 27741   present: 32   in FES: 7
** Event #222464   t=1083.144181616827   Elapsed: 1082.96s (18m 02s)  17% completed  (17% total)
     Speed:     ev/sec=171.684   simsec/sec=1.00002   ev/simsec=171.68
     Messages:  created: 27798   present: 14   in FES: 7
** Event #222976   t=1085.787170031954   Elapsed: 1085.6s (18m 05s)  17% completed  (17% total)
     Speed:     ev/sec=193.723   simsec/sec=1.00001   ev/simsec=193.72
     Messages:  created: 27866   present: 27   in FES: 7
** Event #223488   t=1088.13066317906   Elapsed: 1088.03s (18m 08s)  17% completed  (17% total)
     Speed:     ev/sec=210.693   simsec/sec=0.964372   ev/simsec=218.477
     Messages:  created: 27930   present: 28   in FES: 6
** Event #224000   t=1091.468639896688   Elapsed: 1091.31s (18m 11s)  17% completed  (17% total)
     Speed:     ev/sec=155.99   simsec/sec=1.01697   ev/simsec=153.386
     Messages:  created: 27988   present: 12   in FES: 6
** Event #224256   t=1093.928802749797   Elapsed: 1093.74s (18m 13s)  17% completed  (17% total)
     Speed:     ev/sec=105.379   simsec/sec=1.0127   ev/simsec=104.058
     Messages:  created: 28019   present: 9   in FES: 6
** Event #224768   t=1097.177457495882   Elapsed: 1096.99s (18m 16s)  17% completed  (17% total)
     Speed:     ev/sec=157.609   simsec/sec=1.00003   ev/simsec=157.604
     Messages:  created: 28083   present: 9   in FES: 6
** Event #225024   t=1099.735423837168   Elapsed: 1099.55s (18m 19s)  17% completed  (17% total)
     Speed:     ev/sec=100.071   simsec/sec=0.999911   ev/simsec=100.08
     Messages:  created: 28115   present: 9   in FES: 6
** Event #225280   t=1101.860158514815   Elapsed: 1101.68s (18m 21s)  17% completed  (17% total)
     Speed:     ev/sec=120.495   simsec/sec=1.00008   ev/simsec=120.486
     Messages:  created: 28147   present: 9   in FES: 6
** Event #225536   t=1105.444110286095   Elapsed: 1105.26s (18m 25s)  17% completed  (17% total)
     Speed:     ev/sec=71.4268   simsec/sec=0.999962   ev/simsec=71.4295
     Messages:  created: 28179   present: 9   in FES: 6
** Event #225792   t=1108.188377906238   Elapsed: 1108s (18m 28s)  17% completed  (17% total)
     Speed:     ev/sec=93.2889   simsec/sec=1.00004   ev/simsec=93.2854
     Messages:  created: 28213   present: 14   in FES: 7
** Event #226048   t=1110.788481000279   Elapsed: 1110.6s (18m 30s)  17% completed  (17% total)
     Speed:     ev/sec=98.4561   simsec/sec=0.999985   ev/simsec=98.4576
     Messages:  created: 28243   present: 9   in FES: 6
** Event #226304   t=1114.329246347256   Elapsed: 1114.14s (18m 34s)  17% completed  (17% total)
     Speed:     ev/sec=72.2999   simsec/sec=0.999988   ev/simsec=72.3008
     Messages:  created: 28275   present: 9   in FES: 6
** Event #226560   t=1116.61382497949   Elapsed: 1116.43s (18m 36s)  17% completed  (17% total)
     Speed:     ev/sec=112.062   simsec/sec=1.00005   ev/simsec=112.056
     Messages:  created: 28306   present: 8   in FES: 5
** Event #227072   t=1121.671147373236   Elapsed: 1121.49s (18m 41s)  17% completed  (17% total)
     Speed:     ev/sec=101.236   simsec/sec=0.999963   ev/simsec=101.239
     Messages:  created: 28370   present: 9   in FES: 6
** Event #227328   t=1124.875986663975   Elapsed: 1124.69s (18m 44s)  17% completed  (17% total)
     Speed:     ev/sec=79.8786   simsec/sec=0.999992   ev/simsec=79.8792
     Messages:  created: 28402   present: 9   in FES: 6
** Event #227840   t=1127.86906895362   Elapsed: 1127.68s (18m 47s)  17% completed  (17% total)
     Speed:     ev/sec=171.077   simsec/sec=1.00009   ev/simsec=171.061
     Messages:  created: 28466   present: 10   in FES: 6
** Event #228352   t=1131.016339555515   Elapsed: 1130.83s (18m 50s)  17% completed  (17% total)
     Speed:     ev/sec=162.671   simsec/sec=0.999943   ev/simsec=162.681
     Messages:  created: 28530   present: 10   in FES: 6
** Event #228608   t=1133.190731687846   Elapsed: 1133.01s (18m 53s)  17% completed  (17% total)
     Speed:     ev/sec=117.737   simsec/sec=1.00002   ev/simsec=117.734
     Messages:  created: 28562   present: 8   in FES: 5
** Event #228864   t=1135.572012017345   Elapsed: 1135.39s (18m 55s)  18% completed  (18% total)
     Speed:     ev/sec=107.497   simsec/sec=0.999926   ev/simsec=107.505
     Messages:  created: 28594   present: 9   in FES: 6
** Event #229120   t=1138.237587850244   Elapsed: 1138.05s (18m 58s)  18% completed  (18% total)
     Speed:     ev/sec=96.0469   simsec/sec=1.00008   ev/simsec=96.0393
     Messages:  created: 28626   present: 8   in FES: 5
** Event #229376   t=1141.730306995828   Elapsed: 1141.55s (19m 01s)  18% completed  (18% total)
     Speed:     ev/sec=73.2942   simsec/sec=0.999985   ev/simsec=73.2953
     Messages:  created: 28657   present: 8   in FES: 5
** Event #229632   t=1144.472675955762   Elapsed: 1144.29s (19m 04s)  18% completed  (18% total)
     Speed:     ev/sec=93.352   simsec/sec=1.00002   ev/simsec=93.3499
     Messages:  created: 28690   present: 9   in FES: 6
** Event #229888   t=1146.732162728571   Elapsed: 1146.55s (19m 06s)  18% completed  (18% total)
     Speed:     ev/sec=113.292   simsec/sec=0.999933   ev/simsec=113.3
     Messages:  created: 28720   present: 8   in FES: 5
** Event #230400   t=1149.461105968201   Elapsed: 1149.28s (19m 09s)  18% completed  (18% total)
     Speed:     ev/sec=187.615   simsec/sec=0.999981   ev/simsec=187.618
     Messages:  created: 28784   present: 8   in FES: 5
** Event #230912   t=1153.730138786379   Elapsed: 1153.55s (19m 13s)  18% completed  (18% total)
     Speed:     ev/sec=119.938   simsec/sec=1.00003   ev/simsec=119.933
     Messages:  created: 28848   present: 9   in FES: 6
** Event #231680   t=1156.496327986993   Elapsed: 1156.31s (19m 16s)  18% completed  (18% total)
     Speed:     ev/sec=277.648   simsec/sec=1.00003   ev/simsec=277.638
     Messages:  created: 28945   present: 10   in FES: 7
** Event #232448   t=1158.541043230606   Elapsed: 1158.36s (19m 18s)  18% completed  (18% total)
     Speed:     ev/sec=375.593   simsec/sec=0.999976   ev/simsec=375.602
     Messages:  created: 29040   present: 9   in FES: 6
** Event #232960   t=1162.066880205827   Elapsed: 1161.88s (19m 21s)  18% completed  (18% total)
     Speed:     ev/sec=145.213   simsec/sec=0.999993   ev/simsec=145.214
     Messages:  created: 29104   present: 8   in FES: 5
** Event #233472   t=1164.344074542431   Elapsed: 1164.16s (19m 24s)  18% completed  (18% total)
     Speed:     ev/sec=224.829   simsec/sec=0.999959   ev/simsec=224.838
     Messages:  created: 29170   present: 13   in FES: 7
** Event #233984   t=1166.636793105507   Elapsed: 1166.45s (19m 26s)  18% completed  (18% total)
     Speed:     ev/sec=223.302   simsec/sec=0.999938   ev/simsec=223.316
     Messages:  created: 29233   present: 10   in FES: 6
** Event #234496   t=1169.644513662698   Elapsed: 1169.46s (19m 29s)  18% completed  (18% total)
     Speed:     ev/sec=170.247   simsec/sec=1.00011   ev/simsec=170.229
     Messages:  created: 29297   present: 10   in FES: 7
** Event #235008   t=1172.331554004473   Elapsed: 1172.15s (19m 32s)  18% completed  (18% total)
     Speed:     ev/sec=190.532   simsec/sec=0.999934   ev/simsec=190.544
     Messages:  created: 29360   present: 9   in FES: 6
** Event #235520   t=1175.214193288863   Elapsed: 1175.03s (19m 35s)  18% completed  (18% total)
     Speed:     ev/sec=177.622   simsec/sec=1.00004   ev/simsec=177.615
     Messages:  created: 29424   present: 9   in FES: 6
** Event #236032   t=1178.173717523235   Elapsed: 1177.99s (19m 37s)  18% completed  (18% total)
     Speed:     ev/sec=173.009   simsec/sec=1.00005   ev/simsec=173.001
     Messages:  created: 29488   present: 11   in FES: 7
** Event #236544   t=1180.268289933653   Elapsed: 1180.09s (19m 40s)  18% completed  (18% total)
     Speed:     ev/sec=243.87   simsec/sec=0.997665   ev/simsec=244.441
     Messages:  created: 29551   present: 9   in FES: 6
** Event #237056   t=1182.683193261592   Elapsed: 1182.5s (19m 42s)  18% completed  (18% total)
     Speed:     ev/sec=212.434   simsec/sec=1.00197   ev/simsec=212.017
     Messages:  created: 29615   present: 8   in FES: 5
** Event #237568   t=1185.644499567982   Elapsed: 1185.46s (19m 45s)  18% completed  (18% total)
     Speed:     ev/sec=172.902   simsec/sec=1.00003   ev/simsec=172.897
     Messages:  created: 29680   present: 7   in FES: 5
** Event #238080   t=1189.01374479908   Elapsed: 1188.83s (19m 48s)  18% completed  (18% total)
     Speed:     ev/sec=151.843   simsec/sec=0.999209   ev/simsec=151.963
     Messages:  created: 29745   present: 9   in FES: 5
** Event #238592   t=1191.527000576206   Elapsed: 1191.34s (19m 51s)  18% completed  (18% total)
     Speed:     ev/sec=203.931   simsec/sec=1.00104   ev/simsec=203.72
     Messages:  created: 29810   present: 12   in FES: 6
** Event #238848   t=1194.592413901019   Elapsed: 1194.41s (19m 54s)  18% completed  (18% total)
     Speed:     ev/sec=83.5129   simsec/sec=1.00001   ev/simsec=83.5124
     Messages:  created: 29841   present: 8   in FES: 6
** Event #239104   t=1197.088167084851   Elapsed: 1196.9s (19m 56s)  19% completed  (19% total)
     Speed:     ev/sec=102.569   simsec/sec=0.999944   ev/simsec=102.574
     Messages:  created: 29875   present: 14   in FES: 6
** Event #239360   t=1199.59500772534   Elapsed: 1199.41s (19m 59s)  19% completed  (19% total)
     Speed:     ev/sec=102.126   simsec/sec=1.00005   ev/simsec=102.121
     Messages:  created: 29905   present: 8   in FES: 6
** Event #239616   t=1203.162106017663   Elapsed: 1202.98s (20m 02s)  19% completed  (19% total)
     Speed:     ev/sec=71.7666   simsec/sec=0.999994   ev/simsec=71.767
     Messages:  created: 29936   present: 7   in FES: 5
** Event #239872   t=1205.655107   Elapsed: 1205.47s (20m 05s)  19% completed  (19% total)
     Speed:     ev/sec=102.68   simsec/sec=0.999931   ev/simsec=102.687
     Messages:  created: 29968   present: 9   in FES: 6
** Event #240128   t=1209.11293313991   Elapsed: 1208.93s (20m 08s)  19% completed  (19% total)
     Speed:     ev/sec=74.0371   simsec/sec=1.00003   ev/simsec=74.035
     Messages:  created: 29999   present: 8   in FES: 6
** Event #240640   t=1213.410315454922   Elapsed: 1213.23s (20m 13s)  19% completed  (19% total)
     Speed:     ev/sec=119.142   simsec/sec=0.999995   ev/simsec=119.142
     Messages:  created: 30063   present: 7   in FES: 5
** Event #240896   t=1216.399350679942   Elapsed: 1216.21s (20m 16s)  19% completed  (19% total)
     Speed:     ev/sec=85.6499   simsec/sec=1.00004   ev/simsec=85.6464
     Messages:  created: 30095   present: 7   in FES: 5
** Event #241408   t=1219.322784527926   Elapsed: 1219.14s (20m 19s)  19% completed  (19% total)
     Speed:     ev/sec=174.922   simsec/sec=0.998777   ev/simsec=175.137
     Messages:  created: 30161   present: 13   in FES: 5
** Event #241664   t=1221.64671570778   Elapsed: 1221.46s (20m 21s)  19% completed  (19% total)
     Speed:     ev/sec=110.326   simsec/sec=1.00152   ev/simsec=110.158
     Messages:  created: 30191   present: 7   in FES: 5
** Event #242176   t=1224.20797594861   Elapsed: 1224.09s (20m 24s)  19% completed  (19% total)
     Speed:     ev/sec=195.086   simsec/sec=0.975913   ev/simsec=199.902
     Messages:  created: 30257   present: 13   in FES: 5
** Event #242432   t=1226.819923159506   Elapsed: 1226.64s (20m 26s)  19% completed  (19% total)
     Speed:     ev/sec=100.437   simsec/sec=1.02475   ev/simsec=98.0112
     Messages:  created: 30287   present: 7   in FES: 5
** Event #242688   t=1230.260215343655   Elapsed: 1230.08s (20m 30s)  19% completed  (19% total)
     Speed:     ev/sec=74.4128   simsec/sec=1.00001   ev/simsec=74.4123
     Messages:  created: 30319   present: 7   in FES: 5
** Event #242944   t=1232.873283983113   Elapsed: 1232.69s (20m 32s)  19% completed  (19% total)
     Speed:     ev/sec=97.9777   simsec/sec=1.00009   ev/simsec=97.9691
     Messages:  created: 30351   present: 8   in FES: 6
** Event #243456   t=1237.735858447783   Elapsed: 1237.55s (20m 37s)  19% completed  (19% total)
     Speed:     ev/sec=105.293   simsec/sec=0.999991   ev/simsec=105.294
     Messages:  created: 30414   present: 7   in FES: 5
** Event #243712   t=1239.747098665317   Elapsed: 1239.56s (20m 39s)  19% completed  (19% total)
     Speed:     ev/sec=127.277   simsec/sec=0.99994   ev/simsec=127.285
     Messages:  created: 30446   present: 7   in FES: 5
** Event #244224   t=1243.70353021478   Elapsed: 1243.52s (20m 43s)  19% completed  (19% total)
     Speed:     ev/sec=129.413   simsec/sec=1.00002   ev/simsec=129.41
     Messages:  created: 30510   present: 7   in FES: 5
** Event #244736   t=1248.187582480326   Elapsed: 1248s (20m 48s)  19% completed  (19% total)
     Speed:     ev/sec=114.178   simsec/sec=0.999963   ev/simsec=114.182
     Messages:  created: 30574   present: 7   in FES: 5
** Event #244992   t=1250.549124001719   Elapsed: 1250.36s (20m 50s)  19% completed  (19% total)
     Speed:     ev/sec=108.406   simsec/sec=1.00002   ev/simsec=108.404
     Messages:  created: 30607   present: 11   in FES: 6
** Event #245504   t=1252.755986221818   Elapsed: 1252.57s (20m 52s)  19% completed  (19% total)
     Speed:     ev/sec=232.006   simsec/sec=1.00001   ev/simsec=232.004
     Messages:  created: 30678   present: 29   in FES: 6
** Event #246016   t=1254.971492593133   Elapsed: 1254.79s (20m 54s)  19% completed  (19% total)
     Speed:     ev/sec=231.09   simsec/sec=0.999962   ev/simsec=231.098
     Messages:  created: 30753   present: 58   in FES: 6
** Event #246528   t=1257.374219842426   Elapsed: 1257.19s (20m 57s)  19% completed  (19% total)
     Speed:     ev/sec=213.114   simsec/sec=1.00011   ev/simsec=213.091
     Messages:  created: 30828   present: 87   in FES: 6
** Event #247040   t=1260.60724238559   Elapsed: 1260.44s (21m 00s)  20% completed  (20% total)
     Speed:     ev/sec=157.341   simsec/sec=0.993527   ev/simsec=158.366
     Messages:  created: 30874   present: 41   in FES: 5
** Event #247552   t=1263.835084990725   Elapsed: 1263.65s (21m 03s)  20% completed  (20% total)
     Speed:     ev/sec=159.658   simsec/sec=1.00655   ev/simsec=158.62
     Messages:  created: 30931   present: 23   in FES: 6
** Event #247808   t=1267.033176599019   Elapsed: 1266.85s (21m 06s)  20% completed  (20% total)
     Speed:     ev/sec=80.0441   simsec/sec=0.999955   ev/simsec=80.0477
     Messages:  created: 30957   present: 10   in FES: 6
** Event #248320   t=1271.124597101123   Elapsed: 1270.94s (21m 10s)  20% completed  (20% total)
     Speed:     ev/sec=125.145   simsec/sec=1.00004   ev/simsec=125.14
     Messages:  created: 31020   present: 7   in FES: 5
** Event #248576   t=1273.403968208304   Elapsed: 1273.22s (21m 13s)  20% completed  (20% total)
     Speed:     ev/sec=112.225   simsec/sec=0.999232   ev/simsec=112.312
     Messages:  created: 31054   present: 12   in FES: 5
** Event #249088   t=1276.892101642719   Elapsed: 1276.71s (21m 16s)  20% completed  (20% total)
     Speed:     ev/sec=146.856   simsec/sec=1.0005   ev/simsec=146.783
     Messages:  created: 31117   present: 10   in FES: 6
** Event #249600   t=1280.330920239523   Elapsed: 1280.15s (21m 20s)  20% completed  (20% total)
     Speed:     ev/sec=148.886   simsec/sec=0.999983   ev/simsec=148.888
     Messages:  created: 31183   present: 15   in FES: 6
** Event #250112   t=1283.540809161911   Elapsed: 1283.36s (21m 23s)  20% completed  (20% total)
     Speed:     ev/sec=159.509   simsec/sec=1.00001   ev/simsec=159.507
     Messages:  created: 31245   present: 9   in FES: 6
** Event #250368   t=1285.928426113755   Elapsed: 1285.74s (21m 25s)  20% completed  (20% total)
     Speed:     ev/sec=107.222   simsec/sec=1.00002   ev/simsec=107.22
     Messages:  created: 31276   present: 7   in FES: 5
** Event #250624   t=1288.039256170709   Elapsed: 1287.85s (21m 27s)  20% completed  (20% total)
     Speed:     ev/sec=121.278   simsec/sec=0.999991   ev/simsec=121.279
     Messages:  created: 31308   present: 7   in FES: 5
** Event #250880   t=1290.086005654097   Elapsed: 1289.9s (21m 29s)  20% completed  (20% total)
     Speed:     ev/sec=125.076   simsec/sec=0.999994   ev/simsec=125.076
     Messages:  created: 31340   present: 7   in FES: 5
** Event #251392   t=1293.44514484508   Elapsed: 1293.26s (21m 33s)  20% completed  (20% total)
     Speed:     ev/sec=152.419   simsec/sec=0.999991   ev/simsec=152.42
     Messages:  created: 31404   present: 7   in FES: 5
** Event #251904   t=1297.212466135805   Elapsed: 1297.03s (21m 37s)  20% completed  (20% total)
     Speed:     ev/sec=135.906   simsec/sec=1   ev/simsec=135.906
     Messages:  created: 31468   present: 9   in FES: 6
** Event #252416   t=1299.651979905722   Elapsed: 1299.49s (21m 39s)  20% completed  (20% total)
     Speed:     ev/sec=207.547   simsec/sec=0.988894   ev/simsec=209.878
     Messages:  created: 31537   present: 23   in FES: 5
** Event #252928   t=1302.976383728306   Elapsed: 1302.81s (21m 42s)  20% completed  (20% total)
     Speed:     ev/sec=154.399   simsec/sec=1.00251   ev/simsec=154.013
     Messages:  created: 31595   present: 7   in FES: 5
** Event #253184   t=1305.18693372272   Elapsed: 1305.04s (21m 45s)  20% completed  (20% total)
     Speed:     ev/sec=114.714   simsec/sec=0.99055   ev/simsec=115.808
     Messages:  created: 31627   present: 7   in FES: 5
** Event #253696   t=1308.170785252921   Elapsed: 1307.99s (21m 47s)  20% completed  (20% total)
     Speed:     ev/sec=173.933   simsec/sec=1.01365   ev/simsec=171.59
     Messages:  created: 31692   present: 10   in FES: 6
** Event #254208   t=1312.171406137487   Elapsed: 1312.02s (21m 52s)  20% completed  (20% total)
     Speed:     ev/sec=126.963   simsec/sec=0.992053   ev/simsec=127.98
     Messages:  created: 31755   present: 7   in FES: 5
** Event #254720   t=1316.306520156145   Elapsed: 1316.18s (21m 56s)  20% completed  (20% total)
     Speed:     ev/sec=122.913   simsec/sec=0.992693   ev/simsec=123.818
     Messages:  created: 31819   present: 7   in FES: 5
** Event #254976   t=1319.473562564504   Elapsed: 1319.32s (21m 59s)  20% completed  (20% total)
     Speed:     ev/sec=81.7513   simsec/sec=1.01137   ev/simsec=80.8325
     Messages:  created: 31851   present: 7   in FES: 5
** Event #255232   t=1322.456307148763   Elapsed: 1322.27s (22m 02s)  20% completed  (20% total)
     Speed:     ev/sec=86.6077   simsec/sec=1.0091   ev/simsec=85.827
     Messages:  created: 31884   present: 10   in FES: 6
** Event #255744   t=1325.056218350352   Elapsed: 1324.87s (22m 04s)  21% completed  (21% total)
     Speed:     ev/sec=196.916   simsec/sec=0.99993   ev/simsec=196.93
     Messages:  created: 31948   present: 10   in FES: 6
** Event #256256   t=1327.304624229234   Elapsed: 1327.12s (22m 07s)  21% completed  (21% total)
     Speed:     ev/sec=227.727   simsec/sec=1.00004   ev/simsec=227.717
     Messages:  created: 32013   present: 15   in FES: 6
** Event #256512   t=1331.008413520953   Elapsed: 1330.82s (22m 10s)  21% completed  (21% total)
     Speed:     ev/sec=69.1217   simsec/sec=1.00005   ev/simsec=69.1184
     Messages:  created: 32042   present: 9   in FES: 6
** Event #256768   t=1333.684479117442   Elapsed: 1333.5s (22m 13s)  21% completed  (21% total)
     Speed:     ev/sec=95.6573   simsec/sec=0.999943   ev/simsec=95.6628
     Messages:  created: 32074   present: 9   in FES: 6
** Event #257280   t=1337.593771430413   Elapsed: 1337.45s (22m 17s)  21% completed  (21% total)
     Speed:     ev/sec=129.589   simsec/sec=0.989456   ev/simsec=130.97
     Messages:  created: 32139   present: 11   in FES: 5
** Event #257792   t=1340.490504465253   Elapsed: 1340.31s (22m 20s)  21% completed  (21% total)
     Speed:     ev/sec=179.338   simsec/sec=1.01464   ev/simsec=176.751
     Messages:  created: 32204   present: 14   in FES: 6
** Event #258304   t=1344.041152889391   Elapsed: 1343.86s (22m 23s)  21% completed  (21% total)
     Speed:     ev/sec=144.197   simsec/sec=0.999987   ev/simsec=144.199
     Messages:  created: 32266   present: 7   in FES: 5
** Event #258560   t=1346.555097575257   Elapsed: 1346.37s (22m 26s)  21% completed  (21% total)
     Speed:     ev/sec=101.823   simsec/sec=0.999909   ev/simsec=101.832
     Messages:  created: 32299   present: 11   in FES: 5
** Event #259072   t=1349.126807792011   Elapsed: 1348.94s (22m 28s)  21% completed  (21% total)
     Speed:     ev/sec=199.111   simsec/sec=1.00011   ev/simsec=199.089
     Messages:  created: 32365   present: 16   in FES: 6
** Event #259328   t=1351.508796670223   Elapsed: 1351.32s (22m 31s)  21% completed  (21% total)
     Speed:     ev/sec=107.47   simsec/sec=0.999967   ev/simsec=107.473
     Messages:  created: 32394   present: 7   in FES: 5
** Event #259584   t=1354.713404248823   Elapsed: 1354.53s (22m 34s)  21% completed  (21% total)
     Speed:     ev/sec=79.886   simsec/sec=1.00001   ev/simsec=79.885
     Messages:  created: 32426   present: 7   in FES: 5
** Event #259840   t=1357.523909274996   Elapsed: 1357.35s (22m 37s)  21% completed  (21% total)
     Speed:     ev/sec=90.8237   simsec/sec=0.997111   ev/simsec=91.0868
     Messages:  created: 32456   present: 6   in FES: 4
** Event #260096   t=1361.306591   Elapsed: 1361.24s (22m 41s)  21% completed  (21% total)
     Speed:     ev/sec=65.7151   simsec/sec=0.971013   ev/simsec=67.6769
     Messages:  created: 32488   present: 6   in FES: 4
** Event #260352   t=1365.300622675311   Elapsed: 1365.16s (22m 45s)  21% completed  (21% total)
     Speed:     ev/sec=65.4169   simsec/sec=1.02061   ev/simsec=64.0956
     Messages:  created: 32520   present: 6   in FES: 4
** Event #260608   t=1369.690078465068   Elapsed: 1369.51s (22m 49s)  21% completed  (21% total)
     Speed:     ev/sec=58.8622   simsec/sec=1.00927   ev/simsec=58.3216
     Messages:  created: 32553   present: 8   in FES: 6
** Event #260864   t=1372.649016737227   Elapsed: 1372.46s (22m 52s)  21% completed  (21% total)
     Speed:     ev/sec=86.5173   simsec/sec=0.999997   ev/simsec=86.5175
     Messages:  created: 32589   present: 19   in FES: 6
** Event #261376   t=1374.922659168491   Elapsed: 1374.74s (22m 54s)  21% completed  (21% total)
     Speed:     ev/sec=225.198   simsec/sec=1.00004   ev/simsec=225.189
     Messages:  created: 32664   present: 48   in FES: 6
** Event #262144   t=1378.368573968448   Elapsed: 1378.24s (22m 58s)  21% completed  (21% total)
     Speed:     ev/sec=219.34   simsec/sec=0.984148   ev/simsec=222.873
     Messages:  created: 32777   present: 94   in FES: 5
** Event #262656   t=1381.047026870396   Elapsed: 1380.86s (23m 00s)  21% completed  (21% total)
     Speed:     ev/sec=195.202   simsec/sec=1.02117   ev/simsec=191.155
     Messages:  created: 32830   present: 66   in FES: 6
** Event #263168   t=1385.394083400548   Elapsed: 1385.22s (23m 05s)  21% completed  (21% total)
     Speed:     ev/sec=117.49   simsec/sec=0.997531   ev/simsec=117.781
     Messages:  created: 32872   present: 7   in FES: 5
** Event #263424   t=1387.694445482698   Elapsed: 1387.51s (23m 07s)  22% completed  (22% total)
     Speed:     ev/sec=111.81   simsec/sec=1.0047   ev/simsec=111.287
     Messages:  created: 32905   present: 9   in FES: 6
** Event #263936   t=1391.9256861066   Elapsed: 1391.74s (23m 11s)  22% completed  (22% total)
     Speed:     ev/sec=120.981   simsec/sec=0.999807   ev/simsec=121.005
     Messages:  created: 32970   present: 13   in FES: 6
** Event #264192   t=1394.758516475398   Elapsed: 1394.57s (23m 14s)  22% completed  (22% total)
     Speed:     ev/sec=90.3941   simsec/sec=1.00028   ev/simsec=90.369
     Messages:  created: 33003   present: 15   in FES: 7
** Event #264704   t=1397.407722845804   Elapsed: 1397.23s (23m 17s)  22% completed  (22% total)
     Speed:     ev/sec=193.036   simsec/sec=0.998814   ev/simsec=193.265
     Messages:  created: 33066   present: 13   in FES: 6
** Event #265216   t=1400.465219215645   Elapsed: 1400.29s (23m 20s)  22% completed  (22% total)
     Speed:     ev/sec=167.38   simsec/sec=0.999537   ev/simsec=167.457
     Messages:  created: 33133   present: 21   in FES: 6
** Event #265728   t=1405.549895897892   Elapsed: 1405.37s (23m 25s)  22% completed  (22% total)
     Speed:     ev/sec=100.786   simsec/sec=1.0009   ev/simsec=100.695
     Messages:  created: 33193   present: 10   in FES: 7
** Event #265984   t=1407.939115243108   Elapsed: 1407.75s (23m 27s)  22% completed  (22% total)
     Speed:     ev/sec=107.145   simsec/sec=0.999973   ev/simsec=107.148
     Messages:  created: 33227   present: 15   in FES: 7
** Event #266496   t=1411.905201827165   Elapsed: 1411.72s (23m 31s)  22% completed  (22% total)
     Speed:     ev/sec=129.098   simsec/sec=1.00003   ev/simsec=129.095
     Messages:  created: 33289   present: 9   in FES: 6
** Event #266752   t=1414.077507301616   Elapsed: 1413.89s (23m 33s)  22% completed  (22% total)
     Speed:     ev/sec=117.849   simsec/sec=1.00002   ev/simsec=117.847
     Messages:  created: 33321   present: 11   in FES: 7
** Event #267264   t=1419.157610204913   Elapsed: 1418.97s (23m 38s)  22% completed  (22% total)
     Speed:     ev/sec=100.784   simsec/sec=0.999991   ev/simsec=100.785
     Messages:  created: 33385   present: 9   in FES: 6
** Event #267520   t=1421.820802251617   Elapsed: 1421.64s (23m 41s)  22% completed  (22% total)
     Speed:     ev/sec=96.1229   simsec/sec=0.999976   ev/simsec=96.1252
     Messages:  created: 33417   present: 12   in FES: 8
** Event #267776   t=1424.7336422676   Elapsed: 1424.55s (23m 44s)  22% completed  (22% total)
     Speed:     ev/sec=87.8859   simsec/sec=0.99999   ev/simsec=87.8867
     Messages:  created: 33449   present: 11   in FES: 7
** Event #268288   t=1428.014119225277   Elapsed: 1427.83s (23m 47s)  22% completed  (22% total)
     Speed:     ev/sec=156.082   simsec/sec=1.00005   ev/simsec=156.075
     Messages:  created: 33513   present: 12   in FES: 8
** Event #268800   t=1433.345690088768   Elapsed: 1433.16s (23m 53s)  22% completed  (22% total)
     Speed:     ev/sec=96.0291   simsec/sec=0.999972   ev/simsec=96.0317
     Messages:  created: 33577   present: 11   in FES: 7
** Event #269312   t=1436.328790529395   Elapsed: 1436.17s (23m 56s)  22% completed  (22% total)
     Speed:     ev/sec=170.041   simsec/sec=0.990722   ev/simsec=171.634
     Messages:  created: 33648   present: 30   in FES: 7
** Event #269824   t=1438.858875312548   Elapsed: 1438.67s (23m 58s)  22% completed  (22% total)
     Speed:     ev/sec=204.631   simsec/sec=1.0112   ev/simsec=202.365
     Messages:  created: 33705   present: 11   in FES: 7
** Event #270080   t=1440.898849380548   Elapsed: 1440.71s (24m 00s)  22% completed  (22% total)
     Speed:     ev/sec=125.491   simsec/sec=0.99999   ev/simsec=125.492
     Messages:  created: 33737   present: 13   in FES: 8
** Event #270592   t=1443.788593153056   Elapsed: 1443.6s (24m 03s)  22% completed  (22% total)
     Speed:     ev/sec=177.175   simsec/sec=0.999983   ev/simsec=177.178
     Messages:  created: 33803   present: 17   in FES: 8
** Event #271104   t=1446.009416995013   Elapsed: 1445.82s (24m 05s)  22% completed  (22% total)
     Speed:     ev/sec=230.546   simsec/sec=1   ev/simsec=230.545
     Messages:  created: 33870   present: 24   in FES: 8
** Event #271616   t=1449.297108   Elapsed: 1449.11s (24m 09s)  23% completed  (23% total)
     Speed:     ev/sec=155.732   simsec/sec=1   ev/simsec=155.732
     Messages:  created: 33927   present: 9   in FES: 6
** Event #271872   t=1451.707511010152   Elapsed: 1451.52s (24m 11s)  23% completed  (23% total)
     Speed:     ev/sec=106.206   simsec/sec=0.999998   ev/simsec=106.206
     Messages:  created: 33959   present: 10   in FES: 6
** Event #272128   t=1455.624932080401   Elapsed: 1455.44s (24m 15s)  23% completed  (23% total)
     Speed:     ev/sec=65.3494   simsec/sec=1   ev/simsec=65.3491
     Messages:  created: 33992   present: 12   in FES: 8
** Event #272384   t=1460.044585539002   Elapsed: 1459.86s (24m 19s)  23% completed  (23% total)
     Speed:     ev/sec=57.9219   simsec/sec=0.99998   ev/simsec=57.9231
     Messages:  created: 34024   present: 11   in FES: 7
** Event #272640   t=1463.345089074726   Elapsed: 1463.16s (24m 23s)  23% completed  (23% total)
     Speed:     ev/sec=77.5651   simsec/sec=1.00002   ev/simsec=77.5639
     Messages:  created: 34055   present: 10   in FES: 6
** Event #273152   t=1465.585754073631   Elapsed: 1465.4s (24m 25s)  23% completed  (23% total)
     Speed:     ev/sec=228.515   simsec/sec=1.00005   ev/simsec=228.504
     Messages:  created: 34120   present: 11   in FES: 7
** Event #273408   t=1467.951312964484   Elapsed: 1467.77s (24m 27s)  23% completed  (23% total)
     Speed:     ev/sec=108.215   simsec/sec=0.999953   ev/simsec=108.22
     Messages:  created: 34152   present: 11   in FES: 7
** Event #273664   t=1470.278411082609   Elapsed: 1470.09s (24m 30s)  23% completed  (23% total)
     Speed:     ev/sec=110.003   simsec/sec=0.999957   ev/simsec=110.008
     Messages:  created: 34184   present: 12   in FES: 8
** Event #273920   t=1472.856411070889   Elapsed: 1472.67s (24m 32s)  23% completed  (23% total)
     Speed:     ev/sec=99.3076   simsec/sec=1.00006   ev/simsec=99.3018
     Messages:  created: 34216   present: 12   in FES: 8
** Event #274176   t=1475.025295233744   Elapsed: 1474.84s (24m 34s)  23% completed  (23% total)
     Speed:     ev/sec=118.028   simsec/sec=0.999957   ev/simsec=118.033
     Messages:  created: 34248   present: 11   in FES: 7
** Event #274432   t=1477.574167188713   Elapsed: 1477.39s (24m 37s)  23% completed  (23% total)
     Speed:     ev/sec=100.434   simsec/sec=0.999971   ev/simsec=100.437
     Messages:  created: 34280   present: 11   in FES: 7
** Event #274944   t=1481.657398979004   Elapsed: 1481.48s (24m 41s)  23% completed  (23% total)
     Speed:     ev/sec=125.073   simsec/sec=0.997466   ev/simsec=125.391
     Messages:  created: 34342   present: 10   in FES: 6
** Event #275456   t=1484.470876086293   Elapsed: 1484.29s (24m 44s)  23% completed  (23% total)
     Speed:     ev/sec=182.669   simsec/sec=1.00378   ev/simsec=181.981
     Messages:  created: 34406   present: 9   in FES: 5
** Event #275968   t=1486.735982649895   Elapsed: 1486.55s (24m 46s)  23% completed  (23% total)
     Speed:     ev/sec=226.023   simsec/sec=0.999936   ev/simsec=226.038
     Messages:  created: 34470   present: 9   in FES: 5
** Event #276480   t=1489.617388295268   Elapsed: 1489.47s (24m 49s)  23% completed  (23% total)
     Speed:     ev/sec=175.728   simsec/sec=0.988955   ev/simsec=177.691
     Messages:  created: 34534   present: 10   in FES: 6
** Event #276992   t=1492.649830069821   Elapsed: 1492.47s (24m 52s)  23% completed  (23% total)
     Speed:     ev/sec=170.646   simsec/sec=1.01069   ev/simsec=168.841
     Messages:  created: 34600   present: 14   in FES: 8
** Event #277504   t=1495.241959317873   Elapsed: 1495.08s (24m 55s)  23% completed  (23% total)
     Speed:     ev/sec=195.557   simsec/sec=0.990058   ev/simsec=197.521
     Messages:  created: 34662   present: 10   in FES: 6
** Event #278016   t=1498.425910607316   Elapsed: 1498.25s (24m 58s)  23% completed  (23% total)
     Speed:     ev/sec=161.836   simsec/sec=1.0064   ev/simsec=160.806
     Messages:  created: 34726   present: 10   in FES: 6
** Event #278528   t=1501.175202783082   Elapsed: 1500.99s (25m 00s)  23% completed  (23% total)
     Speed:     ev/sec=186.638   simsec/sec=1.00219   ev/simsec=186.23
     Messages:  created: 34790   present: 10   in FES: 6
** Event #279040   t=1503.799769220432   Elapsed: 1503.66s (25m 03s)  23% completed  (23% total)
     Speed:     ev/sec=191.549   simsec/sec=0.9819   ev/simsec=195.08
     Messages:  created: 34854   present: 11   in FES: 6
** Event #279808   t=1506.35765103517   Elapsed: 1506.17s (25m 06s)  23% completed  (23% total)
     Speed:     ev/sec=306.024   simsec/sec=1.01924   ev/simsec=300.248
     Messages:  created: 34950   present: 10   in FES: 6
** Event #280320   t=1509.044394997927   Elapsed: 1508.86s (25m 08s)  23% completed  (23% total)
     Speed:     ev/sec=190.57   simsec/sec=1.00003   ev/simsec=190.565
     Messages:  created: 35014   present: 10   in FES: 6
** Event #281088   t=1511.716029507369   Elapsed: 1511.53s (25m 11s)  23% completed  (23% total)
     Speed:     ev/sec=287.458   simsec/sec=0.999977   ev/simsec=287.464
     Messages:  created: 35110   present: 14   in FES: 8
** Event #281856   t=1514.990791249207   Elapsed: 1514.81s (25m 14s)  24% completed  (24% total)
     Speed:     ev/sec=234.443   simsec/sec=0.999666   ev/simsec=234.521
     Messages:  created: 35205   present: 12   in FES: 7
** Event #282368   t=1517.298066119305   Elapsed: 1517.11s (25m 17s)  24% completed  (24% total)
     Speed:     ev/sec=222.013   simsec/sec=1.00048   ev/simsec=221.907
     Messages:  created: 35268   present: 9   in FES: 5
** Event #282624   t=1520.063250781903   Elapsed: 1519.88s (25m 19s)  24% completed  (24% total)
     Speed:     ev/sec=92.582   simsec/sec=1.00002   ev/simsec=92.5797
     Messages:  created: 35301   present: 11   in FES: 7
** Event #282880   t=1522.226844037601   Elapsed: 1522.07s (25m 22s)  24% completed  (24% total)
     Speed:     ev/sec=117.047   simsec/sec=0.989228   ev/simsec=118.322
     Messages:  created: 35333   present: 12   in FES: 7
** Event #283136   t=1524.40000071986   Elapsed: 1524.22s (25m 24s)  24% completed  (24% total)
     Speed:     ev/sec=119.091   simsec/sec=1.01095   ev/simsec=117.801
     Messages:  created: 35364   present: 9   in FES: 5
** Event #283648   t=1526.898822685708   Elapsed: 1526.72s (25m 26s)  24% completed  (24% total)
     Speed:     ev/sec=204.404   simsec/sec=0.997594   ev/simsec=204.897
     Messages:  created: 35429   present: 12   in FES: 6
** Event #284416   t=1529.653858946442   Elapsed: 1529.5s (25m 29s)  24% completed  (24% total)
     Speed:     ev/sec=276.336   simsec/sec=0.991296   ev/simsec=278.762
     Messages:  created: 35525   present: 12   in FES: 7
** Event #285184   t=1531.98908787782   Elapsed: 1531.81s (25m 31s)  24% completed  (24% total)
     Speed:     ev/sec=332.501   simsec/sec=1.01102   ev/simsec=328.876
     Messages:  created: 35621   present: 12   in FES: 6
** Event #285952   t=1534.631285785862   Elapsed: 1534.45s (25m 34s)  24% completed  (24% total)
     Speed:     ev/sec=291.184   simsec/sec=1.00178   ev/simsec=290.667
     Messages:  created: 35716   present: 10   in FES: 6
** Event #286208   t=1537.476025218967   Elapsed: 1537.29s (25m 37s)  24% completed  (24% total)
     Speed:     ev/sec=89.9868   simsec/sec=0.999957   ev/simsec=89.9907
     Messages:  created: 35748   present: 9   in FES: 5
** Event #286720   t=1539.550393186283   Elapsed: 1539.37s (25m 39s)  24% completed  (24% total)
     Speed:     ev/sec=246.843   simsec/sec=1.00009   ev/simsec=246.822
     Messages:  created: 35812   present: 12   in FES: 7
** Event #287232   t=1541.579587765874   Elapsed: 1541.4s (25m 41s)  24% completed  (24% total)
     Speed:     ev/sec=252.314   simsec/sec=0.999987   ev/simsec=252.317
     Messages:  created: 35877   present: 16   in FES: 8
** Event #287744   t=1543.75131890283   Elapsed: 1543.57s (25m 43s)  24% completed  (24% total)
     Speed:     ev/sec=235.754   simsec/sec=0.999991   ev/simsec=235.757
     Messages:  created: 35939   present: 11   in FES: 7
** Event #288256   t=1546.165495342207   Elapsed: 1545.98s (25m 45s)  24% completed  (24% total)
     Speed:     ev/sec=212.082   simsec/sec=1   ev/simsec=212.081
     Messages:  created: 36004   present: 8   in FES: 5
** Event #288512   t=1548.607093229657   Elapsed: 1548.42s (25m 48s)  24% completed  (24% total)
     Speed:     ev/sec=104.849   simsec/sec=0.999994   ev/simsec=104.849
     Messages:  created: 36036   present: 8   in FES: 5
** Event #289024   t=1551.839412315688   Elapsed: 1551.65s (25m 51s)  24% completed  (24% total)
     Speed:     ev/sec=158.407   simsec/sec=1.00004   ev/simsec=158.4
     Messages:  created: 36101   present: 9   in FES: 6
** Event #289536   t=1555.231006452427   Elapsed: 1555.05s (25m 55s)  24% completed  (24% total)
     Speed:     ev/sec=150.961   simsec/sec=0.999994   ev/simsec=150.961
     Messages:  created: 36165   present: 9   in FES: 6
** Event #290048   t=1557.490694157742   Elapsed: 1557.31s (25m 57s)  24% completed  (24% total)
     Speed:     ev/sec=226.573   simsec/sec=0.999971   ev/simsec=226.58
     Messages:  created: 36229   present: 9   in FES: 6
** Event #290560   t=1559.708548418004   Elapsed: 1559.52s (25m 59s)  24% completed  (24% total)
     Speed:     ev/sec=230.856   simsec/sec=1.00001   ev/simsec=230.854
     Messages:  created: 36292   present: 8   in FES: 5
** Event #291072   t=1562.99506863548   Elapsed: 1562.82s (26m 02s)  24% completed  (24% total)
     Speed:     ev/sec=155.456   simsec/sec=0.997871   ev/simsec=155.788
     Messages:  created: 36358   present: 14   in FES: 6
** Event #291584   t=1566.984831128915   Elapsed: 1566.8s (26m 06s)  24% completed  (24% total)
     Speed:     ev/sec=128.556   simsec/sec=1.00177   ev/simsec=128.328
     Messages:  created: 36421   present: 10   in FES: 7
** Event #292096   t=1570.155051955197   Elapsed: 1569.97s (26m 09s)  24% completed  (24% total)
     Speed:     ev/sec=161.501   simsec/sec=0.999986   ev/simsec=161.503
     Messages:  created: 36483   present: 8   in FES: 5
** Event #292352   t=1573.520141663789   Elapsed: 1573.34s (26m 13s)  24% completed  (24% total)
     Speed:     ev/sec=76.0736   simsec/sec=0.999978   ev/simsec=76.0752
     Messages:  created: 36515   present: 8   in FES: 5
** Event #292864   t=1576.239861487769   Elapsed: 1576.06s (26m 16s)  25% completed  (25% total)
     Speed:     ev/sec=188.24   simsec/sec=0.999921   ev/simsec=188.255
     Messages:  created: 36578   present: 10   in FES: 6
** Event #293632   t=1578.867150212524   Elapsed: 1578.68s (26m 18s)  25% completed  (25% total)
     Speed:     ev/sec=292.347   simsec/sec=1.0001   ev/simsec=292.317
     Messages:  created: 36674   present: 9   in FES: 6
** Event #294400   t=1581.828604853912   Elapsed: 1581.64s (26m 21s)  25% completed  (25% total)
     Speed:     ev/sec=259.326   simsec/sec=0.999978   ev/simsec=259.332
     Messages:  created: 36769   present: 8   in FES: 5
** Event #294912   t=1584.917573001467   Elapsed: 1584.73s (26m 24s)  25% completed  (25% total)
     Speed:     ev/sec=165.758   simsec/sec=1.00004   ev/simsec=165.751
     Messages:  created: 36834   present: 10   in FES: 7
** Event #295424   t=1587.956159140881   Elapsed: 1587.77s (26m 27s)  25% completed  (25% total)
     Speed:     ev/sec=168.497   simsec/sec=0.999984   ev/simsec=168.499
     Messages:  created: 36897   present: 8   in FES: 5
** Event #295680   t=1590.010693767925   Elapsed: 1589.83s (26m 29s)  25% completed  (25% total)
     Speed:     ev/sec=124.602   simsec/sec=0.999999   ev/simsec=124.602
     Messages:  created: 36929   present: 8   in FES: 5
** Event #295936   t=1592.187598721544   Elapsed: 1592s (26m 32s)  25% completed  (25% total)
     Speed:     ev/sec=117.599   simsec/sec=1.00001   ev/simsec=117.598
     Messages:  created: 36961   present: 8   in FES: 5
** Event #296192   t=1594.246515862983   Elapsed: 1594.06s (26m 34s)  25% completed  (25% total)
     Speed:     ev/sec=124.338   simsec/sec=1.00001   ev/simsec=124.337
     Messages:  created: 36993   present: 8   in FES: 5
** Event #296704   t=1597.736139768475   Elapsed: 1597.55s (26m 37s)  25% completed  (25% total)
     Speed:     ev/sec=146.711   simsec/sec=0.999934   ev/simsec=146.721
     Messages:  created: 37058   present: 10   in FES: 6
** Event #297216   t=1601.39843521552   Elapsed: 1601.21s (26m 41s)  25% completed  (25% total)
     Speed:     ev/sec=139.813   simsec/sec=1.00007   ev/simsec=139.803
     Messages:  created: 37122   present: 9   in FES: 6
** Event #297728   t=1604.92251430092   Elapsed: 1604.74s (26m 44s)  25% completed  (25% total)
     Speed:     ev/sec=145.277   simsec/sec=0.999937   ev/simsec=145.286
     Messages:  created: 37184   present: 9   in FES: 6
** Event #298240   t=1609.376886983254   Elapsed: 1609.19s (26m 49s)  25% completed  (25% total)
     Speed:     ev/sec=114.947   simsec/sec=1.00003   ev/simsec=114.943
     Messages:  created: 37248   present: 8   in FES: 5
** Event #298496   t=1612.265422994455   Elapsed: 1612.08s (26m 52s)  25% completed  (25% total)
     Speed:     ev/sec=88.6271   simsec/sec=1.00001   ev/simsec=88.6262
     Messages:  created: 37282   present: 7   in FES: 5
** Event #299008   t=1615.546264688487   Elapsed: 1615.36s (26m 55s)  25% completed  (25% total)
     Speed:     ev/sec=156.061   simsec/sec=1.00002   ev/simsec=156.058
     Messages:  created: 37346   present: 9   in FES: 6
** Event #299520   t=1618.043747385456   Elapsed: 1617.86s (26m 57s)  25% completed  (25% total)
     Speed:     ev/sec=204.998   simsec/sec=0.999961   ev/simsec=205.006
     Messages:  created: 37419   present: 32   in FES: 6
** Event #300032   t=1620.852195816942   Elapsed: 1620.67s (27m 00s)  25% completed  (25% total)
     Speed:     ev/sec=182.306   simsec/sec=0.999996   ev/simsec=182.307
     Messages:  created: 37477   present: 16   in FES: 6
** Event #300288   t=1623.051620946909   Elapsed: 1622.87s (27m 02s)  25% completed  (25% total)
     Speed:     ev/sec=116.398   simsec/sec=1.00004   ev/simsec=116.394
     Messages:  created: 37506   present: 8   in FES: 6
** Event #300544   t=1625.652672151008   Elapsed: 1625.47s (27m 05s)  25% completed  (25% total)
     Speed:     ev/sec=98.4196   simsec/sec=0.999978   ev/simsec=98.4217
     Messages:  created: 37538   present: 9   in FES: 6
** Event #300800   t=1627.986241958837   Elapsed: 1627.8s (27m 07s)  25% completed  (25% total)
     Speed:     ev/sec=109.7   simsec/sec=0.999973   ev/simsec=109.703
     Messages:  created: 37569   present: 7   in FES: 5
** Event #301056   t=1630.12906121999   Elapsed: 1629.94s (27m 09s)  25% completed  (25% total)
     Speed:     ev/sec=119.464   simsec/sec=0.999962   ev/simsec=119.469
     Messages:  created: 37601   present: 7   in FES: 5
** Event #301568   t=1633.831460881374   Elapsed: 1633.65s (27m 13s)  25% completed  (25% total)
     Speed:     ev/sec=138.266   simsec/sec=0.999837   ev/simsec=138.289
     Messages:  created: 37667   present: 12   in FES: 5
** Event #302080   t=1636.933596875089   Elapsed: 1636.75s (27m 16s)  25% completed  (25% total)
     Speed:     ev/sec=165.083   simsec/sec=1.00021   ev/simsec=165.048
     Messages:  created: 37733   present: 20   in FES: 6
** Event #302592   t=1639.698570174355   Elapsed: 1639.54s (27m 19s)  26% completed  (26% total)
     Speed:     ev/sec=183.646   simsec/sec=0.991753   ev/simsec=185.174
     Messages:  created: 37795   present: 15   in FES: 5
** Event #303104   t=1642.269353003625   Elapsed: 1642.08s (27m 22s)  26% completed  (26% total)
     Speed:     ev/sec=200.969   simsec/sec=1.00908   ev/simsec=199.161
     Messages:  created: 37858   present: 11   in FES: 6
** Event #303616   t=1646.77775847744   Elapsed: 1646.6s (27m 26s)  26% completed  (26% total)
     Speed:     ev/sec=113.37   simsec/sec=0.998279   ev/simsec=113.566
     Messages:  created: 37920   present: 7   in FES: 5
** Event #303872   t=1649.456873357485   Elapsed: 1649.27s (27m 29s)  26% completed  (26% total)
     Speed:     ev/sec=95.8291   simsec/sec=1.00288   ev/simsec=95.5539
     Messages:  created: 37953   present: 10   in FES: 6
** Event #304384   t=1653.466358053239   Elapsed: 1653.28s (27m 33s)  26% completed  (26% total)
     Speed:     ev/sec=127.7   simsec/sec=1.00002   ev/simsec=127.697
     Messages:  created: 38017   present: 9   in FES: 6
** Event #304896   t=1656.950490031337   Elapsed: 1656.77s (27m 36s)  26% completed  (26% total)
     Speed:     ev/sec=146.95   simsec/sec=0.999989   ev/simsec=146.952
     Messages:  created: 38081   present: 9   in FES: 6
** Event #305408   t=1660.173493158207   Elapsed: 1659.99s (27m 39s)  26% completed  (26% total)
     Speed:     ev/sec=158.858   simsec/sec=0.999999   ev/simsec=158.858
     Messages:  created: 38148   present: 18   in FES: 6
** Event #305920   t=1662.49577408368   Elapsed: 1662.31s (27m 42s)  26% completed  (26% total)
     Speed:     ev/sec=220.475   simsec/sec=1.00001   ev/simsec=220.473
     Messages:  created: 38219   present: 36   in FES: 6
** Event #306432   t=1665.2253897466   Elapsed: 1665.04s (27m 45s)  26% completed  (26% total)
     Speed:     ev/sec=187.568   simsec/sec=0.999976   ev/simsec=187.572
     Messages:  created: 38280   present: 31   in FES: 6
** Event #306944   t=1667.228933169609   Elapsed: 1667.04s (27m 47s)  26% completed  (26% total)
     Speed:     ev/sec=255.533   simsec/sec=0.999945   ev/simsec=255.547
     Messages:  created: 38366   present: 89   in FES: 6
** Event #307456   t=1669.950296221617   Elapsed: 1669.77s (27m 49s)  26% completed  (26% total)
     Speed:     ev/sec=188.143   simsec/sec=1.00001   ev/simsec=188.141
     Messages:  created: 38419   present: 61   in FES: 6
** Event #307968   t=1672.974412102113   Elapsed: 1672.8s (27m 52s)  26% completed  (26% total)
     Speed:     ev/sec=168.734   simsec/sec=0.996624   ev/simsec=169.306
     Messages:  created: 38467   present: 18   in FES: 5
** Event #308224   t=1675.068493133636   Elapsed: 1674.93s (27m 54s)  26% completed  (26% total)
     Speed:     ev/sec=120.47   simsec/sec=0.985444   ev/simsec=122.249
     Messages:  created: 38496   present: 10   in FES: 5
** Event #308736   t=1678.124936789611   Elapsed: 1678.03s (27m 58s)  26% completed  (26% total)
     Speed:     ev/sec=164.981   simsec/sec=0.984874   ev/simsec=167.515
     Messages:  created: 38560   present: 10   in FES: 5
** Event #309248   t=1680.817963845648   Elapsed: 1680.63s (28m 00s)  26% completed  (26% total)
     Speed:     ev/sec=196.55   simsec/sec=1.03382   ev/simsec=190.121
     Messages:  created: 38629   present: 25   in FES: 6
** Event #309760   t=1683.095513878   Elapsed: 1682.91s (28m 02s)  26% completed  (26% total)
     Speed:     ev/sec=224.81   simsec/sec=1.00003   ev/simsec=224.803
     Messages:  created: 38693   present: 25   in FES: 6
** Event #310272   t=1685.658402255253   Elapsed: 1685.47s (28m 05s)  26% completed  (26% total)
     Speed:     ev/sec=199.783   simsec/sec=1.00004   ev/simsec=199.775
     Messages:  created: 38754   present: 15   in FES: 6
** Event #310784   t=1688.748318392838   Elapsed: 1688.56s (28m 08s)  26% completed  (26% total)
     Speed:     ev/sec=165.704   simsec/sec=1.00002   ev/simsec=165.7
     Messages:  created: 38815   present: 7   in FES: 5
** Event #311296   t=1692.240242242451   Elapsed: 1692.06s (28m 12s)  26% completed  (26% total)
     Speed:     ev/sec=146.622   simsec/sec=0.999984   ev/simsec=146.624
     Messages:  created: 38879   present: 7   in FES: 5
** Event #311552   t=1694.8247   Elapsed: 1694.79s (28m 14s)  26% completed  (26% total)
     Speed:     ev/sec=93.7789   simsec/sec=0.946748   ev/simsec=99.0537
     Messages:  created: 38909   present: 6   in FES: 4
** Event #311808   t=1697.186729305934   Elapsed: 1697.05s (28m 17s)  26% completed  (26% total)
     Speed:     ev/sec=113.237   simsec/sec=1.0448   ev/simsec=108.381
     Messages:  created: 38941   present: 6   in FES: 4
** Event #312064   t=1699.429511127049   Elapsed: 1699.25s (28m 19s)  26% completed  (26% total)
     Speed:     ev/sec=116.423   simsec/sec=1.01997   ev/simsec=114.144
     Messages:  created: 38975   present: 10   in FES: 6
** Event #312576   t=1702.109544285386   Elapsed: 1702.11s (28m 22s)  27% completed  (27% total)
     Speed:     ev/sec=178.68   simsec/sec=0.935291   ev/simsec=191.042
     Messages:  created: 39037   present: 6   in FES: 4
** Event #312832   t=1705.156054582922   Elapsed: 1704.97s (28m 24s)  27% completed  (27% total)
     Speed:     ev/sec=89.4792   simsec/sec=1.06484   ev/simsec=84.0306
     Messages:  created: 39070   present: 9   in FES: 6
** Event #313344   t=1707.665365978026   Elapsed: 1707.51s (28m 27s)  27% completed  (27% total)
     Speed:     ev/sec=201.793   simsec/sec=0.988988   ev/simsec=204.04
     Messages:  created: 39154   present: 62   in FES: 5
** Event #313856   t=1710.583404063867   Elapsed: 1710.4s (28m 30s)  27% completed  (27% total)
     Speed:     ev/sec=177.158   simsec/sec=1.00968   ev/simsec=175.46
     Messages:  created: 39214   present: 52   in FES: 6
** Event #314368   t=1714.385110725807   Elapsed: 1714.2s (28m 34s)  27% completed  (27% total)
     Speed:     ev/sec=134.679   simsec/sec=1.00002   ev/simsec=134.676
     Messages:  created: 39262   present: 8   in FES: 6
** Event #314880   t=1718.477364364703   Elapsed: 1718.29s (28m 38s)  27% completed  (27% total)
     Speed:     ev/sec=125.113   simsec/sec=0.99999   ev/simsec=125.114
     Messages:  created: 39327   present: 10   in FES: 6
** Event #315136   t=1721.090417778106   Elapsed: 1720.92s (28m 40s)  27% completed  (27% total)
     Speed:     ev/sec=97.5686   simsec/sec=0.995906   ev/simsec=97.9697
     Messages:  created: 39357   present: 6   in FES: 4
** Event #315648   t=1724.004507451964   Elapsed: 1723.85s (28m 43s)  27% completed  (27% total)
     Speed:     ev/sec=174.679   simsec/sec=0.994198   ev/simsec=175.698
     Messages:  created: 39424   present: 14   in FES: 5
** Event #316160   t=1726.896696991253   Elapsed: 1726.71s (28m 46s)  27% completed  (27% total)
     Speed:     ev/sec=178.741   simsec/sec=1.00967   ev/simsec=177.029
     Messages:  created: 39485   present: 8   in FES: 6
** Event #316416   t=1732.087511505747   Elapsed: 1731.9s (28m 51s)  27% completed  (27% total)
     Speed:     ev/sec=49.3179   simsec/sec=1   ev/simsec=49.3179
     Messages:  created: 39519   present: 13   in FES: 6
** Event #316928   t=1735.627608706078   Elapsed: 1735.44s (28m 55s)  27% completed  (27% total)
     Speed:     ev/sec=144.626   simsec/sec=0.99998   ev/simsec=144.629
     Messages:  created: 39581   present: 8   in FES: 6
** Event #317440   t=1738.249196466147   Elapsed: 1738.07s (28m 58s)  27% completed  (27% total)
     Speed:     ev/sec=195.196   simsec/sec=0.999462   ev/simsec=195.301
     Messages:  created: 39645   present: 9   in FES: 5
** Event #317952   t=1741.386536452021   Elapsed: 1741.2s (29m 01s)  27% completed  (27% total)
     Speed:     ev/sec=163.272   simsec/sec=1.00047   ev/simsec=163.196
     Messages:  created: 39714   present: 23   in FES: 6
** Event #318464   t=1744.734767057696   Elapsed: 1744.55s (29m 04s)  27% completed  (27% total)
     Speed:     ev/sec=152.918   simsec/sec=1.00001   ev/simsec=152.917
     Messages:  created: 39774   present: 12   in FES: 6
** Event #318976   t=1747.171747758015   Elapsed: 1746.99s (29m 06s)  27% completed  (27% total)
     Speed:     ev/sec=210.08   simsec/sec=0.999922   ev/simsec=210.096
     Messages:  created: 39836   present: 8   in FES: 6
** Event #319488   t=1749.35644830145   Elapsed: 1749.18s (29m 09s)  27% completed  (27% total)
     Speed:     ev/sec=233.801   simsec/sec=0.997627   ev/simsec=234.357
     Messages:  created: 39913   present: 42   in FES: 5
** Event #320000   t=1752.492986813149   Elapsed: 1752.31s (29m 12s)  27% completed  (27% total)
     Speed:     ev/sec=163.511   simsec/sec=1.00168   ev/simsec=163.237
     Messages:  created: 39964   present: 8   in FES: 6
** Event #320256   t=1755.894429771366   Elapsed: 1755.71s (29m 15s)  27% completed  (27% total)
     Speed:     ev/sec=75.2623   simsec/sec=1   ev/simsec=75.2622
     Messages:  created: 39995   present: 7   in FES: 5
** Event #320512   t=1757.903973067131   Elapsed: 1757.72s (29m 17s)  27% completed  (27% total)
     Speed:     ev/sec=127.385   simsec/sec=0.999946   ev/simsec=127.392
     Messages:  created: 40030   present: 15   in FES: 6
** Event #321024   t=1761.586628350527   Elapsed: 1761.4s (29m 21s)  27% completed  (27% total)
     Speed:     ev/sec=139.038   simsec/sec=1.00006   ev/simsec=139.03
     Messages:  created: 40092   present: 9   in FES: 6
** Event #321536   t=1764.295732572485   Elapsed: 1764.11s (29m 24s)  28% completed  (28% total)
     Speed:     ev/sec=188.993   simsec/sec=1   ev/simsec=188.992
     Messages:  created: 40155   present: 8   in FES: 6
** Event #321792   t=1766.297041626568   Elapsed: 1766.11s (29m 26s)  28% completed  (28% total)
     Speed:     ev/sec=127.91   simsec/sec=0.999952   ev/simsec=127.916
     Messages:  created: 40187   present: 7   in FES: 5
** Event #322304   t=1769.475404286089   Elapsed: 1769.29s (29m 29s)  28% completed  (28% total)
     Speed:     ev/sec=161.096   simsec/sec=1.00004   ev/simsec=161.089
     Messages:  created: 40252   present: 11   in FES: 6
** Event #322560   t=1772.094167175384   Elapsed: 1771.91s (29m 31s)  28% completed  (28% total)
     Speed:     ev/sec=97.7575   simsec/sec=1.00001   ev/simsec=97.7561
     Messages:  created: 40283   present: 7   in FES: 5
** Event #322816   t=1774.271937011377   Elapsed: 1774.09s (29m 34s)  28% completed  (28% total)
     Speed:     ev/sec=117.55   simsec/sec=0.999984   ev/simsec=117.551
     Messages:  created: 40316   present: 11   in FES: 6
** Event #323328   t=1778.500781605703   Elapsed: 1778.32s (29m 38s)  28% completed  (28% total)
     Speed:     ev/sec=121.074   simsec/sec=1   ev/simsec=121.073
     Messages:  created: 40380   present: 9   in FES: 6
** Event #323584   t=1781.005736637526   Elapsed: 1780.85s (29m 40s)  28% completed  (28% total)
     Speed:     ev/sec=101.17   simsec/sec=0.98995   ev/simsec=102.197
     Messages:  created: 40413   present: 13   in FES: 5
** Event #324352   t=1784.260663902741   Elapsed: 1784.08s (29m 44s)  28% completed  (28% total)
     Speed:     ev/sec=237.799   simsec/sec=1.00784   ev/simsec=235.95
     Messages:  created: 40529   present: 66   in FES: 6
** Event #324864   t=1787.362757248984   Elapsed: 1787.18s (29m 47s)  28% completed  (28% total)
     Speed:     ev/sec=165.044   simsec/sec=0.999967   ev/simsec=165.05
     Messages:  created: 40581   present: 36   in FES: 6
** Event #325376   t=1790.800558482019   Elapsed: 1790.62s (29m 50s)  28% completed  (28% total)
     Speed:     ev/sec=148.933   simsec/sec=1   ev/simsec=148.932
     Messages:  created: 40636   present: 12   in FES: 6
** Event #325888   t=1794.041200683743   Elapsed: 1793.86s (29m 53s)  28% completed  (28% total)
     Speed:     ev/sec=157.758   simsec/sec=0.998513   ev/simsec=157.993
     Messages:  created: 40698   present: 8   in FES: 5
** Event #326400   t=1797.765980698369   Elapsed: 1797.58s (29m 57s)  28% completed  (28% total)
     Speed:     ev/sec=137.63   simsec/sec=1.00125   ev/simsec=137.458
     Messages:  created: 40762   present: 7   in FES: 5
** Event #326656   t=1802.186795925142   Elapsed: 1802s (30m 02s)  28% completed  (28% total)
     Speed:     ev/sec=57.9103   simsec/sec=1.00004   ev/simsec=57.9079
     Messages:  created: 40794   present: 8   in FES: 6
** Event #327168   t=1806.078514445614   Elapsed: 1805.89s (30m 05s)  28% completed  (28% total)
     Speed:     ev/sec=131.56   simsec/sec=0.999992   ev/simsec=131.561
     Messages:  created: 40857   present: 7   in FES: 5
** Event #327424   t=1808.935655380852   Elapsed: 1808.75s (30m 08s)  28% completed  (28% total)
     Speed:     ev/sec=89.6041   simsec/sec=1.00005   ev/simsec=89.6001
     Messages:  created: 40890   present: 8   in FES: 6
** Event #327936   t=1811.620403047427   Elapsed: 1811.44s (30m 11s)  28% completed  (28% total)
     Speed:     ev/sec=190.712   simsec/sec=1.00002   ev/simsec=190.707
     Messages:  created: 40964   present: 36   in FES: 6
** Event #328448   t=1815.092223728193   Elapsed: 1814.91s (30m 14s)  28% completed  (28% total)
     Speed:     ev/sec=147.474   simsec/sec=1.00001   ev/simsec=147.473
     Messages:  created: 41016   present: 7   in FES: 5
** Event #328960   t=1817.345948199082   Elapsed: 1817.16s (30m 17s)  28% completed  (28% total)
     Speed:     ev/sec=227.163   simsec/sec=0.999929   ev/simsec=227.18
     Messages:  created: 41093   present: 42   in FES: 6
** Event #329472   t=1819.553761972827   Elapsed: 1819.37s (30m 19s)  28% completed  (28% total)
     Speed:     ev/sec=231.611   simsec/sec=0.998738   ev/simsec=231.904
     Messages:  created: 41161   present: 52   in FES: 5
** Event #330240   t=1823.264997734714   Elapsed: 1823.08s (30m 23s)  28% completed  (28% total)
     Speed:     ev/sec=207.095   simsec/sec=1.00075   ev/simsec=206.939
     Messages:  created: 41260   present: 59   in FES: 6
** Event #330752   t=1825.81119157816   Elapsed: 1825.63s (30m 25s)  28% completed  (28% total)
     Speed:     ev/sec=201.099   simsec/sec=1.00007   ev/simsec=201.084
     Messages:  created: 41319   present: 47   in FES: 6
** Event #331008   t=1828.831853294397   Elapsed: 1828.65s (30m 28s)  29% completed  (29% total)
     Speed:     ev/sec=84.7423   simsec/sec=0.999914   ev/simsec=84.7496
     Messages:  created: 41337   present: 8   in FES: 6
** Event #331264   t=1832.26705612184   Elapsed: 1832.08s (30m 32s)  29% completed  (29% total)
     Speed:     ev/sec=74.5261   simsec/sec=1.00005   ev/simsec=74.5225
     Messages:  created: 41368   present: 7   in FES: 5
** Event #331520   t=1835.006016067186   Elapsed: 1834.82s (30m 34s)  29% completed  (29% total)
     Speed:     ev/sec=93.4625   simsec/sec=0.999961   ev/simsec=93.4661
     Messages:  created: 41401   present: 8   in FES: 6
** Event #331776   t=1837.535570807848   Elapsed: 1837.35s (30m 37s)  29% completed  (29% total)
     Speed:     ev/sec=101.213   simsec/sec=1.00009   ev/simsec=101.204
     Messages:  created: 41435   present: 11   in FES: 7
** Event #332288   t=1841.415616904226   Elapsed: 1841.23s (30m 41s)  29% completed  (29% total)
     Speed:     ev/sec=131.954   simsec/sec=0.999974   ev/simsec=131.957
     Messages:  created: 41498   present: 9   in FES: 6
** Event #332800   t=1844.317598912546   Elapsed: 1844.13s (30m 44s)  29% completed  (29% total)
     Speed:     ev/sec=176.428   simsec/sec=0.99998   ev/simsec=176.431
     Messages:  created: 41566   present: 20   in FES: 7
** Event #333312   t=1847.226300859711   Elapsed: 1847.06s (30m 47s)  29% completed  (29% total)
     Speed:     ev/sec=175.016   simsec/sec=0.994275   ev/simsec=176.024
     Messages:  created: 41625   present: 10   in FES: 6
** Event #333824   t=1849.923254672774   Elapsed: 1849.79s (30m 49s)  29% completed  (29% total)
     Speed:     ev/sec=187.561   simsec/sec=0.987977   ev/simsec=189.844
     Messages:  created: 41689   present: 10   in FES: 6
** Event #334336   t=1853.214030082066   Elapsed: 1853.03s (30m 53s)  29% completed  (29% total)
     Speed:     ev/sec=157.964   simsec/sec=1.01528   ev/simsec=155.586
     Messages:  created: 41755   present: 14   in FES: 7
** Event #334848   t=1855.858247825812   Elapsed: 1855.67s (30m 55s)  29% completed  (29% total)
     Speed:     ev/sec=193.631   simsec/sec=1.00001   ev/simsec=193.63
     Messages:  created: 41828   present: 40   in FES: 7
** Event #335616   t=1858.484964346696   Elapsed: 1858.3s (30m 58s)  29% completed  (29% total)
     Speed:     ev/sec=292.378   simsec/sec=0.999993   ev/simsec=292.38
     Messages:  created: 41953   present: 114   in FES: 7
** Event #336128   t=1860.722728709481   Elapsed: 1860.54s (31m 00s)  29% completed  (29% total)
     Speed:     ev/sec=228.792   simsec/sec=0.999966   ev/simsec=228.8
     Messages:  created: 42028   present: 138   in FES: 7
** Event #336640   t=1863.409083686702   Elapsed: 1863.22s (31m 03s)  29% completed  (29% total)
     Speed:     ev/sec=190.595   simsec/sec=1.00001   ev/simsec=190.593
     Messages:  created: 42087   present: 128   in FES: 7
** Event #337152   t=1866.083574397353   Elapsed: 1865.9s (31m 05s)  29% completed  (29% total)
     Speed:     ev/sec=191.104   simsec/sec=0.998252   ev/simsec=191.438
     Messages:  created: 42141   present: 107   in FES: 6
** Event #337664   t=1868.945380857076   Elapsed: 1868.76s (31m 08s)  29% completed  (29% total)
     Speed:     ev/sec=179.216   simsec/sec=1.00172   ev/simsec=178.908
     Messages:  created: 42201   present: 95   in FES: 7
** Event #338176   t=1871.601569629588   Elapsed: 1871.43s (31m 11s)  29% completed  (29% total)
     Speed:     ev/sec=192.009   simsec/sec=0.996118   ev/simsec=192.757
     Messages:  created: 42251   present: 59   in FES: 6
** Event #338688   t=1874.43613267425   Elapsed: 1874.25s (31m 14s)  29% completed  (29% total)
     Speed:     ev/sec=181.275   simsec/sec=1.00359   ev/simsec=180.627
     Messages:  created: 42302   present: 24   in FES: 7
** Event #339200   t=1877.484057412652   Elapsed: 1877.3s (31m 17s)  29% completed  (29% total)
     Speed:     ev/sec=167.98   simsec/sec=0.999979   ev/simsec=167.983
     Messages:  created: 42361   present: 13   in FES: 7
** Event #339712   t=1880.779500460739   Elapsed: 1880.6s (31m 20s)  29% completed  (29% total)
     Speed:     ev/sec=155.371   simsec/sec=1.00003   ev/simsec=155.366
     Messages:  created: 42426   present: 16   in FES: 7
** Event #340224   t=1882.860679062942   Elapsed: 1882.68s (31m 22s)  29% completed  (29% total)
     Speed:     ev/sec=246.013   simsec/sec=0.999995   ev/simsec=246.014
     Messages:  created: 42501   present: 45   in FES: 7
** Event #340736   t=1885.913464914604   Elapsed: 1885.73s (31m 25s)  29% completed  (29% total)
     Speed:     ev/sec=167.71   simsec/sec=0.999963   ev/simsec=167.716
     Messages:  created: 42552   present: 11   in FES: 7
** Event #341248   t=1888.668761413614   Elapsed: 1888.48s (31m 28s)  29% completed  (29% total)
     Speed:     ev/sec=185.832   simsec/sec=1.00005   ev/simsec=185.824
     Messages:  created: 42619   present: 18   in FES: 7
** Event #341760   t=1891.696279099055   Elapsed: 1891.51s (31m 31s)  30% completed  (30% total)
     Speed:     ev/sec=169.116   simsec/sec=1.00001   ev/simsec=169.115
     Messages:  created: 42679   present: 9   in FES: 6
** Event #342016   t=1894.039026065691   Elapsed: 1893.85s (31m 33s)  30% completed  (30% total)
     Speed:     ev/sec=109.268   simsec/sec=0.999946   ev/simsec=109.273
     Messages:  created: 42712   present: 10   in FES: 7
** Event #342528   t=1896.423153133135   Elapsed: 1896.26s (31m 36s)  30% completed  (30% total)
     Speed:     ev/sec=212.742   simsec/sec=0.990631   ev/simsec=214.754
     Messages:  created: 42778   present: 16   in FES: 5
** Event #343040   t=1899.182833648048   Elapsed: 1899s (31m 38s)  30% completed  (30% total)
     Speed:     ev/sec=187.064   simsec/sec=1.00828   ev/simsec=185.529
     Messages:  created: 42840   present: 10   in FES: 7
** Event #343552   t=1901.709511357897   Elapsed: 1901.55s (31m 41s)  30% completed  (30% total)
     Speed:     ev/sec=200.947   simsec/sec=0.991657   ev/simsec=202.638
     Messages:  created: 42903   present: 8   in FES: 5
** Event #343808   t=1904.502113154731   Elapsed: 1904.32s (31m 44s)  30% completed  (30% total)
     Speed:     ev/sec=92.242   simsec/sec=1.00623   ev/simsec=91.6708
     Messages:  created: 42935   present: 8   in FES: 5
** Event #344064   t=1906.686910202107   Elapsed: 1906.5s (31m 46s)  30% completed  (30% total)
     Speed:     ev/sec=117.384   simsec/sec=1.0018   ev/simsec=117.173
     Messages:  created: 42966   present: 9   in FES: 6
** Event #344832   t=1909.989749188152   Elapsed: 1909.81s (31m 49s)  30% completed  (30% total)
     Speed:     ev/sec=232.528   simsec/sec=1   ev/simsec=232.527
     Messages:  created: 43062   present: 8   in FES: 5
** Event #345344   t=1912.080143191656   Elapsed: 1911.9s (31m 51s)  30% completed  (30% total)
     Speed:     ev/sec=244.924   simsec/sec=0.999977   ev/simsec=244.93
     Messages:  created: 43126   present: 8   in FES: 5
** Event #345600   t=1914.734095554855   Elapsed: 1914.55s (31m 54s)  30% completed  (30% total)
     Speed:     ev/sec=96.463   simsec/sec=1.00003   ev/simsec=96.4599
     Messages:  created: 43158   present: 9   in FES: 6
** Event #346112   t=1918.172808510642   Elapsed: 1917.99s (31m 57s)  30% completed  (30% total)
     Speed:     ev/sec=148.887   simsec/sec=0.999963   ev/simsec=148.893
     Messages:  created: 43222   present: 8   in FES: 5
** Event #346624   t=1920.913762149117   Elapsed: 1920.78s (32m 00s)  30% completed  (30% total)
     Speed:     ev/sec=183.719   simsec/sec=0.983527   ev/simsec=186.796
     Messages:  created: 43285   present: 7   in FES: 4
** Event #346880   t=1923.530938329304   Elapsed: 1923.35s (32m 03s)  30% completed  (30% total)
     Speed:     ev/sec=99.5583   simsec/sec=1.01782   ev/simsec=97.8153
     Messages:  created: 43318   present: 9   in FES: 6
** Event #347136   t=1925.686269107078   Elapsed: 1925.51s (32m 05s)  30% completed  (30% total)
     Speed:     ev/sec=118.137   simsec/sec=0.994628   ev/simsec=118.775
     Messages:  created: 43349   present: 7   in FES: 4
** Event #347648   t=1928.321564103292   Elapsed: 1928.14s (32m 08s)  30% completed  (30% total)
     Speed:     ev/sec=195.164   simsec/sec=1.00452   ev/simsec=194.286
     Messages:  created: 43414   present: 10   in FES: 6
** Event #348160   t=1930.675221158946   Elapsed: 1930.49s (32m 10s)  30% completed  (30% total)
     Speed:     ev/sec=217.537   simsec/sec=1.00001   ev/simsec=217.534
     Messages:  created: 43478   present: 9   in FES: 6
** Event #348672   t=1933.323890141816   Elapsed: 1933.14s (32m 13s)  30% completed  (30% total)
     Speed:     ev/sec=193.312   simsec/sec=1.00004   ev/simsec=193.305
     Messages:  created: 43542   present: 9   in FES: 6
** Event #349184   t=1936.152869423068   Elapsed: 1935.97s (32m 15s)  30% completed  (30% total)
     Speed:     ev/sec=180.964   simsec/sec=0.999888   ev/simsec=180.984
     Messages:  created: 43605   present: 9   in FES: 6
** Event #349440   t=1938.671556875604   Elapsed: 1938.49s (32m 18s)  30% completed  (30% total)
     Speed:     ev/sec=101.65   simsec/sec=1.00009   ev/simsec=101.64
     Messages:  created: 43636   present: 8   in FES: 5
** Event #349696   t=1941.043771321178   Elapsed: 1940.86s (32m 20s)  30% completed  (30% total)
     Speed:     ev/sec=107.91   simsec/sec=0.999945   ev/simsec=107.916
     Messages:  created: 43669   present: 9   in FES: 6
** Event #350208   t=1943.357239346776   Elapsed: 1943.17s (32m 23s)  30% completed  (30% total)
     Speed:     ev/sec=221.332   simsec/sec=1.00009   ev/simsec=221.313
     Messages:  created: 43733   present: 9   in FES: 6
** Event #350720   t=1946.788093774763   Elapsed: 1946.6s (32m 26s)  30% completed  (30% total)
     Speed:     ev/sec=149.23   simsec/sec=0.999972   ev/simsec=149.234
     Messages:  created: 43796   present: 8   in FES: 5
** Event #351232   t=1949.25431315311   Elapsed: 1949.07s (32m 29s)  30% completed  (30% total)
     Speed:     ev/sec=207.607   simsec/sec=1.00001   ev/simsec=207.605
     Messages:  created: 43861   present: 9   in FES: 6
** Event #351488   t=1952.012203425119   Elapsed: 1951.83s (32m 31s)  30% completed  (30% total)
     Speed:     ev/sec=92.8269   simsec/sec=1.00002   ev/simsec=92.8246
     Messages:  created: 43893   present: 9   in FES: 6
** Event #352000   t=1954.905207847405   Elapsed: 1954.72s (32m 34s)  31% completed  (31% total)
     Speed:     ev/sec=176.975   simsec/sec=0.99998   ev/simsec=176.979
     Messages:  created: 43956   present: 8   in FES: 5
** Event #352512   t=1959.560882764146   Elapsed: 1959.38s (32m 39s)  31% completed  (31% total)
     Speed:     ev/sec=109.971   simsec/sec=0.999977   ev/simsec=109.973
     Messages:  created: 44020   present: 8   in FES: 5
** Event #352768   t=1961.740658511303   Elapsed: 1961.56s (32m 41s)  31% completed  (31% total)
     Speed:     ev/sec=117.449   simsec/sec=1.00005   ev/simsec=117.443
     Messages:  created: 44053   present: 9   in FES: 6
** Event #353280   t=1964.386352040477   Elapsed: 1964.2s (32m 44s)  31% completed  (31% total)
     Speed:     ev/sec=193.531   simsec/sec=1.00005   ev/simsec=193.522
     Messages:  created: 44116   present: 8   in FES: 5
** Event #353792   t=1967.443925684707   Elapsed: 1967.27s (32m 47s)  31% completed  (31% total)
     Speed:     ev/sec=166.983   simsec/sec=0.997191   ev/simsec=167.453
     Messages:  created: 44180   present: 11   in FES: 6
** Event #354304   t=1969.719510257801   Elapsed: 1969.54s (32m 49s)  31% completed  (31% total)
     Speed:     ev/sec=225.83   simsec/sec=1.0037   ev/simsec=224.997
     Messages:  created: 44244   present: 10   in FES: 7
** Event #355072   t=1972.519209137433   Elapsed: 1972.33s (32m 52s)  31% completed  (31% total)
     Speed:     ev/sec=274.328   simsec/sec=1.00005   ev/simsec=274.315
     Messages:  created: 44342   present: 15   in FES: 7
** Event #355840   t=1974.708567701896   Elapsed: 1974.52s (32m 54s)  31% completed  (31% total)
     Speed:     ev/sec=350.786   simsec/sec=0.999995   ev/simsec=350.788
     Messages:  created: 44445   present: 34   in FES: 7
** Event #356608   t=1976.741081183335   Elapsed: 1976.56s (32m 56s)  31% completed  (31% total)
     Speed:     ev/sec=377.854   simsec/sec=0.999991   ev/simsec=377.857
     Messages:  created: 44538   present: 26   in FES: 7
** Event #357120   t=1979.950865485951   Elapsed: 1979.77s (32m 59s)  31% completed  (31% total)
     Speed:     ev/sec=159.513   simsec/sec=1   ev/simsec=159.512
     Messages:  created: 44596   present: 10   in FES: 7
** Event #357888   t=1983.175834343833   Elapsed: 1982.99s (33m 02s)  31% completed  (31% total)
     Speed:     ev/sec=238.134   simsec/sec=0.999969   ev/simsec=238.142
     Messages:  created: 44691   present: 9   in FES: 6
** Event #358400   t=1987.29831330431   Elapsed: 1987.11s (33m 07s)  31% completed  (31% total)
     Speed:     ev/sec=124.203   simsec/sec=1.00005   ev/simsec=124.197
     Messages:  created: 44755   present: 8   in FES: 5
** Event #358912   t=1990.212089162299   Elapsed: 1990.03s (33m 10s)  31% completed  (31% total)
     Speed:     ev/sec=175.702   simsec/sec=0.999916   ev/simsec=175.717
     Messages:  created: 44821   present: 14   in FES: 7
** Event #359424   t=1993.340912105843   Elapsed: 1993.16s (33m 13s)  31% completed  (31% total)
     Speed:     ev/sec=163.32   simsec/sec=0.998048   ev/simsec=163.64
     Messages:  created: 44884   present: 12   in FES: 6
** Event #359936   t=1996.38746431885   Elapsed: 1996.2s (33m 16s)  31% completed  (31% total)
     Speed:     ev/sec=168.398   simsec/sec=1.00202   ev/simsec=168.059
     Messages:  created: 44946   present: 9   in FES: 6
** Event #360448   t=1999.177384645501   Elapsed: 1998.99s (33m 18s)  31% completed  (31% total)
     Speed:     ev/sec=183.521   simsec/sec=1.00002   ev/simsec=183.518
     Messages:  created: 45010   present: 9   in FES: 6
** Event #360960   t=2001.236877360901   Elapsed: 2001.05s (33m 21s)  31% completed  (31% total)
     Speed:     ev/sec=248.591   simsec/sec=0.999946   ev/simsec=248.605
     Messages:  created: 45076   present: 16   in FES: 7
** Event #361728   t=2003.814247198269   Elapsed: 2003.63s (33m 23s)  31% completed  (31% total)
     Speed:     ev/sec=297.986   simsec/sec=1.00003   ev/simsec=297.978
     Messages:  created: 45169   present: 8   in FES: 5
** Event #362240   t=2006.521428406798   Elapsed: 2006.35s (33m 26s)  31% completed  (31% total)
     Speed:     ev/sec=188.384   simsec/sec=0.996073   ev/simsec=189.127
     Messages:  created: 45237   present: 18   in FES: 6
** Event #363008   t=2009.247603017994   Elapsed: 2009.06s (33m 29s)  31% completed  (31% total)
     Speed:     ev/sec=282.833   simsec/sec=1.00398   ev/simsec=281.713
     Messages:  created: 45331   present: 12   in FES: 7
** Event #364032   t=2011.258164403794   Elapsed: 2011.09s (33m 31s)  31% completed  (31% total)
     Speed:     ev/sec=505.278   simsec/sec=0.992083   ev/simsec=509.31
     Messages:  created: 45482   present: 74   in FES: 6
** Event #364800   t=2014.197629361267   Elapsed: 2014.03s (33m 34s)  31% completed  (31% total)
     Speed:     ev/sec=261.609   simsec/sec=1.00129   ev/simsec=261.272
     Messages:  created: 45554   present: 10   in FES: 6
** Event #365312   t=2016.325790775691   Elapsed: 2016.14s (33m 36s)  32% completed  (32% total)
     Speed:     ev/sec=241.979   simsec/sec=1.0058   ev/simsec=240.583
     Messages:  created: 45617   present: 8   in FES: 5
** Event #365568   t=2018.431034325682   Elapsed: 2018.25s (33m 38s)  32% completed  (32% total)
     Speed:     ev/sec=121.589   simsec/sec=0.999903   ev/simsec=121.601
     Messages:  created: 45649   present: 8   in FES: 5
** Event #366080   t=2022.595500293863   Elapsed: 2022.41s (33m 42s)  32% completed  (32% total)
     Speed:     ev/sec=122.948   simsec/sec=1.00002   ev/simsec=122.945
     Messages:  created: 45713   present: 8   in FES: 5
** Event #366592   t=2025.948873426788   Elapsed: 2025.77s (33m 45s)  32% completed  (32% total)
     Speed:     ev/sec=152.441   simsec/sec=0.998422   ev/simsec=152.682
     Messages:  created: 45776   present: 8   in FES: 5
** Event #367104   t=2029.631834901836   Elapsed: 2029.45s (33m 49s)  32% completed  (32% total)
     Speed:     ev/sec=139.219   simsec/sec=1.00144   ev/simsec=139.019
     Messages:  created: 45842   present: 12   in FES: 7
** Event #367616   t=2032.487719607008   Elapsed: 2032.35s (33m 52s)  32% completed  (32% total)
     Speed:     ev/sec=176.669   simsec/sec=0.98544   ev/simsec=179.279
     Messages:  created: 45904   present: 8   in FES: 5
** Event #368128   t=2035.666101243166   Elapsed: 2035.48s (33m 55s)  32% completed  (32% total)
     Speed:     ev/sec=163.259   simsec/sec=1.01348   ev/simsec=161.088
     Messages:  created: 45969   present: 10   in FES: 7
** Event #368640   t=2038.863439074008   Elapsed: 2038.72s (33m 58s)  32% completed  (32% total)
     Speed:     ev/sec=157.96   simsec/sec=0.986431   ev/simsec=160.133
     Messages:  created: 46032   present: 8   in FES: 5
** Event #369152   t=2041.701562740008   Elapsed: 2041.54s (34m 01s)  32% completed  (32% total)
     Speed:     ev/sec=181.581   simsec/sec=1.00654   ev/simsec=180.401
     Messages:  created: 46096   present: 9   in FES: 6
** Event #369664   t=2043.791153980882   Elapsed: 2043.61s (34m 03s)  32% completed  (32% total)
     Speed:     ev/sec=247.81   simsec/sec=1.01137   ev/simsec=245.024
     Messages:  created: 46160   present: 9   in FES: 6
** Event #370176   t=2046.811908880047   Elapsed: 2046.63s (34m 06s)  32% completed  (32% total)
     Speed:     ev/sec=169.604   simsec/sec=1.00065   ev/simsec=169.494
     Messages:  created: 46225   present: 11   in FES: 7
** Event #370688   t=2049.362549799031   Elapsed: 2049.18s (34m 09s)  32% completed  (32% total)
     Speed:     ev/sec=200.741   simsec/sec=1.00003   ev/simsec=200.734
     Messages:  created: 46288   present: 8   in FES: 5
** Event #371456   t=2052.586912243378   Elapsed: 2052.41s (34m 12s)  32% completed  (32% total)
     Speed:     ev/sec=237.649   simsec/sec=0.997745   ev/simsec=238.187
     Messages:  created: 46384   present: 9   in FES: 6
** Event #371968   t=2056.958126943108   Elapsed: 2056.88s (34m 16s)  32% completed  (32% total)
     Speed:     ev/sec=114.628   simsec/sec=0.978644   ev/simsec=117.13
     Messages:  created: 46446   present: 7   in FES: 4
** Event #372224   t=2059.082903313738   Elapsed: 2058.9s (34m 18s)  32% completed  (32% total)
     Speed:     ev/sec=126.595   simsec/sec=1.05073   ev/simsec=120.483
     Messages:  created: 46480   present: 11   in FES: 7
** Event #372736   t=2062.592009074291   Elapsed: 2062.41s (34m 22s)  32% completed  (32% total)
     Speed:     ev/sec=145.91   simsec/sec=1.00002   ev/simsec=145.906
     Messages:  created: 46543   present: 9   in FES: 6
** Event #373248   t=2065.698493292525   Elapsed: 2065.51s (34m 25s)  32% completed  (32% total)
     Speed:     ev/sec=164.818   simsec/sec=1.00001   ev/simsec=164.817
     Messages:  created: 46607   present: 10   in FES: 7
** Event #373504   t=2067.664542012932   Elapsed: 2067.64s (34m 27s)  32% completed  (32% total)
     Speed:     ev/sec=120.646   simsec/sec=0.926545   ev/simsec=130.21
     Messages:  created: 46638   present: 7   in FES: 4
** Event #374016   t=2070.925432719823   Elapsed: 2070.74s (34m 30s)  32% completed  (32% total)
     Speed:     ev/sec=164.893   simsec/sec=1.05019   ev/simsec=157.012
     Messages:  created: 46704   present: 12   in FES: 6
** Event #374784   t=2073.110444150051   Elapsed: 2072.93s (34m 32s)  32% completed  (32% total)
     Speed:     ev/sec=351.516   simsec/sec=1.00009   ev/simsec=351.486
     Messages:  created: 46799   present: 9   in FES: 6
** Event #375040   t=2075.150021242819   Elapsed: 2074.97s (34m 34s)  32% completed  (32% total)
     Speed:     ev/sec=125.503   simsec/sec=0.999891   ev/simsec=125.516
     Messages:  created: 46831   present: 10   in FES: 6
** Event #375552   t=2078.429851234443   Elapsed: 2078.25s (34m 38s)  32% completed  (32% total)
     Speed:     ev/sec=156.109   simsec/sec=1.00002   ev/simsec=156.106
     Messages:  created: 46895   present: 9   in FES: 6
** Event #375808   t=2080.452958256592   Elapsed: 2080.27s (34m 40s)  33% completed  (33% total)
     Speed:     ev/sec=126.531   simsec/sec=0.999941   ev/simsec=126.538
     Messages:  created: 46928   present: 11   in FES: 7
** Event #376576   t=2082.919042699102   Elapsed: 2082.73s (34m 42s)  33% completed  (33% total)
     Speed:     ev/sec=311.42   simsec/sec=0.999986   ev/simsec=311.425
     Messages:  created: 47025   present: 14   in FES: 7
** Event #377088   t=2085.448032410303   Elapsed: 2085.26s (34m 45s)  33% completed  (33% total)
     Speed:     ev/sec=202.448   simsec/sec=0.99998   ev/simsec=202.452
     Messages:  created: 47085   present: 8   in FES: 5
** Event #377600   t=2087.437039997509   Elapsed: 2087.27s (34m 47s)  33% completed  (33% total)
     Speed:     ev/sec=254.598   simsec/sec=0.989059   ev/simsec=257.415
     Messages:  created: 47151   present: 13   in FES: 6
** Event #378112   t=2089.853620669833   Elapsed: 2089.67s (34m 49s)  33% completed  (33% total)
     Speed:     ev/sec=213.837   simsec/sec=1.00929   ev/simsec=211.87
     Messages:  created: 47213   present: 8   in FES: 5
** Event #378624   t=2093.659821195549   Elapsed: 2093.48s (34m 53s)  33% completed  (33% total)
     Speed:     ev/sec=134.509   simsec/sec=0.999934   ev/simsec=134.517
     Messages:  created: 47277   present: 8   in FES: 5
** Event #379136   t=2096.652870729685   Elapsed: 2096.47s (34m 56s)  33% completed  (33% total)
     Speed:     ev/sec=171.067   simsec/sec=1.00002   ev/simsec=171.063
     Messages:  created: 47341   present: 8   in FES: 5
** Event #379648   t=2099.076828514944   Elapsed: 2098.89s (34m 58s)  33% completed  (33% total)
     Speed:     ev/sec=211.224   simsec/sec=0.999995   ev/simsec=211.225
     Messages:  created: 47407   present: 12   in FES: 7
** Event #380160   t=2101.281596606256   Elapsed: 2101.1s (35m 01s)  33% completed  (33% total)
     Speed:     ev/sec=232.243   simsec/sec=1.00008   ev/simsec=232.224
     Messages:  created: 47469   present: 9   in FES: 6
** Event #380672   t=2104.247632373725   Elapsed: 2104.06s (35m 04s)  33% completed  (33% total)
     Speed:     ev/sec=172.615   simsec/sec=0.999963   ev/simsec=172.621
     Messages:  created: 47534   present: 10   in FES: 6
** Event #381184   t=2106.503761271959   Elapsed: 2106.32s (35m 06s)  33% completed  (33% total)
     Speed:     ev/sec=226.929   simsec/sec=0.999964   ev/simsec=226.937
     Messages:  created: 47597   present: 8   in FES: 5
** Event #381952   t=2108.607563263709   Elapsed: 2108.43s (35m 08s)  33% completed  (33% total)
     Speed:     ev/sec=364.527   simsec/sec=0.998559   ev/simsec=365.053
     Messages:  created: 47704   present: 38   in FES: 6
** Event #382720   t=2111.037310946493   Elapsed: 2110.85s (35m 10s)  33% completed  (33% total)
     Speed:     ev/sec=316.509   simsec/sec=1.00135   ev/simsec=316.082
     Messages:  created: 47789   present: 9   in FES: 6
** Event #383488   t=2113.565797805256   Elapsed: 2113.38s (35m 13s)  33% completed  (33% total)
     Speed:     ev/sec=303.706   simsec/sec=0.999891   ev/simsec=303.739
     Messages:  created: 47885   present: 9   in FES: 6
** Event #384000   t=2115.986398603644   Elapsed: 2115.8s (35m 15s)  33% completed  (33% total)
     Speed:     ev/sec=211.521   simsec/sec=1.00002   ev/simsec=211.518
     Messages:  created: 47948   present: 8   in FES: 5
** Event #384256   t=2118.732225519476   Elapsed: 2118.55s (35m 18s)  33% completed  (33% total)
     Speed:     ev/sec=93.2333   simsec/sec=1.00001   ev/simsec=93.2324
     Messages:  created: 47981   present: 11   in FES: 7
** Event #384768   t=2123.03196745558   Elapsed: 2122.85s (35m 22s)  33% completed  (33% total)
     Speed:     ev/sec=119.082   simsec/sec=1.00004   ev/simsec=119.077
     Messages:  created: 48044   present: 8   in FES: 5
** Event #385024   t=2125.083792646131   Elapsed: 2124.9s (35m 24s)  33% completed  (33% total)
     Speed:     ev/sec=124.768   simsec/sec=1.00001   ev/simsec=124.767
     Messages:  created: 48076   present: 10   in FES: 6
** Event #385280   t=2127.106533531791   Elapsed: 2126.92s (35m 26s)  33% completed  (33% total)
     Speed:     ev/sec=126.558   simsec/sec=0.999976   ev/simsec=126.561
     Messages:  created: 48108   present: 8   in FES: 5
** Event #385536   t=2129.123617768139   Elapsed: 2128.94s (35m 28s)  33% completed  (33% total)
     Speed:     ev/sec=126.915   simsec/sec=0.999991   ev/simsec=126.916
     Messages:  created: 48140   present: 9   in FES: 6
** Event #386048   t=2131.968085967511   Elapsed: 2131.78s (35m 31s)  33% completed  (33% total)
     Speed:     ev/sec=179.99   simsec/sec=0.999952   ev/simsec=179.998
     Messages:  created: 48204   present: 9   in FES: 6
** Event #386816   t=2134.844998525299   Elapsed: 2134.66s (35m 34s)  33% completed  (33% total)
     Speed:     ev/sec=266.963   simsec/sec=1.00004   ev/simsec=266.953
     Messages:  created: 48301   present: 11   in FES: 7
** Event #387584   t=2136.957937362729   Elapsed: 2136.77s (35m 36s)  33% completed  (33% total)
     Speed:     ev/sec=363.481   simsec/sec=1.00002   ev/simsec=363.475
     Messages:  created: 48402   present: 26   in FES: 7
** Event #388608   t=2139.430456078486   Elapsed: 2139.25s (35m 39s)  33% completed  (33% total)
     Speed:     ev/sec=413.071   simsec/sec=0.997389   ev/simsec=414.153
     Messages:  created: 48531   present: 28   in FES: 6
** Event #389376   t=2141.519894573553   Elapsed: 2141.34s (35m 41s)  33% completed  (33% total)
     Speed:     ev/sec=368.716   simsec/sec=1.00314   ev/simsec=367.563
     Messages:  created: 48622   present: 15   in FES: 7
** Event #390144   t=2144.106845907926   Elapsed: 2143.92s (35m 43s)  34% completed  (34% total)
     Speed:     ev/sec=296.86   simsec/sec=0.999952   ev/simsec=296.875
     Messages:  created: 48716   present: 9   in FES: 6
** Event #390656   t=2147.64488132484   Elapsed: 2147.48s (35m 47s)  34% completed  (34% total)
     Speed:     ev/sec=143.998   simsec/sec=0.995061   ev/simsec=144.713
     Messages:  created: 48779   present: 10   in FES: 6
** Event #391168   t=2149.737012865705   Elapsed: 2149.55s (35m 49s)  34% completed  (34% total)
     Speed:     ev/sec=246.795   simsec/sec=1.00845   ev/simsec=244.726
     Messages:  created: 48842   present: 8   in FES: 5
** Event #391680   t=2152.084393395711   Elapsed: 2151.91s (35m 51s)  34% completed  (34% total)
     Speed:     ev/sec=217.593   simsec/sec=0.997602   ev/simsec=218.115
     Messages:  created: 48907   present: 10   in FES: 6
** Event #392192   t=2155.064980138859   Elapsed: 2154.88s (35m 54s)  34% completed  (34% total)
     Speed:     ev/sec=172.101   simsec/sec=1.00188   ev/simsec=171.778
     Messages:  created: 48970   present: 8   in FES: 5
** Event #392448   t=2157.169664428915   Elapsed: 2156.99s (35m 56s)  34% completed  (34% total)
     Speed:     ev/sec=121.645   simsec/sec=1.0001   ev/simsec=121.633
     Messages:  created: 49002   present: 8   in FES: 5
** Event #392960   t=2159.781528744549   Elapsed: 2159.6s (35m 59s)  34% completed  (34% total)
     Speed:     ev/sec=196.025   simsec/sec=0.999983   ev/simsec=196.029
     Messages:  created: 49069   present: 15   in FES: 7
** Event #393728   t=2162.700787914646   Elapsed: 2162.52s (36m 02s)  34% completed  (34% total)
     Speed:     ev/sec=263.084   simsec/sec=1.00001   ev/simsec=263.08
     Messages:  created: 49163   present: 10   in FES: 6
** Event #394240   t=2165.079247814722   Elapsed: 2164.89s (36m 04s)  34% completed  (34% total)
     Speed:     ev/sec=215.24   simsec/sec=0.999884   ev/simsec=215.265
     Messages:  created: 49226   present: 9   in FES: 6
** Event #394752   t=2167.140675546594   Elapsed: 2166.96s (36m 06s)  34% completed  (34% total)
     Speed:     ev/sec=248.402   simsec/sec=1.00012   ev/simsec=248.372
     Messages:  created: 49290   present: 9   in FES: 6
** Event #395520   t=2170.790434301514   Elapsed: 2170.61s (36m 10s)  34% completed  (34% total)
     Speed:     ev/sec=210.421   simsec/sec=0.999983   ev/simsec=210.425
     Messages:  created: 49386   present: 8   in FES: 5
** Event #396032   t=2173.16848794148   Elapsed: 2172.98s (36m 12s)  34% completed  (34% total)
     Speed:     ev/sec=215.297   simsec/sec=0.999976   ev/simsec=215.302
     Messages:  created: 49453   present: 16   in FES: 7
** Event #396544   t=2175.606073755492   Elapsed: 2175.43s (36m 15s)  34% completed  (34% total)
     Speed:     ev/sec=209.184   simsec/sec=0.995905   ev/simsec=210.044
     Messages:  created: 49513   present: 9   in FES: 6
** Event #397056   t=2178.827754468893   Elapsed: 2178.65s (36m 18s)  34% completed  (34% total)
     Speed:     ev/sec=159.277   simsec/sec=1.00223   ev/simsec=158.923
     Messages:  created: 49577   present: 9   in FES: 6
** Event #397568   t=2181.045839427819   Elapsed: 2180.86s (36m 20s)  34% completed  (34% total)
     Speed:     ev/sec=231.103   simsec/sec=1.00118   ev/simsec=230.83
     Messages:  created: 49641   present: 9   in FES: 5
** Event #398336   t=2183.843431819079   Elapsed: 2183.66s (36m 23s)  34% completed  (34% total)
     Speed:     ev/sec=274.56   simsec/sec=1.00014   ev/simsec=274.522
     Messages:  created: 49739   present: 14   in FES: 7
** Event #398848   t=2186.527921471416   Elapsed: 2186.34s (36m 26s)  34% completed  (34% total)
     Speed:     ev/sec=190.712   simsec/sec=0.999932   ev/simsec=190.725
     Messages:  created: 49803   present: 14   in FES: 7
** Event #399360   t=2189.787855418845   Elapsed: 2189.6s (36m 29s)  34% completed  (34% total)
     Speed:     ev/sec=157.064   simsec/sec=1.00004   ev/simsec=157.058
     Messages:  created: 49865   present: 8   in FES: 5
** Event #399616   t=2191.915796967447   Elapsed: 2191.76s (36m 31s)  34% completed  (34% total)
     Speed:     ev/sec=118.844   simsec/sec=0.987863   ev/simsec=120.304
     Messages:  created: 49897   present: 9   in FES: 6
** Event #399872   t=2194.472635684137   Elapsed: 2194.31s (36m 34s)  34% completed  (34% total)
     Speed:     ev/sec=100.47   simsec/sec=1.00345   ev/simsec=100.124
     Messages:  created: 49929   present: 9   in FES: 6
** Event #400640   t=2196.955980277488   Elapsed: 2196.77s (36m 36s)  34% completed  (34% total)
     Speed:     ev/sec=311.414   simsec/sec=1.00696   ev/simsec=309.26
     Messages:  created: 50026   present: 11   in FES: 6
** Event #401152   t=2199.586327859759   Elapsed: 2199.4s (36m 39s)  34% completed  (34% total)
     Speed:     ev/sec=194.664   simsec/sec=1.00007   ev/simsec=194.651
     Messages:  created: 50089   present: 8   in FES: 5
** Event #401408   t=2202.074523673454   Elapsed: 2201.89s (36m 41s)  34% completed  (34% total)
     Speed:     ev/sec=102.844   simsec/sec=0.99959   ev/simsec=102.886
     Messages:  created: 50121   present: 9   in FES: 5
** Event #401920   t=2204.405478295471   Elapsed: 2204.24s (36m 44s)  34% completed  (34% total)
     Speed:     ev/sec=217.514   simsec/sec=0.990264   ev/simsec=219.652
     Messages:  created: 50185   present: 9   in FES: 6
** Event #402176   t=2206.852472614746   Elapsed: 2206.67s (36m 46s)  35% completed  (35% total)
     Speed:     ev/sec=105.355   simsec/sec=1.00704   ev/simsec=104.618
     Messages:  created: 50215   present: 7   in FES: 4
** Event #402688   t=2210.191037847346   Elapsed: 2210.01s (36m 50s)  35% completed  (35% total)
     Speed:     ev/sec=153.67   simsec/sec=1.00203   ev/simsec=153.359
     Messages:  created: 50280   present: 9   in FES: 6
** Event #403456   t=2212.675817244944   Elapsed: 2212.49s (36m 52s)  35% completed  (35% total)
     Speed:     ev/sec=309.101   simsec/sec=1.00006   ev/simsec=309.082
     Messages:  created: 50376   present: 10   in FES: 6
** Event #403968   t=2216.466318877483   Elapsed: 2216.28s (36m 56s)  35% completed  (35% total)
     Speed:     ev/sec=135.073   simsec/sec=0.999986   ev/simsec=135.074
     Messages:  created: 50440   present: 9   in FES: 6
** Event #404480   t=2218.589169634706   Elapsed: 2218.4s (36m 58s)  35% completed  (35% total)
     Speed:     ev/sec=241.173   simsec/sec=0.999949   ev/simsec=241.185
     Messages:  created: 50510   present: 20   in FES: 6
** Event #404992   t=2221.116526391422   Elapsed: 2220.93s (37m 00s)  35% completed  (35% total)
     Speed:     ev/sec=202.587   simsec/sec=1.00002   ev/simsec=202.583
     Messages:  created: 50569   present: 7   in FES: 5
** Event #405504   t=2224.311109692828   Elapsed: 2224.13s (37m 04s)  35% completed  (35% total)
     Speed:     ev/sec=160.266   simsec/sec=0.999967   ev/simsec=160.271
     Messages:  created: 50633   present: 7   in FES: 5
** Event #406016   t=2226.942593600746   Elapsed: 2226.76s (37m 06s)  35% completed  (35% total)
     Speed:     ev/sec=194.579   simsec/sec=1.00006   ev/simsec=194.567
     Messages:  created: 50702   present: 20   in FES: 6
** Event #406528   t=2229.695892908963   Elapsed: 2229.56s (37m 09s)  35% completed  (35% total)
     Speed:     ev/sec=182.958   simsec/sec=0.983865   ev/simsec=185.959
     Messages:  created: 50761   present: 8   in FES: 5
** Event #407040   t=2232.404365345896   Elapsed: 2232.22s (37m 12s)  35% completed  (35% total)
     Speed:     ev/sec=192.235   simsec/sec=1.01692   ev/simsec=189.036
     Messages:  created: 50830   present: 20   in FES: 6
** Event #407552   t=2234.792348472919   Elapsed: 2234.61s (37m 14s)  35% completed  (35% total)
     Speed:     ev/sec=214.414   simsec/sec=1.00003   ev/simsec=214.407
     Messages:  created: 50900   present: 39   in FES: 6
** Event #408064   t=2237.759093584827   Elapsed: 2237.57s (37m 17s)  35% completed  (35% total)
     Speed:     ev/sec=172.574   simsec/sec=0.999967   ev/simsec=172.58
     Messages:  created: 50955   present: 15   in FES: 6
** Event #408576   t=2240.377832342912   Elapsed: 2240.19s (37m 20s)  35% completed  (35% total)
     Speed:     ev/sec=195.503   simsec/sec=0.999943   ev/simsec=195.514
     Messages:  created: 51025   present: 31   in FES: 6
** Event #409088   t=2242.572367162   Elapsed: 2242.4s (37m 22s)  35% completed  (35% total)
     Speed:     ev/sec=232.206   simsec/sec=0.995283   ev/simsec=233.307
     Messages:  created: 51102   present: 67   in FES: 5
** Event #409856   t=2245.176493165395   Elapsed: 2244.99s (37m 24s)  35% completed  (35% total)
     Speed:     ev/sec=296.108   simsec/sec=1.00404   ev/simsec=294.917
     Messages:  created: 51242   present: 164   in FES: 6
** Event #410368   t=2247.244339475193   Elapsed: 2247.06s (37m 27s)  35% completed  (35% total)
     Speed:     ev/sec=247.625   simsec/sec=1.0001   ev/simsec=247.601
     Messages:  created: 51321   present: 194   in FES: 6
** Event #410880   t=2249.402706999726   Elapsed: 2249.22s (37m 29s)  35% completed  (35% total)
     Speed:     ev/sec=237.212   simsec/sec=0.999984   ev/simsec=237.216
     Messages:  created: 51400   present: 224   in FES: 6
** Event #411392   t=2251.526060635824   Elapsed: 2251.34s (37m 31s)  35% completed  (35% total)
     Speed:     ev/sec=241.114   simsec/sec=0.999941   ev/simsec=241.128
     Messages:  created: 51463   present: 222   in FES: 6
** Event #411904   t=2253.848694916131   Elapsed: 2253.66s (37m 33s)  35% completed  (35% total)
     Speed:     ev/sec=220.432   simsec/sec=0.999965   ev/simsec=220.439
     Messages:  created: 51539   present: 247   in FES: 7
** Event #412672   t=2256.75285067453   Elapsed: 2256.57s (37m 36s)  35% completed  (35% total)
     Speed:     ev/sec=264.459   simsec/sec=1.00004   ev/simsec=264.449
     Messages:  created: 51659   present: 295   in FES: 7
** Event #413184   t=2258.938146327007   Elapsed: 2258.75s (37m 38s)  35% completed  (35% total)
     Speed:     ev/sec=234.282   simsec/sec=0.99995   ev/simsec=234.293
     Messages:  created: 51727   present: 302   in FES: 6
** Event #413952   t=2261.66696403593   Elapsed: 2261.48s (37m 41s)  35% completed  (35% total)
     Speed:     ev/sec=281.469   simsec/sec=1.0001   ev/simsec=281.441
     Messages:  created: 51857   present: 371   in FES: 7
** Event #414720   t=2264.505350450167   Elapsed: 2264.32s (37m 44s)  35% completed  (35% total)
     Speed:     ev/sec=270.579   simsec/sec=1.00001   ev/simsec=270.576
     Messages:  created: 51988   present: 440   in FES: 6
** Event #415488   t=2267.374675389422   Elapsed: 2267.19s (37m 47s)  35% completed  (35% total)
     Speed:     ev/sec=267.205   simsec/sec=0.998306   ev/simsec=267.659
     Messages:  created: 52107   present: 489   in FES: 5
** Event #416000   t=2269.646267210409   Elapsed: 2269.48s (37m 49s)  36% completed  (36% total)
     Speed:     ev/sec=223.861   simsec/sec=0.993207   ev/simsec=225.393
     Messages:  created: 52173   present: 493   in FES: 5
** Event #416512   t=2271.695664164659   Elapsed: 2271.51s (37m 51s)  36% completed  (36% total)
     Speed:     ev/sec=251.862   simsec/sec=1.00813   ev/simsec=249.83
     Messages:  created: 52233   present: 483   in FES: 5
** Event #417280   t=2274.226585630085   Elapsed: 2274.04s (37m 54s)  36% completed  (36% total)
     Speed:     ev/sec=303.892   simsec/sec=1.00147   ev/simsec=303.447
     Messages:  created: 52318   present: 446   in FES: 7
** Event #418048   t=2276.668843102483   Elapsed: 2276.48s (37m 56s)  36% completed  (36% total)
     Speed:     ev/sec=314.437   simsec/sec=0.999917   ev/simsec=314.463
     Messages:  created: 52419   present: 446   in FES: 7
** Event #418560   t=2279.094566519418   Elapsed: 2278.97s (37m 58s)  36% completed  (36% total)
     Speed:     ev/sec=206.361   simsec/sec=0.977685   ev/simsec=211.071
     Messages:  created: 52462   present: 397   in FES: 5
** Event #419072   t=2281.678440049676   Elapsed: 2281.49s (38m 01s)  36% completed  (36% total)
     Speed:     ev/sec=202.506   simsec/sec=1.02197   ev/simsec=198.152
     Messages:  created: 52515   present: 376   in FES: 7
** Event #419584   t=2284.154416342397   Elapsed: 2283.97s (38m 03s)  36% completed  (36% total)
     Speed:     ev/sec=206.788   simsec/sec=1   ev/simsec=206.787
     Messages:  created: 52577   present: 366   in FES: 6
** Event #420352   t=2287.488576718034   Elapsed: 2287.3s (38m 07s)  36% completed  (36% total)
     Speed:     ev/sec=230.338   simsec/sec=0.999979   ev/simsec=230.343
     Messages:  created: 52657   present: 325   in FES: 6
** Event #420864   t=2290.34530567699   Elapsed: 2290.16s (38m 10s)  36% completed  (36% total)
     Speed:     ev/sec=179.239   simsec/sec=1.00007   ev/simsec=179.226
     Messages:  created: 52705   present: 293   in FES: 6
** Event #421632   t=2293.196781605687   Elapsed: 2293.01s (38m 13s)  36% completed  (36% total)
     Speed:     ev/sec=269.322   simsec/sec=0.999954   ev/simsec=269.334
     Messages:  created: 52818   present: 328   in FES: 6
** Event #422144   t=2295.682310984033   Elapsed: 2295.5s (38m 15s)  36% completed  (36% total)
     Speed:     ev/sec=205.997   simsec/sec=1.00002   ev/simsec=205.992
     Messages:  created: 52884   present: 333   in FES: 6
** Event #422656   t=2298.127213076388   Elapsed: 2297.94s (38m 17s)  36% completed  (36% total)
     Speed:     ev/sec=209.419   simsec/sec=1.00002   ev/simsec=209.415
     Messages:  created: 52958   present: 354   in FES: 7
** Event #423168   t=2300.348893228029   Elapsed: 2300.16s (38m 20s)  36% completed  (36% total)
     Speed:     ev/sec=230.451   simsec/sec=0.999978   ev/simsec=230.456
     Messages:  created: 53033   present: 375   in FES: 6
** Event #423680   t=2302.971390543537   Elapsed: 2302.79s (38m 22s)  36% completed  (36% total)
     Speed:     ev/sec=195.232   simsec/sec=0.999989   ev/simsec=195.234
     Messages:  created: 53100   present: 381   in FES: 6
** Event #424192   t=2305.513939179676   Elapsed: 2305.33s (38m 25s)  36% completed  (36% total)
     Speed:     ev/sec=201.361   simsec/sec=0.999944   ev/simsec=201.373
     Messages:  created: 53154   present: 362   in FES: 7
** Event #424704   t=2308.222510881196   Elapsed: 2308.07s (38m 28s)  36% completed  (36% total)
     Speed:     ev/sec=186.717   simsec/sec=0.987766   ev/simsec=189.03
     Messages:  created: 53207   present: 338   in FES: 5
** Event #425216   t=2310.460513101651   Elapsed: 2310.28s (38m 30s)  36% completed  (36% total)
     Speed:     ev/sec=232.275   simsec/sec=1.0153   ev/simsec=228.775
     Messages:  created: 53276   present: 347   in FES: 6
** Event #425728   t=2312.543287580739   Elapsed: 2312.36s (38m 32s)  36% completed  (36% total)
     Speed:     ev/sec=245.814   simsec/sec=0.999953   ev/simsec=245.826
     Messages:  created: 53342   present: 349   in FES: 7
** Event #426240   t=2315.074134723233   Elapsed: 2314.89s (38m 34s)  36% completed  (36% total)
     Speed:     ev/sec=202.315   simsec/sec=1.00005   ev/simsec=202.304
     Messages:  created: 53404   present: 344   in FES: 6
** Event #426752   t=2317.433001056156   Elapsed: 2317.25s (38m 37s)  36% completed  (36% total)
     Speed:     ev/sec=217.062   simsec/sec=1.00004   ev/simsec=217.053
     Messages:  created: 53477   present: 362   in FES: 6
** Event #427264   t=2319.705268087213   Elapsed: 2319.52s (38m 39s)  36% completed  (36% total)
     Speed:     ev/sec=225.299   simsec/sec=0.99988   ev/simsec=225.326
     Messages:  created: 53545   present: 370   in FES: 6
** Event #427776   t=2322.188717519068   Elapsed: 2322s (38m 42s)  36% completed  (36% total)
     Speed:     ev/sec=206.171   simsec/sec=1.00003   ev/simsec=206.165
     Messages:  created: 53607   present: 366   in FES: 6
** Event #428288   t=2324.47797019636   Elapsed: 2324.29s (38m 44s)  36% completed  (36% total)
     Speed:     ev/sec=223.657   simsec/sec=1.00002   ev/simsec=223.654
     Messages:  created: 53673   present: 370   in FES: 6
** Event #428800   t=2326.871763798387   Elapsed: 2326.69s (38m 46s)  36% completed  (36% total)
     Speed:     ev/sec=213.874   simsec/sec=0.999942   ev/simsec=213.886
     Messages:  created: 53743   present: 384   in FES: 6
** Event #429568   t=2328.941980539792   Elapsed: 2328.76s (38m 48s)  36% completed  (36% total)
     Speed:     ev/sec=370.997   simsec/sec=1.00006   ev/simsec=370.976
     Messages:  created: 53869   present: 438   in FES: 6
** Event #430080   t=2331.083193695267   Elapsed: 2330.9s (38m 50s)  37% completed  (37% total)
     Speed:     ev/sec=239.126   simsec/sec=1.00004   ev/simsec=239.117
     Messages:  created: 53942   present: 457   in FES: 7
** Event #430592   t=2333.528338499378   Elapsed: 2333.34s (38m 53s)  37% completed  (37% total)
     Speed:     ev/sec=209.4   simsec/sec=1.00002   ev/simsec=209.395
     Messages:  created: 54012   present: 468   in FES: 6
** Event #431104   t=2335.841181984981   Elapsed: 2335.66s (38m 55s)  37% completed  (37% total)
     Speed:     ev/sec=221.36   simsec/sec=0.999945   ev/simsec=221.373
     Messages:  created: 54072   present: 457   in FES: 7
** Event #431616   t=2337.944622775527   Elapsed: 2337.83s (38m 57s)  37% completed  (37% total)
     Speed:     ev/sec=235.838   simsec/sec=0.968891   ev/simsec=243.411
     Messages:  created: 54127   present: 432   in FES: 5
** Event #432384   t=2340.762189980605   Elapsed: 2340.58s (39m 00s)  37% completed  (37% total)
     Speed:     ev/sec=279.273   simsec/sec=1.02457   ev/simsec=272.576
     Messages:  created: 54196   present: 364   in FES: 6
** Event #432896   t=2342.785964141378   Elapsed: 2342.6s (39m 02s)  37% completed  (37% total)
     Speed:     ev/sec=252.969   simsec/sec=0.999908   ev/simsec=252.993
     Messages:  created: 54263   present: 370   in FES: 6
** Event #433664   t=2345.478631300243   Elapsed: 2345.29s (39m 05s)  37% completed  (37% total)
     Speed:     ev/sec=285.224   simsec/sec=1.00002   ev/simsec=285.219
     Messages:  created: 54387   present: 422   in FES: 7
** Event #434176   t=2347.723016020624   Elapsed: 2347.55s (39m 07s)  37% completed  (37% total)
     Speed:     ev/sec=227.004   simsec/sec=0.995086   ev/simsec=228.125
     Messages:  created: 54461   present: 441   in FES: 5
** Event #434688   t=2349.775527736402   Elapsed: 2349.62s (39m 09s)  37% completed  (37% total)
     Speed:     ev/sec=246.908   simsec/sec=0.989807   ev/simsec=249.45
     Messages:  created: 54536   present: 463   in FES: 5
** Event #435456   t=2352.275652575603   Elapsed: 2352.09s (39m 12s)  37% completed  (37% total)
     Speed:     ev/sec=311.215   simsec/sec=1.01312   ev/simsec=307.185
     Messages:  created: 54659   present: 516   in FES: 6
** Event #436224   t=2354.554294354665   Elapsed: 2354.37s (39m 14s)  37% completed  (37% total)
     Speed:     ev/sec=337.045   simsec/sec=1.00001   ev/simsec=337.043
     Messages:  created: 54754   present: 499   in FES: 6
** Event #436992   t=2357.547143255332   Elapsed: 2357.36s (39m 17s)  37% completed  (37% total)
     Speed:     ev/sec=256.599   simsec/sec=0.999951   ev/simsec=256.612
     Messages:  created: 54850   present: 495   in FES: 7
** Event #437504   t=2360.111962879979   Elapsed: 2359.93s (39m 19s)  37% completed  (37% total)
     Speed:     ev/sec=199.629   simsec/sec=1.00003   ev/simsec=199.624
     Messages:  created: 54893   present: 448   in FES: 8
** Event #438272   t=2363.120526056871   Elapsed: 2362.94s (39m 22s)  37% completed  (37% total)
     Speed:     ev/sec=255.267   simsec/sec=0.999984   ev/simsec=255.271
     Messages:  created: 54950   present: 353   in FES: 7
** Event #438784   t=2365.208125245709   Elapsed: 2365.02s (39m 25s)  37% completed  (37% total)
     Speed:     ev/sec=245.261   simsec/sec=1.00001   ev/simsec=245.258
     Messages:  created: 55004   present: 328   in FES: 8
** Event #439552   t=2368.360490261073   Elapsed: 2368.18s (39m 28s)  37% completed  (37% total)
     Speed:     ev/sec=243.635   simsec/sec=1.00003   ev/simsec=243.627
     Messages:  created: 55109   present: 342   in FES: 7
** Event #440320   t=2371.423604839702   Elapsed: 2371.24s (39m 31s)  37% completed  (37% total)
     Speed:     ev/sec=250.725   simsec/sec=1   ev/simsec=250.725
     Messages:  created: 55223   present: 378   in FES: 7
** Event #440832   t=2373.698187514442   Elapsed: 2373.51s (39m 33s)  37% completed  (37% total)
     Speed:     ev/sec=225.092   simsec/sec=0.999981   ev/simsec=225.096
     Messages:  created: 55293   present: 390   in FES: 7
** Event #441344   t=2375.877721378207   Elapsed: 2375.69s (39m 35s)  37% completed  (37% total)
     Speed:     ev/sec=234.929   simsec/sec=1.00007   ev/simsec=234.913
     Messages:  created: 55364   present: 404   in FES: 7
** Event #441856   t=2377.987877001423   Elapsed: 2377.8s (39m 37s)  37% completed  (37% total)
     Speed:     ev/sec=242.633   simsec/sec=0.999988   ev/simsec=242.636
     Messages:  created: 55435   present: 418   in FES: 7
** Event #442368   t=2380.038820668297   Elapsed: 2379.85s (39m 39s)  37% completed  (37% total)
     Speed:     ev/sec=249.622   simsec/sec=0.999922   ev/simsec=249.641
     Messages:  created: 55500   present: 420   in FES: 7
** Event #442880   t=2382.364978647255   Elapsed: 2382.18s (39m 42s)  37% completed  (37% total)
     Speed:     ev/sec=220.104   simsec/sec=0.999992   ev/simsec=220.105
     Messages:  created: 55563   present: 415   in FES: 7
** Event #443648   t=2384.85544631355   Elapsed: 2384.67s (39m 44s)  37% completed  (37% total)
     Speed:     ev/sec=308.387   simsec/sec=1.00004   ev/simsec=308.376
     Messages:  created: 55684   present: 467   in FES: 7
** Event #444416   t=2387.547603076021   Elapsed: 2387.36s (39m 47s)  37% completed  (37% total)
     Speed:     ev/sec=285.281   simsec/sec=1.00003   ev/simsec=285.273
     Messages:  created: 55789   present: 476   in FES: 7
** Event #445184   t=2390.235548898843   Elapsed: 2390.05s (39m 50s)  37% completed  (37% total)
     Speed:     ev/sec=285.684   simsec/sec=0.999874   ev/simsec=285.72
     Messages:  created: 55897   present: 498   in FES: 8
** Event #445952   t=2393.17264620249   Elapsed: 2392.99s (39m 52s)  37% completed  (37% total)
     Speed:     ev/sec=261.488   simsec/sec=1.00002   ev/simsec=261.483
     Messages:  created: 56002   present: 507   in FES: 8
** Event #446720   t=2395.723244393922   Elapsed: 2395.54s (39m 55s)  38% completed  (38% total)
     Speed:     ev/sec=301.126   simsec/sec=1.00007   ev/simsec=301.106
     Messages:  created: 56092   present: 486   in FES: 7
** Event #447744   t=2398.475965019293   Elapsed: 2398.29s (39m 58s)  38% completed  (38% total)
     Speed:     ev/sec=371.992   simsec/sec=0.99999   ev/simsec=371.996
     Messages:  created: 56256   present: 550   in FES: 9
** Event #448512   t=2400.955863466176   Elapsed: 2400.77s (40m 00s)  38% completed  (38% total)
     Speed:     ev/sec=309.689   simsec/sec=0.999997   ev/simsec=309.69
     Messages:  created: 56346   present: 525   in FES: 8
** Event #449024   t=2402.959829765273   Elapsed: 2402.78s (40m 02s)  38% completed  (38% total)
     Speed:     ev/sec=255.494   simsec/sec=1   ev/simsec=255.493
     Messages:  created: 56413   present: 526   in FES: 7
** Event #449792   t=2405.713442987081   Elapsed: 2405.53s (40m 05s)  38% completed  (38% total)
     Speed:     ev/sec=278.907   simsec/sec=1   ev/simsec=278.906
     Messages:  created: 56510   present: 520   in FES: 7
** Event #450560   t=2408.209808903673   Elapsed: 2408.03s (40m 08s)  38% completed  (38% total)
     Speed:     ev/sec=307.635   simsec/sec=0.99996   ev/simsec=307.647
     Messages:  created: 56576   present: 436   in FES: 9
** Event #451072   t=2410.599628153934   Elapsed: 2410.42s (40m 10s)  38% completed  (38% total)
     Speed:     ev/sec=214.247   simsec/sec=1.00002   ev/simsec=214.242
     Messages:  created: 56625   present: 402   in FES: 9
** Event #451584   t=2412.861769063859   Elapsed: 2412.68s (40m 12s)  38% completed  (38% total)
     Speed:     ev/sec=226.337   simsec/sec=1.00001   ev/simsec=226.334
     Messages:  created: 56673   present: 366   in FES: 8
** Event #452096   t=2415.106074201626   Elapsed: 2414.92s (40m 14s)  38% completed  (38% total)
     Speed:     ev/sec=228.13   simsec/sec=0.999988   ev/simsec=228.133
     Messages:  created: 56726   present: 341   in FES: 7
** Event #452864   t=2417.929704505171   Elapsed: 2417.75s (40m 17s)  38% completed  (38% total)
     Speed:     ev/sec=271.997   simsec/sec=1.00002   ev/simsec=271.99
     Messages:  created: 56798   present: 288   in FES: 7
** Event #453376   t=2420.00082547477   Elapsed: 2419.82s (40m 19s)  38% completed  (38% total)
     Speed:     ev/sec=247.197   simsec/sec=0.999951   ev/simsec=247.209
     Messages:  created: 56852   present: 269   in FES: 8
** Event #454144   t=2422.053890427084   Elapsed: 2421.87s (40m 21s)  38% completed  (38% total)
     Speed:     ev/sec=374.054   simsec/sec=0.999945   ev/simsec=374.075
     Messages:  created: 56948   present: 270   in FES: 7
** Event #454912   t=2424.538258215054   Elapsed: 2424.37s (40m 24s)  38% completed  (38% total)
     Speed:     ev/sec=306.63   simsec/sec=0.991903   ev/simsec=309.133
     Messages:  created: 57031   present: 243   in FES: 6
** Event #455424   t=2426.511820562994   Elapsed: 2426.39s (40m 26s)  38% completed  (38% total)
     Speed:     ev/sec=254.384   simsec/sec=0.980552   ev/simsec=259.429
     Messages:  created: 57087   present: 227   in FES: 6
** Event #456192   t=2428.678954779592   Elapsed: 2428.5s (40m 28s)  38% completed  (38% total)
     Speed:     ev/sec=363.487   simsec/sec=1.02568   ev/simsec=354.385
     Messages:  created: 57183   present: 228   in FES: 6
** Event #456960   t=2431.11570929255   Elapsed: 2430.93s (40m 30s)  38% completed  (38% total)
     Speed:     ev/sec=315.864   simsec/sec=1.00219   ev/simsec=315.173
     Messages:  created: 57270   present: 208   in FES: 7
** Event #457728   t=2433.366085172253   Elapsed: 2433.18s (40m 33s)  38% completed  (38% total)
     Speed:     ev/sec=341.265   simsec/sec=0.999967   ev/simsec=341.276
     Messages:  created: 57356   present: 188   in FES: 7
** Event #458496   t=2435.950692055285   Elapsed: 2435.77s (40m 35s)  38% completed  (38% total)
     Speed:     ev/sec=297.138   simsec/sec=0.999981   ev/simsec=297.144
     Messages:  created: 57438   present: 160   in FES: 6
** Event #459264   t=2438.302884520016   Elapsed: 2438.12s (40m 38s)  38% completed  (38% total)
     Speed:     ev/sec=326.465   simsec/sec=0.999882   ev/simsec=326.504
     Messages:  created: 57519   present: 131   in FES: 6
** Event #460032   t=2440.46234587209   Elapsed: 2440.28s (40m 40s)  38% completed  (38% total)
     Speed:     ev/sec=355.697   simsec/sec=1.00015   ev/simsec=355.644
     Messages:  created: 57610   present: 120   in FES: 6
** Event #460544   t=2442.840233332213   Elapsed: 2442.66s (40m 42s)  38% completed  (38% total)
     Speed:     ev/sec=215.335   simsec/sec=1.00008   ev/simsec=215.317
     Messages:  created: 57654   present: 72   in FES: 7
** Event #461056   t=2445.014332169293   Elapsed: 2444.83s (40m 44s)  38% completed  (38% total)
     Speed:     ev/sec=235.487   simsec/sec=0.999944   ev/simsec=235.5
     Messages:  created: 57698   present: 20   in FES: 6
** Event #461568   t=2447.439923093328   Elapsed: 2447.29s (40m 47s)  38% completed  (38% total)
     Speed:     ev/sec=208.019   simsec/sec=0.985485   ev/simsec=211.083
     Messages:  created: 57757   present: 8   in FES: 5
** Event #462080   t=2450.031719597303   Elapsed: 2449.85s (40m 49s)  38% completed  (38% total)
     Speed:     ev/sec=200.314   simsec/sec=1.01401   ev/simsec=197.546
     Messages:  created: 57822   present: 11   in FES: 7
** Event #462848   t=2452.692597946037   Elapsed: 2452.51s (40m 52s)  38% completed  (38% total)
     Speed:     ev/sec=288.625   simsec/sec=0.999994   ev/simsec=288.626
     Messages:  created: 57918   present: 10   in FES: 7
** Event #463360   t=2455.007505417278   Elapsed: 2454.85s (40m 54s)  38% completed  (38% total)
     Speed:     ev/sec=218.524   simsec/sec=0.988014   ev/simsec=221.175
     Messages:  created: 57981   present: 8   in FES: 5
** Event #464128   t=2457.200697720053   Elapsed: 2457.02s (40m 57s)  39% completed  (39% total)
     Speed:     ev/sec=354.696   simsec/sec=1.01291   ev/simsec=350.174
     Messages:  created: 58082   present: 22   in FES: 7
** Event #464640   t=2459.285847545995   Elapsed: 2459.1s (40m 59s)  39% completed  (39% total)
     Speed:     ev/sec=245.555   simsec/sec=1.00004   ev/simsec=245.546
     Messages:  created: 58143   present: 13   in FES: 7
** Event #465408   t=2461.727324988705   Elapsed: 2461.55s (41m 01s)  39% completed  (39% total)
     Speed:     ev/sec=313.679   simsec/sec=0.997188   ev/simsec=314.564
     Messages:  created: 58237   present: 9   in FES: 6
** Event #466176   t=2463.80103123302   Elapsed: 2463.63s (41m 03s)  39% completed  (39% total)
     Speed:     ev/sec=369.612   simsec/sec=0.998005   ev/simsec=370.351
     Messages:  created: 58333   present: 9   in FES: 6
** Event #466944   t=2466.136284884761   Elapsed: 2465.95s (41m 05s)  39% completed  (39% total)
     Speed:     ev/sec=330.444   simsec/sec=1.00478   ev/simsec=328.872
     Messages:  created: 58432   present: 16   in FES: 7
** Event #467712   t=2469.278116834742   Elapsed: 2469.09s (41m 09s)  39% completed  (39% total)
     Speed:     ev/sec=244.446   simsec/sec=1.00001   ev/simsec=244.443
     Messages:  created: 58526   present: 12   in FES: 7
** Event #468480   t=2471.501443664216   Elapsed: 2471.32s (41m 11s)  39% completed  (39% total)
     Speed:     ev/sec=345.411   simsec/sec=0.999951   ev/simsec=345.428
     Messages:  created: 58623   present: 14   in FES: 7
** Event #469248   t=2473.861194844228   Elapsed: 2473.68s (41m 13s)  39% completed  (39% total)
     Speed:     ev/sec=325.467   simsec/sec=1.00003   ev/simsec=325.458
     Messages:  created: 58717   present: 8   in FES: 5
** Event #469760   t=2476.253388   Elapsed: 2476.19s (41m 16s)  39% completed  (39% total)
     Speed:     ev/sec=204.029   simsec/sec=0.953275   ev/simsec=214.03
     Messages:  created: 58779   present: 7   in FES: 4
** Event #470272   t=2479.526631266881   Elapsed: 2479.34s (41m 19s)  39% completed  (39% total)
     Speed:     ev/sec=162.233   simsec/sec=1.03717   ev/simsec=156.42
     Messages:  created: 58844   present: 9   in FES: 6
** Event #470784   t=2481.528747568352   Elapsed: 2481.38s (41m 21s)  39% completed  (39% total)
     Speed:     ev/sec=251.619   simsec/sec=0.983928   ev/simsec=255.729
     Messages:  created: 58907   present: 7   in FES: 4
** Event #471296   t=2483.708740805968   Elapsed: 2483.52s (41m 23s)  39% completed  (39% total)
     Speed:     ev/sec=238.439   simsec/sec=1.01523   ev/simsec=234.863
     Messages:  created: 58973   present: 13   in FES: 7
** Event #471808   t=2486.278211855994   Elapsed: 2486.1s (41m 26s)  39% completed  (39% total)
     Speed:     ev/sec=198.943   simsec/sec=0.998397   ev/simsec=199.263
     Messages:  created: 59038   present: 15   in FES: 6
** Event #472576   t=2488.308412969937   Elapsed: 2488.12s (41m 28s)  39% completed  (39% total)
     Speed:     ev/sec=379.05   simsec/sec=1.00202   ev/simsec=378.288
     Messages:  created: 59133   present: 13   in FES: 7
** Event #473088   t=2490.53830405452   Elapsed: 2490.38s (41m 30s)  39% completed  (39% total)
     Speed:     ev/sec=226.573   simsec/sec=0.986782   ev/simsec=229.608
     Messages:  created: 59195   present: 7   in FES: 4
** Event #473856   t=2493.474395422985   Elapsed: 2493.29s (41m 33s)  39% completed  (39% total)
     Speed:     ev/sec=264.271   simsec/sec=1.01032   ev/simsec=261.572
     Messages:  created: 59293   present: 12   in FES: 7
** Event #474624   t=2496.34221377137   Elapsed: 2496.17s (41m 36s)  39% completed  (39% total)
     Speed:     ev/sec=266.822   simsec/sec=0.996351   ev/simsec=267.799
     Messages:  created: 59390   present: 15   in FES: 6
** Event #475136   t=2498.417443940423   Elapsed: 2498.25s (41m 38s)  39% completed  (39% total)
     Speed:     ev/sec=246.401   simsec/sec=0.99871   ev/simsec=246.72
     Messages:  created: 59451   present: 7   in FES: 4
** Event #475904   t=2501.527386981903   Elapsed: 2501.34s (41m 41s)  39% completed  (39% total)
     Speed:     ev/sec=247.989   simsec/sec=1.00421   ev/simsec=246.95
     Messages:  created: 59548   present: 10   in FES: 6
** Event #476416   t=2503.660609313882   Elapsed: 2503.48s (41m 43s)  39% completed  (39% total)
     Speed:     ev/sec=239.315   simsec/sec=0.997093   ev/simsec=240.012
     Messages:  created: 59614   present: 15   in FES: 6
** Event #477184   t=2505.84127105446   Elapsed: 2505.66s (41m 45s)  39% completed  (39% total)
     Speed:     ev/sec=353.193   simsec/sec=1.00286   ev/simsec=352.187
     Messages:  created: 59707   present: 11   in FES: 7
** Event #477952   t=2509.392911361327   Elapsed: 2509.21s (41m 49s)  39% completed  (39% total)
     Speed:     ev/sec=216.242   simsec/sec=1.00002   ev/simsec=216.238
     Messages:  created: 59802   present: 8   in FES: 5
** Event #478464   t=2511.951808129069   Elapsed: 2511.77s (41m 51s)  39% completed  (39% total)
     Speed:     ev/sec=200.087   simsec/sec=1   ev/simsec=200.086
     Messages:  created: 59873   present: 26   in FES: 7
** Event #479232   t=2514.054641311462   Elapsed: 2513.87s (41m 53s)  39% completed  (39% total)
     Speed:     ev/sec=365.214   simsec/sec=0.999978   ev/simsec=365.222
     Messages:  created: 59963   present: 9   in FES: 6
** Event #480256   t=2516.358354914067   Elapsed: 2516.17s (41m 56s)  39% completed  (39% total)
     Speed:     ev/sec=444.504   simsec/sec=1.00001   ev/simsec=444.5
     Messages:  created: 60103   present: 42   in FES: 7
** Event #481024   t=2518.520430506308   Elapsed: 2518.36s (41m 58s)  39% completed  (39% total)
     Speed:     ev/sec=350.804   simsec/sec=0.987585   ev/simsec=355.214
     Messages:  created: 60188   present: 13   in FES: 5
** Event #481792   t=2521.226859428263   Elapsed: 2521.04s (42m 01s)  40% completed  (40% total)
     Speed:     ev/sec=286.639   simsec/sec=1.01011   ev/simsec=283.769
     Messages:  created: 60283   present: 12   in FES: 7
** Event #482304   t=2523.317526013793   Elapsed: 2523.13s (42m 03s)  40% completed  (40% total)
     Speed:     ev/sec=244.909   simsec/sec=1.00004   ev/simsec=244.898
     Messages:  created: 60347   present: 11   in FES: 7
** Event #483072   t=2525.678196619085   Elapsed: 2525.49s (42m 05s)  40% completed  (40% total)
     Speed:     ev/sec=325.313   simsec/sec=0.999943   ev/simsec=325.331
     Messages:  created: 60444   present: 13   in FES: 6
** Event #483840   t=2528.149029083446   Elapsed: 2527.96s (42m 07s)  40% completed  (40% total)
     Speed:     ev/sec=310.835   simsec/sec=1.00003   ev/simsec=310.826
     Messages:  created: 60541   present: 17   in FES: 7
** Event #484608   t=2530.874102376976   Elapsed: 2530.69s (42m 10s)  40% completed  (40% total)
     Speed:     ev/sec=281.825   simsec/sec=0.999991   ev/simsec=281.827
     Messages:  created: 60635   present: 10   in FES: 6
** Event #485120   t=2533.129078703811   Elapsed: 2532.95s (42m 12s)  40% completed  (40% total)
     Speed:     ev/sec=226.025   simsec/sec=0.995471   ev/simsec=227.053
     Messages:  created: 60700   present: 14   in FES: 6
** Event #485632   t=2535.214363852969   Elapsed: 2535.03s (42m 15s)  40% completed  (40% total)
     Speed:     ev/sec=246.766   simsec/sec=1.00503   ev/simsec=245.53
     Messages:  created: 60761   present: 9   in FES: 6
** Event #486400   t=2538.619719510658   Elapsed: 2538.44s (42m 18s)  40% completed  (40% total)
     Speed:     ev/sec=225.514   simsec/sec=0.999943   ev/simsec=225.527
     Messages:  created: 60857   present: 8   in FES: 5
** Event #486912   t=2541.241635046763   Elapsed: 2541.06s (42m 21s)  40% completed  (40% total)
     Speed:     ev/sec=195.281   simsec/sec=1.00002   ev/simsec=195.277
     Messages:  created: 60921   present: 8   in FES: 5
** Event #487936   t=2543.842103986385   Elapsed: 2543.66s (42m 23s)  40% completed  (40% total)
     Speed:     ev/sec=392.934   simsec/sec=0.997863   ev/simsec=393.775
     Messages:  created: 61053   present: 20   in FES: 6
** Event #488704   t=2546.428767974662   Elapsed: 2546.25s (42m 26s)  40% completed  (40% total)
     Speed:     ev/sec=297.386   simsec/sec=1.00161   ev/simsec=296.908
     Messages:  created: 61146   present: 12   in FES: 6
** Event #489472   t=2548.552756257075   Elapsed: 2548.37s (42m 28s)  40% completed  (40% total)
     Speed:     ev/sec=361.841   simsec/sec=1.00071   ev/simsec=361.584
     Messages:  created: 61244   present: 16   in FES: 7
** Event #490496   t=2550.977869261475   Elapsed: 2550.79s (42m 30s)  40% completed  (40% total)
     Speed:     ev/sec=422.229   simsec/sec=0.999954   ev/simsec=422.248
     Messages:  created: 61379   present: 35   in FES: 7
** Event #491520   t=2553.635554712382   Elapsed: 2553.45s (42m 33s)  40% completed  (40% total)
     Speed:     ev/sec=384.892   simsec/sec=0.998947   ev/simsec=385.298
     Messages:  created: 61504   present: 28   in FES: 6
** Event #492288   t=2555.739873096767   Elapsed: 2555.56s (42m 35s)  40% completed  (40% total)
     Speed:     ev/sec=364.988   simsec/sec=1.00007   ev/simsec=364.964
     Messages:  created: 61594   present: 12   in FES: 6
** Event #492800   t=2558.77379854752   Elapsed: 2558.59s (42m 38s)  40% completed  (40% total)
     Speed:     ev/sec=168.901   simsec/sec=1.00084   ev/simsec=168.758
     Messages:  created: 61657   present: 10   in FES: 7
** Event #494080   t=2561.04538537168   Elapsed: 2560.86s (42m 40s)  40% completed  (40% total)
     Speed:     ev/sec=563.521   simsec/sec=1.00007   ev/simsec=563.483
     Messages:  created: 61865   present: 137   in FES: 7
** Event #495104   t=2563.657508203657   Elapsed: 2563.48s (42m 43s)  40% completed  (40% total)
     Speed:     ev/sec=391.134   simsec/sec=0.997744   ev/simsec=392.018
     Messages:  created: 62009   present: 180   in FES: 6
** Event #495872   t=2565.759235766775   Elapsed: 2565.58s (42m 45s)  40% completed  (40% total)
     Speed:     ev/sec=365.249   simsec/sec=0.99955   ev/simsec=365.414
     Messages:  created: 62082   present: 122   in FES: 6
** Event #496640   t=2568.272729931638   Elapsed: 2568.09s (42m 48s)  40% completed  (40% total)
     Speed:     ev/sec=306.375   simsec/sec=1.0027   ev/simsec=305.551
     Messages:  created: 62135   present: 8   in FES: 5
** Event #497152   t=2571.135186040574   Elapsed: 2570.95s (42m 50s)  40% completed  (40% total)
     Speed:     ev/sec=178.862   simsec/sec=0.999971   ev/simsec=178.867
     Messages:  created: 62200   present: 9   in FES: 6
** Event #497664   t=2573.760282422722   Elapsed: 2573.58s (42m 53s)  40% completed  (40% total)
     Speed:     ev/sec=195.051   simsec/sec=1.00006   ev/simsec=195.04
     Messages:  created: 62265   present: 12   in FES: 7
** Event #498176   t=2576.239569124981   Elapsed: 2576.06s (42m 56s)  40% completed  (40% total)
     Speed:     ev/sec=206.506   simsec/sec=0.999974   ev/simsec=206.511
     Messages:  created: 62327   present: 8   in FES: 5
** Event #498688   t=2578.782735953156   Elapsed: 2578.6s (42m 58s)  40% completed  (40% total)
     Speed:     ev/sec=200.879   simsec/sec=0.99779   ev/simsec=201.324
     Messages:  created: 62392   present: 10   in FES: 6
** Event #499456   t=2581.235935410051   Elapsed: 2581.05s (43m 01s)  40% completed  (40% total)
     Speed:     ev/sec=313.746   simsec/sec=1.00219   ev/simsec=313.061
     Messages:  created: 62488   present: 10   in FES: 7
** Event #500224   t=2584.367880317234   Elapsed: 2584.19s (43m 04s)  41% completed  (41% total)
     Speed:     ev/sec=244.849   simsec/sec=0.998509   ev/simsec=245.215
     Messages:  created: 62584   present: 11   in FES: 5
** Event #500736   t=2586.420564939373   Elapsed: 2586.24s (43m 06s)  41% completed  (41% total)
     Speed:     ev/sec=250.049   simsec/sec=1.00248   ev/simsec=249.429
     Messages:  created: 62650   present: 16   in FES: 7
** Event #501504   t=2589.470361228983   Elapsed: 2589.29s (43m 09s)  41% completed  (41% total)
     Speed:     ev/sec=251.822   simsec/sec=1.00001   ev/simsec=251.82
     Messages:  created: 62745   present: 13   in FES: 7
** Event #502272   t=2591.694244519533   Elapsed: 2591.51s (43m 11s)  41% completed  (41% total)
     Speed:     ev/sec=345.326   simsec/sec=0.999953   ev/simsec=345.342
     Messages:  created: 62839   present: 8   in FES: 5
** Event #503040   t=2594.076042391916   Elapsed: 2593.89s (43m 13s)  41% completed  (41% total)
     Speed:     ev/sec=322.436   simsec/sec=0.999971   ev/simsec=322.445
     Messages:  created: 62936   present: 10   in FES: 6
** Event #503552   t=2596.201655203209   Elapsed: 2596.03s (43m 16s)  41% completed  (41% total)
     Speed:     ev/sec=238.899   simsec/sec=0.991812   ev/simsec=240.872
     Messages:  created: 62998   present: 9   in FES: 5
** Event #504320   t=2598.855939649341   Elapsed: 2598.7s (43m 18s)  41% completed  (41% total)
     Speed:     ev/sec=288.078   simsec/sec=0.995626   ev/simsec=289.344
     Messages:  created: 63094   present: 9   in FES: 6
** Event #505088   t=2601.055436388609   Elapsed: 2600.87s (43m 20s)  41% completed  (41% total)
     Speed:     ev/sec=353.888   simsec/sec=1.01351   ev/simsec=349.171
     Messages:  created: 63192   present: 13   in FES: 7
** Event #505856   t=2603.561855693212   Elapsed: 2603.39s (43m 23s)  41% completed  (41% total)
     Speed:     ev/sec=305.132   simsec/sec=0.995819   ev/simsec=306.413
     Messages:  created: 63289   present: 17   in FES: 6
** Event #506880   t=2606.60513593188   Elapsed: 2606.44s (43m 26s)  41% completed  (41% total)
     Speed:     ev/sec=335.488   simsec/sec=0.997055   ev/simsec=336.479
     Messages:  created: 63414   present: 9   in FES: 6
** Event #507392   t=2609.397184894859   Elapsed: 2609.21s (43m 29s)  41% completed  (41% total)
     Speed:     ev/sec=184.676   simsec/sec=1.00708   ev/simsec=183.378
     Messages:  created: 63480   present: 13   in FES: 7
** Event #508416   t=2611.615021587651   Elapsed: 2611.43s (43m 31s)  41% completed  (41% total)
     Speed:     ev/sec=461.673   simsec/sec=0.999918   ev/simsec=461.711
     Messages:  created: 63629   present: 71   in FES: 7
** Event #509184   t=2613.629497625269   Elapsed: 2613.45s (43m 33s)  41% completed  (41% total)
     Speed:     ev/sec=381.218   simsec/sec=0.999941   ev/simsec=381.241
     Messages:  created: 63722   present: 62   in FES: 7
** Event #509952   t=2616.296374190348   Elapsed: 2616.12s (43m 36s)  41% completed  (41% total)
     Speed:     ev/sec=287.358   simsec/sec=0.997851   ev/simsec=287.977
     Messages:  created: 63804   present: 25   in FES: 6
** Event #510976   t=2618.648724588133   Elapsed: 2618.46s (43m 38s)  41% completed  (41% total)
     Speed:     ev/sec=436.427   simsec/sec=1.00257   ev/simsec=435.309
     Messages:  created: 63934   present: 31   in FES: 7
** Event #511744   t=2620.831371853987   Elapsed: 2620.66s (43m 40s)  41% completed  (41% total)
     Speed:     ev/sec=350.477   simsec/sec=0.996053   ev/simsec=351.866
     Messages:  created: 64022   present: 9   in FES: 5
** Event #512768   t=2623.406313643212   Elapsed: 2623.22s (43m 43s)  41% completed  (41% total)
     Speed:     ev/sec=398.983   simsec/sec=1.00328   ev/simsec=397.679
     Messages:  created: 64150   present: 8   in FES: 5
** Event #513280   t=2625.435979022005   Elapsed: 2625.25s (43m 45s)  41% completed  (41% total)
     Speed:     ev/sec=252.24   simsec/sec=0.999928   ev/simsec=252.258
     Messages:  created: 64213   present: 9   in FES: 6
** Event #514048   t=2627.582536346542   Elapsed: 2627.4s (43m 47s)  41% completed  (41% total)
     Speed:     ev/sec=357.802   simsec/sec=1.00006   ev/simsec=357.782
     Messages:  created: 64319   present: 35   in FES: 7
** Event #515072   t=2630.168576213407   Elapsed: 2629.98s (43m 49s)  41% completed  (41% total)
     Speed:     ev/sec=395.993   simsec/sec=1.00005   ev/simsec=395.972
     Messages:  created: 64443   present: 26   in FES: 7
** Event #515840   t=2632.985656529609   Elapsed: 2632.81s (43m 52s)  41% completed  (41% total)
     Speed:     ev/sec=271.816   simsec/sec=0.997042   ev/simsec=272.623
     Messages:  created: 64532   present: 7   in FES: 4
** Event #516608   t=2635.704203869689   Elapsed: 2635.52s (43m 55s)  41% completed  (41% total)
     Speed:     ev/sec=283.382   simsec/sec=1.00311   ev/simsec=282.504
     Messages:  created: 64629   present: 9   in FES: 6
** Event #517120   t=2638.431330747613   Elapsed: 2638.25s (43m 58s)  41% completed  (41% total)
     Speed:     ev/sec=187.727   simsec/sec=0.999915   ev/simsec=187.743
     Messages:  created: 64694   present: 13   in FES: 7
** Event #517888   t=2640.837710427621   Elapsed: 2640.65s (44m 00s)  41% completed  (41% total)
     Speed:     ev/sec=319.181   simsec/sec=1.00009   ev/simsec=319.152
     Messages:  created: 64793   present: 20   in FES: 6
** Event #518912   t=2643.417235844449   Elapsed: 2643.23s (44m 03s)  41% completed  (41% total)
     Speed:     ev/sec=396.982   simsec/sec=1.00002   ev/simsec=396.972
     Messages:  created: 64932   present: 51   in FES: 7
** Event #519680   t=2645.887905545469   Elapsed: 2645.74s (44m 05s)  41% completed  (41% total)
     Speed:     ev/sec=306.395   simsec/sec=0.985678   ev/simsec=310.847
     Messages:  created: 65012   present: 8   in FES: 5
** Event #520448   t=2648.212406426897   Elapsed: 2648.04s (44m 08s)  42% completed  (42% total)
     Speed:     ev/sec=333.525   simsec/sec=1.00948   ev/simsec=330.394
     Messages:  created: 65111   present: 16   in FES: 6
** Event #521216   t=2650.299765077019   Elapsed: 2650.12s (44m 10s)  42% completed  (42% total)
     Speed:     ev/sec=370.384   simsec/sec=1.00667   ev/simsec=367.929
     Messages:  created: 65206   present: 12   in FES: 7
** Event #521728   t=2652.889739549185   Elapsed: 2652.72s (44m 12s)  42% completed  (42% total)
     Speed:     ev/sec=196.302   simsec/sec=0.993003   ev/simsec=197.685
     Messages:  created: 65268   present: 8   in FES: 5
** Event #522496   t=2655.287907909825   Elapsed: 2655.1s (44m 15s)  42% completed  (42% total)
     Speed:     ev/sec=322.713   simsec/sec=1.00771   ev/simsec=320.244
     Messages:  created: 65363   present: 9   in FES: 6
** Event #523008   t=2658.512889799125   Elapsed: 2658.33s (44m 18s)  42% completed  (42% total)
     Speed:     ev/sec=158.761   simsec/sec=1   ev/simsec=158.761
     Messages:  created: 65427   present: 8   in FES: 5
** Event #523776   t=2661.066270242688   Elapsed: 2660.88s (44m 20s)  42% completed  (42% total)
     Speed:     ev/sec=300.79   simsec/sec=1.00004   ev/simsec=300.778
     Messages:  created: 65523   present: 9   in FES: 6
** Event #524544   t=2663.902657786249   Elapsed: 2663.72s (44m 23s)  42% completed  (42% total)
     Speed:     ev/sec=270.76   simsec/sec=0.999973   ev/simsec=270.767
     Messages:  created: 65622   present: 16   in FES: 7
** Event #525568   t=2666.567382628793   Elapsed: 2666.38s (44m 26s)  42% completed  (42% total)
     Speed:     ev/sec=384.276   simsec/sec=0.999989   ev/simsec=384.28
     Messages:  created: 65747   present: 8   in FES: 5
** Event #526336   t=2668.643673796579   Elapsed: 2668.46s (44m 28s)  42% completed  (42% total)
     Speed:     ev/sec=369.415   simsec/sec=0.998716   ev/simsec=369.89
     Messages:  created: 65845   present: 14   in FES: 6
** Event #527104   t=2670.69485424396   Elapsed: 2670.51s (44m 30s)  42% completed  (42% total)
     Speed:     ev/sec=374.918   simsec/sec=1.00133   ev/simsec=374.419
     Messages:  created: 65939   present: 8   in FES: 5
** Event #527872   t=2673.112465093078   Elapsed: 2672.93s (44m 32s)  42% completed  (42% total)
     Speed:     ev/sec=317.669   simsec/sec=0.999999   ev/simsec=317.669
     Messages:  created: 66035   present: 8   in FES: 5
** Event #528896   t=2675.813716033245   Elapsed: 2675.63s (44m 35s)  42% completed  (42% total)
     Speed:     ev/sec=379.079   simsec/sec=0.999988   ev/simsec=379.084
     Messages:  created: 66176   present: 43   in FES: 7
** Event #529664   t=2678.159043111291   Elapsed: 2677.97s (44m 37s)  42% completed  (42% total)
     Speed:     ev/sec=327.433   simsec/sec=0.999919   ev/simsec=327.46
     Messages:  created: 66260   present: 12   in FES: 6
** Event #530176   t=2680.428360010806   Elapsed: 2680.24s (44m 40s)  42% completed  (42% total)
     Speed:     ev/sec=225.639   simsec/sec=1.00009   ev/simsec=225.619
     Messages:  created: 66323   present: 9   in FES: 6
** Event #530944   t=2682.847534375589   Elapsed: 2682.66s (44m 42s)  42% completed  (42% total)
     Speed:     ev/sec=317.477   simsec/sec=1.00004   ev/simsec=317.464
     Messages:  created: 66421   present: 13   in FES: 7
** Event #531456   t=2685.554134487428   Elapsed: 2685.37s (44m 45s)  42% completed  (42% total)
     Speed:     ev/sec=189.151   simsec/sec=0.999912   ev/simsec=189.167
     Messages:  created: 66482   present: 9   in FES: 6
** Event #532224   t=2688.363722113031   Elapsed: 2688.18s (44m 48s)  42% completed  (42% total)
     Speed:     ev/sec=273.358   simsec/sec=1.00003   ev/simsec=273.35
     Messages:  created: 66580   present: 14   in FES: 7
** Event #532992   t=2690.60149208577   Elapsed: 2690.42s (44m 50s)  42% completed  (42% total)
     Speed:     ev/sec=343.2   simsec/sec=1   ev/simsec=343.199
     Messages:  created: 66674   present: 9   in FES: 6
** Event #533760   t=2693.019356734279   Elapsed: 2692.83s (44m 52s)  42% completed  (42% total)
     Speed:     ev/sec=317.631   simsec/sec=0.999986   ev/simsec=317.636
     Messages:  created: 66772   present: 15   in FES: 7
** Event #534784   t=2695.56849665494   Elapsed: 2695.38s (44m 55s)  42% completed  (42% total)
     Speed:     ev/sec=401.72   simsec/sec=1.00004   ev/simsec=401.704
     Messages:  created: 66912   present: 47   in FES: 7
** Event #535808   t=2697.721172061869   Elapsed: 2697.54s (44m 57s)  42% completed  (42% total)
     Speed:     ev/sec=475.64   simsec/sec=0.999902   ev/simsec=475.687
     Messages:  created: 67062   present: 105   in FES: 7
** Event #536576   t=2699.880825733493   Elapsed: 2699.7s (44m 59s)  42% completed  (42% total)
     Speed:     ev/sec=355.62   simsec/sec=1.00002   ev/simsec=355.613
     Messages:  created: 67163   present: 118   in FES: 7
** Event #537600   t=2702.135966719381   Elapsed: 2701.95s (45m 01s)  42% completed  (42% total)
     Speed:     ev/sec=454.071   simsec/sec=0.999994   ev/simsec=454.074
     Messages:  created: 67301   present: 145   in FES: 7
** Event #538624   t=2704.447815359815   Elapsed: 2704.26s (45m 04s)  42% completed  (42% total)
     Speed:     ev/sec=442.96   simsec/sec=1.00006   ev/simsec=442.936
     Messages:  created: 67438   present: 171   in FES: 7
** Event #539648   t=2706.605861212091   Elapsed: 2706.42s (45m 06s)  42% completed  (42% total)
     Speed:     ev/sec=474.495   simsec/sec=0.999983   ev/simsec=474.503
     Messages:  created: 67590   present: 228   in FES: 8
** Event #540672   t=2709.122073749457   Elapsed: 2708.94s (45m 08s)  43% completed  (43% total)
     Speed:     ev/sec=406.956   simsec/sec=0.999989   ev/simsec=406.961
     Messages:  created: 67722   present: 236   in FES: 8
** Event #541952   t=2711.787589800078   Elapsed: 2711.6s (45m 11s)  43% completed  (43% total)
     Speed:     ev/sec=480.19   simsec/sec=0.999965   ev/simsec=480.207
     Messages:  created: 67903   present: 277   in FES: 7
** Event #542720   t=2713.972031133436   Elapsed: 2713.79s (45m 13s)  43% completed  (43% total)
     Speed:     ev/sec=351.62   simsec/sec=1.00012   ev/simsec=351.577
     Messages:  created: 67980   present: 239   in FES: 7
** Event #543744   t=2716.525787954522   Elapsed: 2716.34s (45m 16s)  43% completed  (43% total)
     Speed:     ev/sec=400.959   simsec/sec=0.999953   ev/simsec=400.978
     Messages:  created: 68105   present: 235   in FES: 9
** Event #544512   t=2718.585404727337   Elapsed: 2718.4s (45m 18s)  43% completed  (43% total)
     Speed:     ev/sec=372.908   simsec/sec=1.00006   ev/simsec=372.885
     Messages:  created: 68189   present: 209   in FES: 8
** Event #545536   t=2720.840306649627   Elapsed: 2720.66s (45m 20s)  43% completed  (43% total)
     Speed:     ev/sec=454.095   simsec/sec=0.999941   ev/simsec=454.122
     Messages:  created: 68332   present: 241   in FES: 9
** Event #546560   t=2723.038098335835   Elapsed: 2722.85s (45m 22s)  43% completed  (43% total)
     Speed:     ev/sec=465.909   simsec/sec=0.999972   ev/simsec=465.922
     Messages:  created: 68477   present: 274   in FES: 8
** Event #547584   t=2725.57655576159   Elapsed: 2725.39s (45m 25s)  43% completed  (43% total)
     Speed:     ev/sec=403.426   simsec/sec=1.00008   ev/simsec=403.395
     Messages:  created: 68616   present: 296   in FES: 8
** Event #548864   t=2728.135628202595   Elapsed: 2727.95s (45m 27s)  43% completed  (43% total)
     Speed:     ev/sec=500.136   simsec/sec=0.999909   ev/simsec=500.181
     Messages:  created: 68803   present: 351   in FES: 9
** Event #549888   t=2730.517269728174   Elapsed: 2730.33s (45m 30s)  43% completed  (43% total)
     Speed:     ev/sec=429.967   simsec/sec=1.00003   ev/simsec=429.956
     Messages:  created: 68937   present: 362   in FES: 8
** Event #550656   t=2732.951413208841   Elapsed: 2732.77s (45m 32s)  43% completed  (43% total)
     Speed:     ev/sec=315.51   simsec/sec=0.999997   ev/simsec=315.511
     Messages:  created: 69012   present: 321   in FES: 9
** Event #551680   t=2735.081034358404   Elapsed: 2734.9s (45m 34s)  43% completed  (43% total)
     Speed:     ev/sec=480.815   simsec/sec=0.999955   ev/simsec=480.837
     Messages:  created: 69162   present: 365   in FES: 9
** Event #552448   t=2737.155260215189   Elapsed: 2736.97s (45m 36s)  43% completed  (43% total)
     Speed:     ev/sec=370.275   simsec/sec=1.00004   ev/simsec=370.259
     Messages:  created: 69258   present: 364   in FES: 8
** Event #553472   t=2739.712182873449   Elapsed: 2739.53s (45m 39s)  43% completed  (43% total)
     Speed:     ev/sec=400.493   simsec/sec=1.00003   ev/simsec=400.481
     Messages:  created: 69379   present: 351   in FES: 9
** Event #554240   t=2741.888174211444   Elapsed: 2741.7s (45m 41s)  43% completed  (43% total)
     Speed:     ev/sec=352.94   simsec/sec=0.999994   ev/simsec=352.943
     Messages:  created: 69457   present: 314   in FES: 8
** Event #555008   t=2744.047358913071   Elapsed: 2743.86s (45m 43s)  43% completed  (43% total)
     Speed:     ev/sec=355.701   simsec/sec=1.00003   ev/simsec=355.69
     Messages:  created: 69514   present: 236   in FES: 8
** Event #555776   t=2746.329534434479   Elapsed: 2746.15s (45m 46s)  43% completed  (43% total)
     Speed:     ev/sec=336.443   simsec/sec=0.999768   ev/simsec=336.521
     Messages:  created: 69587   present: 188   in FES: 7
** Event #556544   t=2748.524636816929   Elapsed: 2748.34s (45m 48s)  43% completed  (43% total)
     Speed:     ev/sec=349.939   simsec/sec=1.0002   ev/simsec=349.87
     Messages:  created: 69670   present: 152   in FES: 8
** Event #557312   t=2750.665822039363   Elapsed: 2750.5s (45m 50s)  43% completed  (43% total)
     Speed:     ev/sec=355.8   simsec/sec=0.991971   ev/simsec=358.68
     Messages:  created: 69755   present: 124   in FES: 7
** Event #558336   t=2753.312606336887   Elapsed: 2753.13s (45m 53s)  43% completed  (43% total)
     Speed:     ev/sec=389.445   simsec/sec=1.00662   ev/simsec=386.885
     Messages:  created: 69878   present: 110   in FES: 8
** Event #559360   t=2755.701529072841   Elapsed: 2755.52s (45m 55s)  43% completed  (43% total)
     Speed:     ev/sec=428.634   simsec/sec=0.999974   ev/simsec=428.645
     Messages:  created: 70013   present: 129   in FES: 8
** Event #560384   t=2758.464775842186   Elapsed: 2758.29s (45m 58s)  43% completed  (43% total)
     Speed:     ev/sec=369.31   simsec/sec=0.996578   ev/simsec=370.579
     Messages:  created: 70130   present: 100   in FES: 7
** Event #561152   t=2760.78849952964   Elapsed: 2760.6s (46m 00s)  43% completed  (43% total)
     Speed:     ev/sec=331.852   simsec/sec=1.00408   ev/simsec=330.504
     Messages:  created: 70204   present: 43   in FES: 8
** Event #561920   t=2762.895199384126   Elapsed: 2762.71s (46m 02s)  43% completed  (43% total)
     Speed:     ev/sec=364.578   simsec/sec=1.00007   ev/simsec=364.551
     Messages:  created: 70297   present: 34   in FES: 8
** Event #562944   t=2764.965767409718   Elapsed: 2764.78s (46m 04s)  43% completed  (43% total)
     Speed:     ev/sec=494.506   simsec/sec=0.999911   ev/simsec=494.55
     Messages:  created: 70452   present: 106   in FES: 8
** Event #563712   t=2767.075263430872   Elapsed: 2766.89s (46m 06s)  43% completed  (43% total)
     Speed:     ev/sec=364.085   simsec/sec=1.00005   ev/simsec=364.068
     Messages:  created: 70542   present: 89   in FES: 8
** Event #564736   t=2769.428161174828   Elapsed: 2769.24s (46m 09s)  43% completed  (43% total)
     Speed:     ev/sec=435.181   simsec/sec=0.999938   ev/simsec=435.208
     Messages:  created: 70677   present: 108   in FES: 8
** Event #565504   t=2771.522745319923   Elapsed: 2771.34s (46m 11s)  43% completed  (43% total)
     Speed:     ev/sec=366.7   simsec/sec=1.00011   ev/simsec=366.66
     Messages:  created: 70753   present: 55   in FES: 8
** Event #566528   t=2773.62542798206   Elapsed: 2773.44s (46m 13s)  44% completed  (44% total)
     Speed:     ev/sec=486.968   simsec/sec=0.99994   ev/simsec=486.997
     Messages:  created: 70903   present: 115   in FES: 8
** Event #567552   t=2775.960190102462   Elapsed: 2775.78s (46m 15s)  44% completed  (44% total)
     Speed:     ev/sec=438.603   simsec/sec=1.00003   ev/simsec=438.589
     Messages:  created: 71015   present: 75   in FES: 8
** Event #568320   t=2778.665711123421   Elapsed: 2778.48s (46m 18s)  44% completed  (44% total)
     Speed:     ev/sec=283.825   simsec/sec=0.999862   ev/simsec=283.864
     Messages:  created: 71088   present: 13   in FES: 7
** Event #569600   t=2781.056543433257   Elapsed: 2780.87s (46m 20s)  44% completed  (44% total)
     Speed:     ev/sec=535.465   simsec/sec=1.00016   ev/simsec=535.378
     Messages:  created: 71271   present: 75   in FES: 8
** Event #570624   t=2783.241864364992   Elapsed: 2783.06s (46m 23s)  44% completed  (44% total)
     Speed:     ev/sec=468.574   simsec/sec=0.999985   ev/simsec=468.581
     Messages:  created: 71390   present: 50   in FES: 8
** Event #571392   t=2785.284459674973   Elapsed: 2785.1s (46m 25s)  44% completed  (44% total)
     Speed:     ev/sec=375.999   simsec/sec=1.00002   ev/simsec=375.992
     Messages:  created: 71479   present: 32   in FES: 8
** Event #572160   t=2787.396679472782   Elapsed: 2787.21s (46m 27s)  44% completed  (44% total)
     Speed:     ev/sec=363.599   simsec/sec=1   ev/simsec=363.599
     Messages:  created: 71567   present: 11   in FES: 6
** Event #572928   t=2789.718650569733   Elapsed: 2789.53s (46m 29s)  44% completed  (44% total)
     Speed:     ev/sec=330.742   simsec/sec=0.999966   ev/simsec=330.753
     Messages:  created: 71663   present: 9   in FES: 5
** Event #573440   t=2791.766777134347   Elapsed: 2791.59s (46m 31s)  44% completed  (44% total)
     Speed:     ev/sec=248.505   simsec/sec=0.994081   ev/simsec=249.985
     Messages:  created: 71728   present: 13   in FES: 7
** Event #574208   t=2794.24739261997   Elapsed: 2794.07s (46m 34s)  44% completed  (44% total)
     Speed:     ev/sec=309.79   simsec/sec=1.00061   ev/simsec=309.601
     Messages:  created: 71827   present: 21   in FES: 7
** Event #575232   t=2796.921597955598   Elapsed: 2796.74s (46m 36s)  44% completed  (44% total)
     Speed:     ev/sec=384.471   simsec/sec=1.00406   ev/simsec=382.917
     Messages:  created: 71953   present: 16   in FES: 8
** Event #576512   t=2799.460656552387   Elapsed: 2799.28s (46m 39s)  44% completed  (44% total)
     Speed:     ev/sec=504.122   simsec/sec=0.999996   ev/simsec=504.124
     Messages:  created: 72120   present: 33   in FES: 8
** Event #577792   t=2802.210117890099   Elapsed: 2802.03s (46m 42s)  44% completed  (44% total)
     Speed:     ev/sec=465.534   simsec/sec=0.999975   ev/simsec=465.546
     Messages:  created: 72286   present: 49   in FES: 6
** Event #578560   t=2804.259800765485   Elapsed: 2804.08s (46m 44s)  44% completed  (44% total)
     Speed:     ev/sec=374.69   simsec/sec=0.999995   ev/simsec=374.692
     Messages:  created: 72372   present: 23   in FES: 8
** Event #579584   t=2806.352495444434   Elapsed: 2806.17s (46m 46s)  44% completed  (44% total)
     Speed:     ev/sec=489.289   simsec/sec=0.999934   ev/simsec=489.321
     Messages:  created: 72502   present: 32   in FES: 6
** Event #580608   t=2808.460747033109   Elapsed: 2808.28s (46m 48s)  44% completed  (44% total)
     Speed:     ev/sec=485.76   simsec/sec=1.0001   ev/simsec=485.711
     Messages:  created: 72637   present: 50   in FES: 8
** Event #581632   t=2810.658866292128   Elapsed: 2810.47s (46m 50s)  44% completed  (44% total)
     Speed:     ev/sec=465.824   simsec/sec=0.999938   ev/simsec=465.853
     Messages:  created: 72756   present: 28   in FES: 7
** Event #582656   t=2813.030306910125   Elapsed: 2812.85s (46m 52s)  44% completed  (44% total)
     Speed:     ev/sec=431.781   simsec/sec=0.999945   ev/simsec=431.805
     Messages:  created: 72880   present: 16   in FES: 7
** Event #583424   t=2815.124590212779   Elapsed: 2814.94s (46m 54s)  44% completed  (44% total)
     Speed:     ev/sec=366.744   simsec/sec=1.00009   ev/simsec=366.713
     Messages:  created: 72974   present: 10   in FES: 6
** Event #584192   t=2817.182034362587   Elapsed: 2817s (46m 56s)  44% completed  (44% total)
     Speed:     ev/sec=373.256   simsec/sec=0.99994   ev/simsec=373.279
     Messages:  created: 73073   present: 19   in FES: 8
** Event #585472   t=2819.664566855179   Elapsed: 2819.48s (46m 59s)  44% completed  (44% total)
     Speed:     ev/sec=515.65   simsec/sec=1.00009   ev/simsec=515.603
     Messages:  created: 73236   present: 26   in FES: 7
** Event #586752   t=2822.194189395049   Elapsed: 2822.01s (47m 02s)  44% completed  (44% total)
     Speed:     ev/sec=506.004   simsec/sec=0.999999   ev/simsec=506.004
     Messages:  created: 73398   present: 34   in FES: 7
** Event #587776   t=2824.558829652792   Elapsed: 2824.37s (47m 04s)  44% completed  (44% total)
     Speed:     ev/sec=433.016   simsec/sec=0.99993   ev/simsec=433.047
     Messages:  created: 73518   present: 12   in FES: 7
** Event #588288   t=2826.77521857956   Elapsed: 2826.59s (47m 06s)  44% completed  (44% total)
     Speed:     ev/sec=231.02   simsec/sec=1.00006   ev/simsec=231.006
     Messages:  created: 73582   present: 13   in FES: 8
** Event #589056   t=2829.792927954673   Elapsed: 2829.61s (47m 09s)  44% completed  (44% total)
     Speed:     ev/sec=254.491   simsec/sec=0.999972   ev/simsec=254.498
     Messages:  created: 73677   present: 9   in FES: 5
** Event #589568   t=2832.075223278792   Elapsed: 2831.89s (47m 11s)  44% completed  (44% total)
     Speed:     ev/sec=224.345   simsec/sec=1.00004   ev/simsec=224.336
     Messages:  created: 73741   present: 9   in FES: 5
** Event #590336   t=2834.964884324269   Elapsed: 2834.78s (47m 14s)  44% completed  (44% total)
     Speed:     ev/sec=265.742   simsec/sec=0.999876   ev/simsec=265.775
     Messages:  created: 73836   present: 10   in FES: 6
** Event #591360   t=2837.540498121709   Elapsed: 2837.36s (47m 17s)  45% completed  (45% total)
     Speed:     ev/sec=397.618   simsec/sec=1.00011   ev/simsec=397.575
     Messages:  created: 73966   present: 15   in FES: 8
** Event #592128   t=2839.778374228122   Elapsed: 2839.59s (47m 19s)  45% completed  (45% total)
     Speed:     ev/sec=343.175   simsec/sec=0.999978   ev/simsec=343.183
     Messages:  created: 74061   present: 13   in FES: 8
** Event #593152   t=2842.50535818007   Elapsed: 2842.4s (47m 22s)  45% completed  (45% total)
     Speed:     ev/sec=364.569   simsec/sec=0.970872   ev/simsec=375.506
     Messages:  created: 74187   present: 8   in FES: 4
** Event #593920   t=2844.691755028623   Elapsed: 2844.51s (47m 24s)  45% completed  (45% total)
     Speed:     ev/sec=364.925   simsec/sec=1.03889   ev/simsec=351.263
     Messages:  created: 74287   present: 18   in FES: 7
** Event #594944   t=2846.742813646248   Elapsed: 2846.56s (47m 26s)  45% completed  (45% total)
     Speed:     ev/sec=499.26   simsec/sec=1.00001   ev/simsec=499.254
     Messages:  created: 74412   present: 11   in FES: 7
** Event #595712   t=2848.752485991762   Elapsed: 2848.57s (47m 28s)  45% completed  (45% total)
     Speed:     ev/sec=382.139   simsec/sec=0.999967   ev/simsec=382.152
     Messages:  created: 74508   present: 11   in FES: 7
** Event #596480   t=2850.864625430587   Elapsed: 2850.68s (47m 30s)  45% completed  (45% total)
     Speed:     ev/sec=363.63   simsec/sec=1.00005   ev/simsec=363.612
     Messages:  created: 74604   present: 10   in FES: 6
** Event #597504   t=2852.96679201357   Elapsed: 2852.78s (47m 32s)  45% completed  (45% total)
     Speed:     ev/sec=487.096   simsec/sec=0.999958   ev/simsec=487.116
     Messages:  created: 74750   present: 58   in FES: 8
** Event #598784   t=2855.391374312532   Elapsed: 2855.21s (47m 35s)  45% completed  (45% total)
     Speed:     ev/sec=527.929   simsec/sec=1.00001   ev/simsec=527.926
     Messages:  created: 74904   present: 43   in FES: 7
** Event #599808   t=2857.473107072153   Elapsed: 2857.29s (47m 37s)  45% completed  (45% total)
     Speed:     ev/sec=491.896   simsec/sec=0.999997   ev/simsec=491.898
     Messages:  created: 75027   present: 29   in FES: 8
** Event #601088   t=2859.494040814034   Elapsed: 2859.31s (47m 39s)  45% completed  (45% total)
     Speed:     ev/sec=633.373   simsec/sec=1   ev/simsec=633.371
     Messages:  created: 75208   present: 84   in FES: 8
** Event #601856   t=2861.552645897548   Elapsed: 2861.37s (47m 41s)  45% completed  (45% total)
     Speed:     ev/sec=373.055   simsec/sec=0.999964   ev/simsec=373.068
     Messages:  created: 75281   present: 23   in FES: 8
** Event #602624   t=2864.243679640611   Elapsed: 2864.06s (47m 44s)  45% completed  (45% total)
     Speed:     ev/sec=285.41   simsec/sec=1.00006   ev/simsec=285.392
     Messages:  created: 75372   present: 11   in FES: 7
** Event #603392   t=2866.487729920669   Elapsed: 2866.36s (47m 46s)  45% completed  (45% total)
     Speed:     ev/sec=334.205   simsec/sec=0.976526   ev/simsec=342.238
     Messages:  created: 75466   present: 9   in FES: 5
** Event #603904   t=2868.73960869137   Elapsed: 2868.56s (47m 48s)  45% completed  (45% total)
     Speed:     ev/sec=232.945   simsec/sec=1.02454   ev/simsec=227.366
     Messages:  created: 75531   present: 11   in FES: 7
** Event #604928   t=2871.063405583012   Elapsed: 2870.88s (47m 50s)  45% completed  (45% total)
     Speed:     ev/sec=440.648   simsec/sec=0.999978   ev/simsec=440.658
     Messages:  created: 75666   present: 29   in FES: 8
** Event #605696   t=2873.509439028579   Elapsed: 2873.33s (47m 53s)  45% completed  (45% total)
     Speed:     ev/sec=313.961   simsec/sec=0.999947   ev/simsec=313.978
     Messages:  created: 75757   present: 16   in FES: 8
** Event #606464   t=2875.795444832687   Elapsed: 2875.61s (47m 55s)  45% completed  (45% total)
     Speed:     ev/sec=335.974   simsec/sec=1.00005   ev/simsec=335.957
     Messages:  created: 75853   present: 16   in FES: 7
** Event #607232   t=2878.811407499364   Elapsed: 2878.63s (47m 58s)  45% completed  (45% total)
     Speed:     ev/sec=254.645   simsec/sec=1   ev/simsec=254.645
     Messages:  created: 75947   present: 11   in FES: 7
** Event #607744   t=2880.886821791668   Elapsed: 2880.71s (48m 00s)  45% completed  (45% total)
     Speed:     ev/sec=245.351   simsec/sec=0.99454   ev/simsec=246.698
     Messages:  created: 76010   present: 10   in FES: 6
** Event #608512   t=2883.246533456229   Elapsed: 2883.06s (48m 03s)  45% completed  (45% total)
     Speed:     ev/sec=327.049   simsec/sec=1.00487   ev/simsec=325.463
     Messages:  created: 76106   present: 9   in FES: 5
** Event #609280   t=2886.124748859123   Elapsed: 2885.94s (48m 05s)  45% completed  (45% total)
     Speed:     ev/sec=266.831   simsec/sec=0.999996   ev/simsec=266.832
     Messages:  created: 76202   present: 9   in FES: 5
** Event #610048   t=2888.554515655397   Elapsed: 2888.39s (48m 08s)  45% completed  (45% total)
     Speed:     ev/sec=313.211   simsec/sec=0.990925   ev/simsec=316.08
     Messages:  created: 76298   present: 10   in FES: 6
** Event #610560   t=2890.677406301838   Elapsed: 2890.51s (48m 10s)  45% completed  (45% total)
     Speed:     ev/sec=242.187   simsec/sec=1.00417   ev/simsec=241.181
     Messages:  created: 76362   present: 10   in FES: 6
** Event #611328   t=2893.089967882955   Elapsed: 2892.92s (48m 12s)  45% completed  (45% total)
     Speed:     ev/sec=318.274   simsec/sec=0.999813   ev/simsec=318.334
     Messages:  created: 76458   present: 10   in FES: 6
** Event #612352   t=2895.618122215501   Elapsed: 2895.43s (48m 15s)  45% completed  (45% total)
     Speed:     ev/sec=407.26   simsec/sec=1.00548   ev/simsec=405.039
     Messages:  created: 76588   present: 18   in FES: 7
** Event #613376   t=2897.761242345833   Elapsed: 2897.58s (48m 17s)  45% completed  (45% total)
     Speed:     ev/sec=477.839   simsec/sec=1.00006   ev/simsec=477.808
     Messages:  created: 76717   present: 22   in FES: 8
** Event #614400   t=2900.390143608854   Elapsed: 2900.21s (48m 20s)  46% completed  (46% total)
     Speed:     ev/sec=389.498   simsec/sec=0.999953   ev/simsec=389.516
     Messages:  created: 76841   present: 10   in FES: 6
** Event #615168   t=2902.75595262225   Elapsed: 2902.57s (48m 22s)  46% completed  (46% total)
     Speed:     ev/sec=324.631   simsec/sec=1.00002   ev/simsec=324.625
     Messages:  created: 76940   present: 18   in FES: 8
** Event #615936   t=2905.218794572524   Elapsed: 2905.07s (48m 25s)  46% completed  (46% total)
     Speed:     ev/sec=307.008   simsec/sec=0.984521   ev/simsec=311.835
     Messages:  created: 77033   present: 11   in FES: 6
** Event #617216   t=2907.362325145138   Elapsed: 2907.2s (48m 27s)  46% completed  (46% total)
     Speed:     ev/sec=601.986   simsec/sec=1.00811   ev/simsec=597.146
     Messages:  created: 77211   present: 59   in FES: 7
** Event #618496   t=2909.407363933304   Elapsed: 2909.22s (48m 29s)  46% completed  (46% total)
     Speed:     ev/sec=632.543   simsec/sec=1.0106   ev/simsec=625.905
     Messages:  created: 77375   present: 69   in FES: 8
** Event #619776   t=2912.05773552275   Elapsed: 2911.88s (48m 31s)  46% completed  (46% total)
     Speed:     ev/sec=482.083   simsec/sec=0.998203   ev/simsec=482.951
     Messages:  created: 77522   present: 35   in FES: 5
** Event #620800   t=2914.492024760691   Elapsed: 2914.31s (48m 34s)  46% completed  (46% total)
     Speed:     ev/sec=421.479   simsec/sec=1.00196   ev/simsec=420.657
     Messages:  created: 77642   present: 13   in FES: 8
** Event #621824   t=2916.664380496813   Elapsed: 2916.48s (48m 36s)  46% completed  (46% total)
     Speed:     ev/sec=471.384   simsec/sec=1.00001   ev/simsec=471.378
     Messages:  created: 77774   present: 25   in FES: 8
** Event #623104   t=2918.97038286019   Elapsed: 2918.79s (48m 38s)  46% completed  (46% total)
     Speed:     ev/sec=555.096   simsec/sec=1.00004   ev/simsec=555.073
     Messages:  created: 77930   present: 14   in FES: 8
** Event #623872   t=2921.171243414532   Elapsed: 2920.99s (48m 40s)  46% completed  (46% total)
     Speed:     ev/sec=348.931   simsec/sec=0.999932   ev/simsec=348.954
     Messages:  created: 78027   present: 15   in FES: 7
** Event #625152   t=2923.38350301697   Elapsed: 2923.2s (48m 43s)  46% completed  (46% total)
     Speed:     ev/sec=578.627   simsec/sec=1.00006   ev/simsec=578.594
     Messages:  created: 78188   present: 18   in FES: 8
** Event #626432   t=2925.553182599961   Elapsed: 2925.37s (48m 45s)  46% completed  (46% total)
     Speed:     ev/sec=589.916   simsec/sec=0.999945   ev/simsec=589.949
     Messages:  created: 78362   present: 59   in FES: 8
** Event #627456   t=2927.681072444176   Elapsed: 2927.5s (48m 47s)  46% completed  (46% total)
     Speed:     ev/sec=480.21   simsec/sec=0.997885   ev/simsec=481.228
     Messages:  created: 78478   present: 28   in FES: 7
** Event #628736   t=2929.797309641861   Elapsed: 2929.61s (48m 49s)  46% completed  (46% total)
     Speed:     ev/sec=606.14   simsec/sec=1.00214   ev/simsec=604.847
     Messages:  created: 78640   present: 32   in FES: 8
** Event #630016   t=2932.188014797595   Elapsed: 2932s (48m 52s)  46% completed  (46% total)
     Speed:     ev/sec=535.421   simsec/sec=1.00003   ev/simsec=535.407
     Messages:  created: 78799   present: 30   in FES: 7
** Event #631296   t=2934.592853863505   Elapsed: 2934.41s (48m 54s)  46% completed  (46% total)
     Speed:     ev/sec=532.275   simsec/sec=1.00003   ev/simsec=532.26
     Messages:  created: 78959   present: 30   in FES: 8
** Event #632320   t=2937.091994727991   Elapsed: 2936.91s (48m 56s)  46% completed  (46% total)
     Speed:     ev/sec=409.747   simsec/sec=1.00001   ev/simsec=409.741
     Messages:  created: 79080   present: 11   in FES: 7
** Event #633344   t=2939.160965185778   Elapsed: 2938.98s (48m 58s)  46% completed  (46% total)
     Speed:     ev/sec=494.9   simsec/sec=0.999935   ev/simsec=494.932
     Messages:  created: 79218   present: 39   in FES: 8
** Event #634368   t=2941.941164815449   Elapsed: 2941.76s (49m 01s)  46% completed  (46% total)
     Speed:     ev/sec=368.32   simsec/sec=1   ev/simsec=368.319
     Messages:  created: 79335   present: 10   in FES: 6
** Event #635136   t=2944.272029305415   Elapsed: 2944.09s (49m 04s)  46% completed  (46% total)
     Speed:     ev/sec=329.5   simsec/sec=1.00003   ev/simsec=329.491
     Messages:  created: 79431   present: 10   in FES: 6
** Event #635904   t=2946.460433849019   Elapsed: 2946.28s (49m 06s)  46% completed  (46% total)
     Speed:     ev/sec=350.913   simsec/sec=0.999921   ev/simsec=350.941
     Messages:  created: 79528   present: 13   in FES: 7
** Event #636672   t=2948.707778843217   Elapsed: 2948.52s (49m 08s)  46% completed  (46% total)
     Speed:     ev/sec=341.76   simsec/sec=1.00007   ev/simsec=341.737
     Messages:  created: 79623   present: 9   in FES: 5
** Event #637952   t=2951.178978338284   Elapsed: 2951s (49m 10s)  46% completed  (46% total)
     Speed:     ev/sec=517.833   simsec/sec=0.999742   ev/simsec=517.967
     Messages:  created: 79787   present: 21   in FES: 7
** Event #639232   t=2953.401269031911   Elapsed: 2953.22s (49m 13s)  46% completed  (46% total)
     Speed:     ev/sec=576.152   simsec/sec=1.0003   ev/simsec=575.982
     Messages:  created: 79948   present: 23   in FES: 8
** Event #640256   t=2955.970167234277   Elapsed: 2955.79s (49m 15s)  46% completed  (46% total)
     Speed:     ev/sec=397.302   simsec/sec=0.996707   ev/simsec=398.614
     Messages:  created: 80071   present: 14   in FES: 7
** Event #641280   t=2958.632254444585   Elapsed: 2958.45s (49m 18s)  46% completed  (46% total)
     Speed:     ev/sec=385.881   simsec/sec=1.00317   ev/simsec=384.661
     Messages:  created: 80200   present: 16   in FES: 8
** Event #642048   t=2960.671948968285   Elapsed: 2960.49s (49m 20s)  46% completed  (46% total)
     Speed:     ev/sec=376.496   simsec/sec=0.999916   ev/simsec=376.527
     Messages:  created: 80294   present: 11   in FES: 6
** Event #642816   t=2962.738479186894   Elapsed: 2962.55s (49m 22s)  47% completed  (47% total)
     Speed:     ev/sec=371.673   simsec/sec=1.0001   ev/simsec=371.637
     Messages:  created: 80390   present: 12   in FES: 7
** Event #644096   t=2964.952826735382   Elapsed: 2964.77s (49m 24s)  47% completed  (47% total)
     Speed:     ev/sec=578.057   simsec/sec=1.00001   ev/simsec=578.048
     Messages:  created: 80565   present: 52   in FES: 8
** Event #645120   t=2967.189667087009   Elapsed: 2967.01s (49m 27s)  47% completed  (47% total)
     Speed:     ev/sec=457.794   simsec/sec=1.00001   ev/simsec=457.789
     Messages:  created: 80678   present: 10   in FES: 6
** Event #645888   t=2969.320614634909   Elapsed: 2969.14s (49m 29s)  47% completed  (47% total)
     Speed:     ev/sec=360.384   simsec/sec=0.999947   ev/simsec=360.403
     Messages:  created: 80775   present: 13   in FES: 7
** Event #646912   t=2971.621928304059   Elapsed: 2971.44s (49m 31s)  47% completed  (47% total)
     Speed:     ev/sec=444.939   simsec/sec=0.999945   ev/simsec=444.963
     Messages:  created: 80902   present: 11   in FES: 7
** Event #647936   t=2973.674644855146   Elapsed: 2973.49s (49m 33s)  47% completed  (47% total)
     Speed:     ev/sec=498.908   simsec/sec=1.00011   ev/simsec=498.851
     Messages:  created: 81033   present: 20   in FES: 7
** Event #648960   t=2975.747790433708   Elapsed: 2975.56s (49m 35s)  47% completed  (47% total)
     Speed:     ev/sec=493.916   simsec/sec=0.99996   ev/simsec=493.935
     Messages:  created: 81161   present: 20   in FES: 7
** Event #649984   t=2978.252714421198   Elapsed: 2978.08s (49m 38s)  47% completed  (47% total)
     Speed:     ev/sec=406.537   simsec/sec=0.994478   ev/simsec=408.795
     Messages:  created: 81287   present: 14   in FES: 7
** Event #651008   t=2980.260220332643   Elapsed: 2980.09s (49m 40s)  47% completed  (47% total)
     Speed:     ev/sec=509.712   simsec/sec=0.999268   ev/simsec=510.086
     Messages:  created: 81424   present: 38   in FES: 7
** Event #652032   t=2982.734417844275   Elapsed: 2982.55s (49m 42s)  47% completed  (47% total)
     Speed:     ev/sec=416.462   simsec/sec=1.00626   ev/simsec=413.872
     Messages:  created: 81542   present: 11   in FES: 7
** Event #653312   t=2985.035544102401   Elapsed: 2984.86s (49m 44s)  47% completed  (47% total)
     Speed:     ev/sec=554.411   simsec/sec=0.996696   ev/simsec=556.249
     Messages:  created: 81705   present: 23   in FES: 7
** Event #654336   t=2987.641463496776   Elapsed: 2987.46s (49m 47s)  47% completed  (47% total)
     Speed:     ev/sec=394.118   simsec/sec=1.00297   ev/simsec=392.952
     Messages:  created: 81832   present: 21   in FES: 8
** Event #655872   t=2989.878270568007   Elapsed: 2989.69s (49m 49s)  47% completed  (47% total)
     Speed:     ev/sec=686.647   simsec/sec=0.999933   ev/simsec=686.693
     Messages:  created: 82047   present: 82   in FES: 8
** Event #656896   t=2991.931447961235   Elapsed: 2991.75s (49m 51s)  47% completed  (47% total)
     Speed:     ev/sec=498.764   simsec/sec=1.00005   ev/simsec=498.739
     Messages:  created: 82164   present: 51   in FES: 8
** Event #657664   t=2994.472196603418   Elapsed: 2994.29s (49m 54s)  47% completed  (47% total)
     Speed:     ev/sec=302.269   simsec/sec=0.999986   ev/simsec=302.273
     Messages:  created: 82244   present: 10   in FES: 6
** Event #658432   t=2997.214364299811   Elapsed: 2997.03s (49m 57s)  47% completed  (47% total)
     Speed:     ev/sec=280.077   simsec/sec=1.00003   ev/simsec=280.07
     Messages:  created: 82340   present: 9   in FES: 5
** Event #659456   t=2999.966467401012   Elapsed: 2999.78s (49m 59s)  47% completed  (47% total)
     Speed:     ev/sec=372.05   simsec/sec=0.999922   ev/simsec=372.079
     Messages:  created: 82469   present: 11   in FES: 7
** Event #660480   t=3002.443600846218   Elapsed: 3002.26s (50m 02s)  47% completed  (47% total)
     Speed:     ev/sec=413.429   simsec/sec=1.00012   ev/simsec=413.381
     Messages:  created: 82596   present: 11   in FES: 6
** Event #661504   t=3004.697140715958   Elapsed: 3004.51s (50m 04s)  47% completed  (47% total)
     Speed:     ev/sec=454.364   simsec/sec=0.999928   ev/simsec=454.396
     Messages:  created: 82724   present: 11   in FES: 6
** Event #662784   t=3007.091083227243   Elapsed: 3006.91s (50m 06s)  47% completed  (47% total)
     Speed:     ev/sec=534.697   simsec/sec=1.00003   ev/simsec=534.683
     Messages:  created: 82887   present: 18   in FES: 7
** Event #663552   t=3009.392640273664   Elapsed: 3009.21s (50m 09s)  47% completed  (47% total)
     Speed:     ev/sec=333.688   simsec/sec=1   ev/simsec=333.687
     Messages:  created: 82981   present: 12   in FES: 8
** Event #664320   t=3011.985056882315   Elapsed: 3011.8s (50m 11s)  47% completed  (47% total)
     Speed:     ev/sec=296.232   simsec/sec=0.999945   ev/simsec=296.249
     Messages:  created: 83077   present: 13   in FES: 7
** Event #665088   t=3014.302329535267   Elapsed: 3014.12s (50m 14s)  47% completed  (47% total)
     Speed:     ev/sec=331.45   simsec/sec=1.00008   ev/simsec=331.424
     Messages:  created: 83172   present: 11   in FES: 6
** Event #666112   t=3016.806660978939   Elapsed: 3016.62s (50m 16s)  47% completed  (47% total)
     Speed:     ev/sec=408.888   simsec/sec=0.999992   ev/simsec=408.892
     Messages:  created: 83300   present: 14   in FES: 8
** Event #666880   t=3019.114734684769   Elapsed: 3018.93s (50m 18s)  47% completed  (47% total)
     Speed:     ev/sec=332.742   simsec/sec=0.999991   ev/simsec=332.745
     Messages:  created: 83396   present: 14   in FES: 8
** Event #667648   t=3021.571921622829   Elapsed: 3021.39s (50m 21s)  47% completed  (47% total)
     Speed:     ev/sec=312.556   simsec/sec=1.00001   ev/simsec=312.553
     Messages:  created: 83491   present: 11   in FES: 6
** Event #668160   t=3023.59698160935   Elapsed: 3023.44s (50m 23s)  47% completed  (47% total)
     Speed:     ev/sec=249.892   simsec/sec=0.98837   ev/simsec=252.832
     Messages:  created: 83554   present: 9   in FES: 5
** Event #668928   t=3025.741935497849   Elapsed: 3025.56s (50m 25s)  48% completed  (48% total)
     Speed:     ev/sec=362.051   simsec/sec=1.01117   ev/simsec=358.05
     Messages:  created: 83651   present: 11   in FES: 7
** Event #669952   t=3028.166065188151   Elapsed: 3027.99s (50m 27s)  48% completed  (48% total)
     Speed:     ev/sec=420.931   simsec/sec=0.996477   ev/simsec=422.42
     Messages:  created: 83781   present: 17   in FES: 7
** Event #670720   t=3030.409987012701   Elapsed: 3030.23s (50m 30s)  48% completed  (48% total)
     Speed:     ev/sec=343.594   simsec/sec=1.00391   ev/simsec=342.258
     Messages:  created: 83875   present: 12   in FES: 8
** Event #672000   t=3033.085804907866   Elapsed: 3032.91s (50m 32s)  48% completed  (48% total)
     Speed:     ev/sec=477.657   simsec/sec=0.998534   ev/simsec=478.358
     Messages:  created: 84034   present: 9   in FES: 5
** Event #672768   t=3035.617545193707   Elapsed: 3035.44s (50m 35s)  48% completed  (48% total)
     Speed:     ev/sec=303.436   simsec/sec=1.00029   ev/simsec=303.349
     Messages:  created: 84130   present: 9   in FES: 5
** Event #674048   t=3037.69587491095   Elapsed: 3037.51s (50m 37s)  48% completed  (48% total)
     Speed:     ev/sec=616.824   simsec/sec=1.00153   ev/simsec=615.879
     Messages:  created: 84313   present: 69   in FES: 8
** Event #675072   t=3039.980094070789   Elapsed: 3039.8s (50m 39s)  48% completed  (48% total)
     Speed:     ev/sec=448.255   simsec/sec=0.999915   ev/simsec=448.293
     Messages:  created: 84420   present: 14   in FES: 7
** Event #676352   t=3042.114198030514   Elapsed: 3041.95s (50m 41s)  48% completed  (48% total)
     Speed:     ev/sec=595.092   simsec/sec=0.992179   ev/simsec=599.783
     Messages:  created: 84587   present: 33   in FES: 7
** Event #677888   t=3044.425583222757   Elapsed: 3044.24s (50m 44s)  48% completed  (48% total)
     Speed:     ev/sec=669.033   simsec/sec=1.00677   ev/simsec=664.537
     Messages:  created: 84809   present: 113   in FES: 7
** Event #678912   t=3046.751549245472   Elapsed: 3046.57s (50m 46s)  48% completed  (48% total)
     Speed:     ev/sec=440.111   simsec/sec=0.99969   ev/simsec=440.247
     Messages:  created: 84897   present: 10   in FES: 6
** Event #679936   t=3049.055431262479   Elapsed: 3048.89s (50m 48s)  48% completed  (48% total)
     Speed:     ev/sec=440.898   simsec/sec=0.99197   ev/simsec=444.467
     Messages:  created: 85034   present: 34   in FES: 7
** Event #680960   t=3051.416594793899   Elapsed: 3051.23s (50m 51s)  48% completed  (48% total)
     Speed:     ev/sec=437.545   simsec/sec=1.0089   ev/simsec=433.684
     Messages:  created: 85155   present: 14   in FES: 7
** Event #681728   t=3053.569149296567   Elapsed: 3053.38s (50m 53s)  48% completed  (48% total)
     Speed:     ev/sec=356.735   simsec/sec=0.999859   ev/simsec=356.785
     Messages:  created: 85250   present: 12   in FES: 8
** Event #682496   t=3055.799596359095   Elapsed: 3055.62s (50m 55s)  48% completed  (48% total)
     Speed:     ev/sec=344.341   simsec/sec=1.00004   ev/simsec=344.326
     Messages:  created: 85347   present: 15   in FES: 8
** Event #683264   t=3058.127017180942   Elapsed: 3057.94s (50m 57s)  48% completed  (48% total)
     Speed:     ev/sec=329.982   simsec/sec=1.00001   ev/simsec=329.979
     Messages:  created: 85442   present: 12   in FES: 7
** Event #684288   t=3060.514213310728   Elapsed: 3060.33s (51m 00s)  48% completed  (48% total)
     Speed:     ev/sec=428.997   simsec/sec=1.0001   ev/simsec=428.955
     Messages:  created: 85574   present: 24   in FES: 8
** Event #685056   t=3062.589325065578   Elapsed: 3062.4s (51m 02s)  48% completed  (48% total)
     Speed:     ev/sec=370.058   simsec/sec=0.999884   ev/simsec=370.101
     Messages:  created: 85665   present: 10   in FES: 6
** Event #685824   t=3064.610787492334   Elapsed: 3064.43s (51m 04s)  48% completed  (48% total)
     Speed:     ev/sec=379.962   simsec/sec=1.0001   ev/simsec=379.923
     Messages:  created: 85762   present: 14   in FES: 7
** Event #686848   t=3067.0248471505   Elapsed: 3066.85s (51m 06s)  48% completed  (48% total)
     Speed:     ev/sec=422.499   simsec/sec=0.996032   ev/simsec=424.182
     Messages:  created: 85889   present: 11   in FES: 6
** Event #687616   t=3069.096711701856   Elapsed: 3068.91s (51m 08s)  48% completed  (48% total)
     Speed:     ev/sec=372.421   simsec/sec=1.00469   ev/simsec=370.681
     Messages:  created: 85987   present: 15   in FES: 8
** Event #688384   t=3071.328345328586   Elapsed: 3071.14s (51m 11s)  48% completed  (48% total)
     Speed:     ev/sec=343.959   simsec/sec=0.999467   ev/simsec=344.143
     Messages:  created: 86081   present: 11   in FES: 7
** Event #689408   t=3074.179438679927   Elapsed: 3074s (51m 13s)  48% completed  (48% total)
     Speed:     ev/sec=358.95   simsec/sec=0.999414   ev/simsec=359.16
     Messages:  created: 86209   present: 11   in FES: 7
** Event #690432   t=3076.696470742929   Elapsed: 3076.51s (51m 16s)  48% completed  (48% total)
     Speed:     ev/sec=406.948   simsec/sec=1.00029   ev/simsec=406.828
     Messages:  created: 86336   present: 12   in FES: 7
** Event #691200   t=3079.457085729594   Elapsed: 3079.27s (51m 19s)  48% completed  (48% total)
     Speed:     ev/sec=278.397   simsec/sec=1.00071   ev/simsec=278.199
     Messages:  created: 86431   present: 9   in FES: 5
** Event #691968   t=3081.568231004485   Elapsed: 3081.38s (51m 21s)  48% completed  (48% total)
     Speed:     ev/sec=363.783   simsec/sec=0.999998   ev/simsec=363.784
     Messages:  created: 86532   present: 23   in FES: 8
** Event #692992   t=3083.94469145002   Elapsed: 3083.76s (51m 23s)  48% completed  (48% total)
     Speed:     ev/sec=430.885   simsec/sec=0.999982   ev/simsec=430.893
     Messages:  created: 86657   present: 15   in FES: 8
** Event #694016   t=3086.629471798522   Elapsed: 3086.44s (51m 26s)  48% completed  (48% total)
     Speed:     ev/sec=381.426   simsec/sec=1.00004   ev/simsec=381.409
     Messages:  created: 86786   present: 16   in FES: 8
** Event #695040   t=3088.741410667297   Elapsed: 3088.56s (51m 28s)  49% completed  (49% total)
     Speed:     ev/sec=484.858   simsec/sec=0.999991   ev/simsec=484.863
     Messages:  created: 86914   present: 17   in FES: 8
** Event #696320   t=3090.9689831068   Elapsed: 3090.78s (51m 30s)  49% completed  (49% total)
     Speed:     ev/sec=574.624   simsec/sec=1.00001   ev/simsec=574.617
     Messages:  created: 87089   present: 57   in FES: 8
** Event #697600   t=3093.210406042215   Elapsed: 3093.03s (51m 33s)  49% completed  (49% total)
     Speed:     ev/sec=571.049   simsec/sec=0.999971   ev/simsec=571.066
     Messages:  created: 87246   present: 49   in FES: 8
** Event #698880   t=3095.736406374847   Elapsed: 3095.55s (51m 35s)  49% completed  (49% total)
     Speed:     ev/sec=506.699   simsec/sec=0.999938   ev/simsec=506.73
     Messages:  created: 87391   present: 10   in FES: 6
** Event #699648   t=3098.20145562991   Elapsed: 3098.02s (51m 38s)  49% completed  (49% total)
     Speed:     ev/sec=311.578   simsec/sec=1.00007   ev/simsec=311.556
     Messages:  created: 87492   present: 23   in FES: 8
** Event #700416   t=3100.225942829721   Elapsed: 3100.04s (51m 40s)  49% completed  (49% total)
     Speed:     ev/sec=379.321   simsec/sec=0.999909   ev/simsec=379.355
     Messages:  created: 87583   present: 9   in FES: 5
** Event #701440   t=3102.479852534666   Elapsed: 3102.3s (51m 42s)  49% completed  (49% total)
     Speed:     ev/sec=454.36   simsec/sec=1.00009   ev/simsec=454.322
     Messages:  created: 87711   present: 9   in FES: 5
** Event #702208   t=3104.772192248993   Elapsed: 3104.59s (51m 44s)  49% completed  (49% total)
     Speed:     ev/sec=335.031   simsec/sec=1.00001   ev/simsec=335.029
     Messages:  created: 87806   present: 11   in FES: 7
** Event #702976   t=3106.971373003158   Elapsed: 3106.79s (51m 46s)  49% completed  (49% total)
     Speed:     ev/sec=349.212   simsec/sec=0.999975   ev/simsec=349.221
     Messages:  created: 87902   present: 10   in FES: 6
** Event #703744   t=3109.627787061649   Elapsed: 3109.44s (51m 49s)  49% completed  (49% total)
     Speed:     ev/sec=289.108   simsec/sec=0.999986   ev/simsec=289.112
     Messages:  created: 87998   present: 11   in FES: 7
** Event #704512   t=3111.837789385844   Elapsed: 3111.65s (51m 51s)  49% completed  (49% total)
     Speed:     ev/sec=347.484   simsec/sec=0.999923   ev/simsec=347.511
     Messages:  created: 88094   present: 10   in FES: 6
** Event #705024   t=3114.07095440037   Elapsed: 3113.89s (51m 53s)  49% completed  (49% total)
     Speed:     ev/sec=229.28   simsec/sec=1.00004   ev/simsec=229.271
     Messages:  created: 88158   present: 9   in FES: 5
** Event #705536   t=3116.232139934612   Elapsed: 3116.05s (51m 56s)  49% completed  (49% total)
     Speed:     ev/sec=236.908   simsec/sec=1.00001   ev/simsec=236.907
     Messages:  created: 88222   present: 9   in FES: 5
** Event #706560   t=3118.653701645363   Elapsed: 3118.48s (51m 58s)  49% completed  (49% total)
     Speed:     ev/sec=421.402   simsec/sec=0.996535   ev/simsec=422.868
     Messages:  created: 88351   present: 13   in FES: 7
** Event #707584   t=3121.559004217436   Elapsed: 3121.37s (52m 01s)  49% completed  (49% total)
     Speed:     ev/sec=353.479   simsec/sec=1.0029   ev/simsec=352.459
     Messages:  created: 88479   present: 13   in FES: 8
** Event #708352   t=3123.685985259704   Elapsed: 3123.5s (52m 03s)  49% completed  (49% total)
     Speed:     ev/sec=361.096   simsec/sec=1.00006   ev/simsec=361.075
     Messages:  created: 88577   present: 20   in FES: 8
** Event #709632   t=3126.08088850282   Elapsed: 3125.92s (52m 05s)  49% completed  (49% total)
     Speed:     ev/sec=530.26   simsec/sec=0.992127   ev/simsec=534.468
     Messages:  created: 88738   present: 22   in FES: 7
** Event #710912   t=3128.427100912193   Elapsed: 3128.24s (52m 08s)  49% completed  (49% total)
     Speed:     ev/sec=550.035   simsec/sec=1.0082   ev/simsec=545.56
     Messages:  created: 88897   present: 19   in FES: 8
** Event #712192   t=3130.580618369456   Elapsed: 3130.42s (52m 10s)  49% completed  (49% total)
     Speed:     ev/sec=589.179   simsec/sec=0.991256   ev/simsec=594.376
     Messages:  created: 89067   present: 46   in FES: 7
** Event #713216   t=3132.854218609625   Elapsed: 3132.67s (52m 12s)  49% completed  (49% total)
     Speed:     ev/sec=454.138   simsec/sec=1.00833   ev/simsec=450.387
     Messages:  created: 89181   present: 9   in FES: 5
** Event #713984   t=3134.908546811623   Elapsed: 3134.72s (52m 14s)  49% completed  (49% total)
     Speed:     ev/sec=373.868   simsec/sec=1.00006   ev/simsec=373.845
     Messages:  created: 89277   present: 13   in FES: 7
** Event #714752   t=3137.7569019799   Elapsed: 3137.57s (52m 17s)  49% completed  (49% total)
     Speed:     ev/sec=269.641   simsec/sec=1.00004   ev/simsec=269.629
     Messages:  created: 89372   present: 9   in FES: 5
** Event #715520   t=3139.795010703449   Elapsed: 3139.63s (52m 19s)  49% completed  (49% total)
     Speed:     ev/sec=372.847   simsec/sec=0.989456   ev/simsec=376.82
     Messages:  created: 89470   present: 15   in FES: 7
** Event #716544   t=3142.055397974645   Elapsed: 3141.87s (52m 21s)  49% completed  (49% total)
     Speed:     ev/sec=457.395   simsec/sec=1.00966   ev/simsec=453.02
     Messages:  created: 89601   present: 23   in FES: 7
** Event #718080   t=3144.46054397276   Elapsed: 3144.28s (52m 24s)  49% completed  (49% total)
     Speed:     ev/sec=638.645   simsec/sec=1.00002   ev/simsec=638.631
     Messages:  created: 89811   present: 70   in FES: 8
** Event #719360   t=3146.508911659891   Elapsed: 3146.32s (52m 26s)  49% completed  (49% total)
     Speed:     ev/sec=624.828   simsec/sec=0.999905   ev/simsec=624.888
     Messages:  created: 89976   present: 84   in FES: 8
** Event #720640   t=3148.614774728173   Elapsed: 3148.43s (52m 28s)  49% completed  (49% total)
     Speed:     ev/sec=607.889   simsec/sec=1.0001   ev/simsec=607.827
     Messages:  created: 90133   present: 75   in FES: 8
** Event #721920   t=3153.019416600699   Elapsed: 3152.83s (52m 32s)  50% completed  (50% total)
     Speed:     ev/sec=290.597   simsec/sec=0.999982   ev/simsec=290.603
     Messages:  created: 90271   present: 17   in FES: 8
** Event #723456   t=3155.517514919714   Elapsed: 3155.33s (52m 35s)  50% completed  (50% total)
     Speed:     ev/sec=614.859   simsec/sec=0.999986   ev/simsec=614.868
     Messages:  created: 90467   present: 29   in FES: 8
** Event #724736   t=3158.275799159503   Elapsed: 3158.09s (52m 38s)  50% completed  (50% total)
     Speed:     ev/sec=464.042   simsec/sec=0.999969   ev/simsec=464.057
     Messages:  created: 90620   present: 10   in FES: 6
** Event #725760   t=3160.83070021202   Elapsed: 3160.65s (52m 40s)  50% completed  (50% total)
     Speed:     ev/sec=400.836   simsec/sec=1.0001   ev/simsec=400.798
     Messages:  created: 90748   present: 10   in FES: 6
** Event #726272   t=3163.175662325188   Elapsed: 3162.99s (52m 42s)  50% completed  (50% total)
     Speed:     ev/sec=218.322   simsec/sec=0.999915   ev/simsec=218.34
     Messages:  created: 90812   present: 10   in FES: 6
** Event #726784   t=3165.224575806891   Elapsed: 3165.04s (52m 45s)  50% completed  (50% total)
     Speed:     ev/sec=249.896   simsec/sec=1.00003   ev/simsec=249.889
     Messages:  created: 90875   present: 10   in FES: 6
** Event #727296   t=3167.679641636205   Elapsed: 3167.5s (52m 47s)  50% completed  (50% total)
     Speed:     ev/sec=208.558   simsec/sec=1.00005   ev/simsec=208.548
     Messages:  created: 90940   present: 13   in FES: 8
** Event #728064   t=3170.265410113563   Elapsed: 3170.08s (52m 50s)  50% completed  (50% total)
     Speed:     ev/sec=297.011   simsec/sec=1   ev/simsec=297.01
     Messages:  created: 91036   present: 13   in FES: 7
** Event #729088   t=3172.525610195319   Elapsed: 3172.35s (52m 52s)  50% completed  (50% total)
     Speed:     ev/sec=451.524   simsec/sec=0.996616   ev/simsec=453.057
     Messages:  created: 91165   present: 16   in FES: 7
** Event #730112   t=3174.845412327795   Elapsed: 3174.66s (52m 54s)  50% completed  (50% total)
     Speed:     ev/sec=442.526   simsec/sec=1.00251   ev/simsec=441.417
     Messages:  created: 91293   present: 16   in FES: 7
** Event #730880   t=3177.544291479209   Elapsed: 3177.36s (52m 57s)  50% completed  (50% total)
     Speed:     ev/sec=284.759   simsec/sec=1.00069   ev/simsec=284.563
     Messages:  created: 91388   present: 12   in FES: 8
** Event #731648   t=3179.892403281411   Elapsed: 3179.71s (52m 59s)  50% completed  (50% total)
     Speed:     ev/sec=327.072   simsec/sec=1   ev/simsec=327.071
     Messages:  created: 91484   present: 13   in FES: 8
** Event #732672   t=3182.382243776814   Elapsed: 3182.2s (53m 02s)  50% completed  (50% total)
     Speed:     ev/sec=411.285   simsec/sec=1.00003   ev/simsec=411.271
     Messages:  created: 91611   present: 11   in FES: 7
** Event #733696   t=3184.503317120579   Elapsed: 3184.32s (53m 04s)  50% completed  (50% total)
     Speed:     ev/sec=482.706   simsec/sec=0.999858   ev/simsec=482.774
     Messages:  created: 91740   present: 15   in FES: 7
** Event #734720   t=3186.580963047702   Elapsed: 3186.4s (53m 06s)  50% completed  (50% total)
     Speed:     ev/sec=492.73   simsec/sec=0.999724   ev/simsec=492.866
     Messages:  created: 91869   present: 17   in FES: 7
** Event #736000   t=3188.661111959798   Elapsed: 3188.48s (53m 08s)  50% completed  (50% total)
     Speed:     ev/sec=615.561   simsec/sec=1.00036   ev/simsec=615.341
     Messages:  created: 92031   present: 21   in FES: 8
** Event #737280   t=3190.686179412491   Elapsed: 3190.5s (53m 10s)  50% completed  (50% total)
     Speed:     ev/sec=631.84   simsec/sec=0.999624   ev/simsec=632.078
     Messages:  created: 92195   present: 33   in FES: 7
** Event #738304   t=3192.916150811906   Elapsed: 3192.73s (53m 12s)  50% completed  (50% total)
     Speed:     ev/sec=459.318   simsec/sec=1.00026   ev/simsec=459.199
     Messages:  created: 92315   present: 11   in FES: 7
** Event #739328   t=3194.979218237244   Elapsed: 3194.79s (53m 14s)  50% completed  (50% total)
     Speed:     ev/sec=496.408   simsec/sec=1.00012   ev/simsec=496.348
     Messages:  created: 92446   present: 24   in FES: 8
** Event #740608   t=3197.025244537652   Elapsed: 3196.84s (53m 16s)  50% completed  (50% total)
     Speed:     ev/sec=625.564   simsec/sec=0.999939   ev/simsec=625.603
     Messages:  created: 92621   present: 64   in FES: 8
** Event #741888   t=3199.266485130702   Elapsed: 3199.08s (53m 19s)  50% completed  (50% total)
     Speed:     ev/sec=570.603   simsec/sec=0.999109   ev/simsec=571.112
     Messages:  created: 92773   present: 42   in FES: 7
** Event #743168   t=3201.517246386189   Elapsed: 3201.33s (53m 21s)  50% completed  (50% total)
     Speed:     ev/sec=569.191   simsec/sec=1.00087   ev/simsec=568.696
     Messages:  created: 92928   present: 29   in FES: 7
** Event #744448   t=3204.022036936885   Elapsed: 3203.85s (53m 23s)  50% completed  (50% total)
     Speed:     ev/sec=507.968   simsec/sec=0.994027   ev/simsec=511.021
     Messages:  created: 93081   present: 10   in FES: 5
** Event #745472   t=3206.473647230446   Elapsed: 3206.29s (53m 26s)  50% completed  (50% total)
     Speed:     ev/sec=420.276   simsec/sec=1.0062   ev/simsec=417.685
     Messages:  created: 93210   present: 12   in FES: 7
** Event #746496   t=3208.715097842313   Elapsed: 3208.53s (53m 28s)  50% completed  (50% total)
     Speed:     ev/sec=456.8   simsec/sec=0.999898   ev/simsec=456.847
     Messages:  created: 93340   present: 12   in FES: 7
** Event #747520   t=3211.551921244834   Elapsed: 3211.37s (53m 31s)  50% completed  (50% total)
     Speed:     ev/sec=360.972   simsec/sec=1.00001   ev/simsec=360.967
     Messages:  created: 93471   present: 20   in FES: 7
** Event #748288   t=3213.976518270969   Elapsed: 3213.79s (53m 33s)  51% completed  (51% total)
     Speed:     ev/sec=316.778   simsec/sec=1.00008   ev/simsec=316.754
     Messages:  created: 93567   present: 20   in FES: 7
** Event #749568   t=3216.499330718344   Elapsed: 3216.31s (53m 36s)  51% completed  (51% total)
     Speed:     ev/sec=507.362   simsec/sec=0.999984   ev/simsec=507.37
     Messages:  created: 93761   present: 112   in FES: 7
** Event #750592   t=3218.562569036314   Elapsed: 3218.38s (53m 38s)  51% completed  (51% total)
     Speed:     ev/sec=496.347   simsec/sec=1.00008   ev/simsec=496.307
     Messages:  created: 93907   present: 160   in FES: 7
** Event #751872   t=3220.93726260894   Elapsed: 3220.75s (53m 40s)  51% completed  (51% total)
     Speed:     ev/sec=538.998   simsec/sec=0.999964   ev/simsec=539.017
     Messages:  created: 94117   present: 271   in FES: 7
** Event #752896   t=3223.197545027877   Elapsed: 3223.01s (53m 43s)  51% completed  (51% total)
     Speed:     ev/sec=453.039   simsec/sec=0.999997   ev/simsec=453.041
     Messages:  created: 94275   present: 331   in FES: 7
** Event #753920   t=3225.499885894664   Elapsed: 3225.32s (53m 45s)  51% completed  (51% total)
     Speed:     ev/sec=444.725   simsec/sec=0.99991   ev/simsec=444.765
     Messages:  created: 94406   present: 340   in FES: 8
** Event #754688   t=3227.698056133846   Elapsed: 3227.51s (53m 47s)  51% completed  (51% total)
     Speed:     ev/sec=349.393   simsec/sec=1.00003   ev/simsec=349.381
     Messages:  created: 94507   present: 350   in FES: 8
** Event #755712   t=3230.075593618468   Elapsed: 3229.89s (53m 49s)  51% completed  (51% total)
     Speed:     ev/sec=430.696   simsec/sec=0.999996   ev/simsec=430.698
     Messages:  created: 94624   present: 328   in FES: 8
** Event #756736   t=3232.332408135101   Elapsed: 3232.15s (53m 52s)  51% completed  (51% total)
     Speed:     ev/sec=453.742   simsec/sec=1.00001   ev/simsec=453.737
     Messages:  created: 94750   present: 323   in FES: 7
** Event #757760   t=3235.02670476747   Elapsed: 3234.84s (53m 54s)  51% completed  (51% total)
     Speed:     ev/sec=380.054   simsec/sec=0.999978   ev/simsec=380.062
     Messages:  created: 94863   present: 294   in FES: 8
** Event #758528   t=3237.148239288823   Elapsed: 3236.96s (53m 56s)  51% completed  (51% total)
     Speed:     ev/sec=362.004   simsec/sec=1.00001   ev/simsec=362.002
     Messages:  created: 94943   present: 262   in FES: 8
** Event #759296   t=3239.138505486244   Elapsed: 3238.99s (53m 58s)  51% completed  (51% total)
     Speed:     ev/sec=378.67   simsec/sec=0.98132   ev/simsec=385.878
     Messages:  created: 95021   present: 220   in FES: 6
** Event #760064   t=3241.297665554477   Elapsed: 3241.11s (54m 01s)  51% completed  (51% total)
     Speed:     ev/sec=362.092   simsec/sec=1.01799   ev/simsec=355.694
     Messages:  created: 95102   present: 184   in FES: 7
** Event #761088   t=3243.807846488373   Elapsed: 3243.62s (54m 03s)  51% completed  (51% total)
     Speed:     ev/sec=407.923   simsec/sec=0.999962   ev/simsec=407.939
     Messages:  created: 95222   present: 166   in FES: 8
** Event #762112   t=3246.458277877752   Elapsed: 3246.27s (54m 06s)  51% completed  (51% total)
     Speed:     ev/sec=386.359   simsec/sec=1.00002   ev/simsec=386.352
     Messages:  created: 95350   present: 166   in FES: 7
** Event #763136   t=3249.169811774962   Elapsed: 3248.99s (54m 08s)  51% completed  (51% total)
     Speed:     ev/sec=377.618   simsec/sec=0.999926   ev/simsec=377.646
     Messages:  created: 95460   present: 124   in FES: 7
** Event #763904   t=3251.323155409157   Elapsed: 3251.14s (54m 11s)  51% completed  (51% total)
     Speed:     ev/sec=356.665   simsec/sec=1.00003   ev/simsec=356.655
     Messages:  created: 95542   present: 86   in FES: 7
** Event #764928   t=3253.539909411735   Elapsed: 3253.36s (54m 13s)  51% completed  (51% total)
     Speed:     ev/sec=461.906   simsec/sec=0.999934   ev/simsec=461.937
     Messages:  created: 95678   present: 107   in FES: 7
** Event #765952   t=3255.746587478447   Elapsed: 3255.56s (54m 15s)  51% completed  (51% total)
     Speed:     ev/sec=464.106   simsec/sec=1.00013   ev/simsec=464.046
     Messages:  created: 95805   present: 107   in FES: 7
** Event #766976   t=3258.428312799274   Elapsed: 3258.24s (54m 18s)  51% completed  (51% total)
     Speed:     ev/sec=381.747   simsec/sec=0.999748   ev/simsec=381.844
     Messages:  created: 95922   present: 79   in FES: 6
** Event #767744   t=3260.733392806155   Elapsed: 3260.56s (54m 20s)  51% completed  (51% total)
     Speed:     ev/sec=331.605   simsec/sec=0.99528   ev/simsec=333.177
     Messages:  created: 96003   present: 39   in FES: 6
** Event #768768   t=3263.082705097399   Elapsed: 3262.9s (54m 22s)  51% completed  (51% total)
     Speed:     ev/sec=438.029   simsec/sec=1.00495   ev/simsec=435.872
     Messages:  created: 96142   present: 68   in FES: 7
** Event #770048   t=3265.692461322409   Elapsed: 3265.51s (54m 25s)  51% completed  (51% total)
     Speed:     ev/sec=490.436   simsec/sec=0.999937   ev/simsec=490.467
     Messages:  created: 96331   present: 145   in FES: 7
** Event #771072   t=3268.180380007131   Elapsed: 3268s (54m 28s)  51% completed  (51% total)
     Speed:     ev/sec=410.126   simsec/sec=0.996445   ev/simsec=411.589
     Messages:  created: 96458   present: 143   in FES: 6
** Event #772352   t=3270.411667499081   Elapsed: 3270.23s (54m 30s)  51% completed  (51% total)
     Speed:     ev/sec=575.922   simsec/sec=1.00394   ev/simsec=573.66
     Messages:  created: 96644   present: 207   in FES: 7
** Event #773376   t=3272.411198581869   Elapsed: 3272.23s (54m 32s)  51% completed  (51% total)
     Speed:     ev/sec=510.839   simsec/sec=0.997499   ev/simsec=512.12
     Messages:  created: 96806   present: 279   in FES: 6
** Event #774144   t=3274.420172939483   Elapsed: 3274.24s (54m 34s)  51% completed  (51% total)
     Speed:     ev/sec=383.262   simsec/sec=1.00256   ev/simsec=382.285
     Messages:  created: 96899   present: 273   in FES: 6
** Event #775168   t=3276.922882890273   Elapsed: 3276.75s (54m 36s)  52% completed  (52% total)
     Speed:     ev/sec=406.952   simsec/sec=0.994613   ev/simsec=409.156
     Messages:  created: 97026   present: 271   in FES: 6
** Event #776192   t=3279.268397466031   Elapsed: 3279.1s (54m 39s)  52% completed  (52% total)
     Speed:     ev/sec=435.761   simsec/sec=0.998129   ev/simsec=436.578
     Messages:  created: 97158   present: 279   in FES: 6
** Event #777216   t=3281.932351225491   Elapsed: 3281.79s (54m 41s)  52% completed  (52% total)
     Speed:     ev/sec=381.234   simsec/sec=0.991786   ev/simsec=384.391
     Messages:  created: 97285   present: 277   in FES: 6
** Event #778240   t=3284.07450376877   Elapsed: 3283.92s (54m 43s)  52% completed  (52% total)
     Speed:     ev/sec=479.899   simsec/sec=1.00392   ev/simsec=478.024
     Messages:  created: 97422   present: 295   in FES: 6
** Event #779008   t=3286.271426559641   Elapsed: 3286.09s (54m 46s)  52% completed  (52% total)
     Speed:     ev/sec=354.661   simsec/sec=1.01454   ev/simsec=349.58
     Messages:  created: 97507   present: 276   in FES: 8
** Event #779776   t=3288.724427265368   Elapsed: 3288.54s (54m 48s)  52% completed  (52% total)
     Speed:     ev/sec=313.13   simsec/sec=1.00014   ev/simsec=313.086
     Messages:  created: 97579   present: 226   in FES: 7
** Event #780800   t=3290.978472892689   Elapsed: 3290.79s (54m 50s)  52% completed  (52% total)
     Speed:     ev/sec=454.254   simsec/sec=0.999912   ev/simsec=454.294
     Messages:  created: 97710   present: 232   in FES: 7
** Event #781824   t=3293.475195874831   Elapsed: 3293.29s (54m 53s)  52% completed  (52% total)
     Speed:     ev/sec=410.167   simsec/sec=1.00007   ev/simsec=410.138
     Messages:  created: 97844   present: 246   in FES: 8
** Event #782848   t=3295.620132630437   Elapsed: 3295.44s (54m 55s)  52% completed  (52% total)
     Speed:     ev/sec=477.397   simsec/sec=0.999986   ev/simsec=477.403
     Messages:  created: 97972   present: 245   in FES: 7
** Event #783872   t=3298.132029527578   Elapsed: 3297.95s (54m 57s)  52% completed  (52% total)
     Speed:     ev/sec=407.645   simsec/sec=0.999964   ev/simsec=407.66
     Messages:  created: 98097   present: 239   in FES: 7
** Event #784896   t=3300.611646866617   Elapsed: 3300.43s (55m 00s)  52% completed  (52% total)
     Speed:     ev/sec=412.959   simsec/sec=0.999982   ev/simsec=412.967
     Messages:  created: 98215   present: 221   in FES: 7
** Event #785920   t=3303.367225908727   Elapsed: 3303.18s (55m 03s)  52% completed  (52% total)
     Speed:     ev/sec=371.623   simsec/sec=1.00004   ev/simsec=371.61
     Messages:  created: 98342   present: 218   in FES: 7
** Event #786688   t=3305.482689258449   Elapsed: 3305.3s (55m 05s)  52% completed  (52% total)
     Speed:     ev/sec=363.051   simsec/sec=1.00003   ev/simsec=363.041
     Messages:  created: 98427   present: 192   in FES: 7
** Event #787712   t=3307.662525838168   Elapsed: 3307.48s (55m 07s)  52% completed  (52% total)
     Speed:     ev/sec=469.744   simsec/sec=0.999966   ev/simsec=469.76
     Messages:  created: 98562   present: 210   in FES: 7
** Event #788736   t=3310.10799919581   Elapsed: 3309.92s (55m 09s)  52% completed  (52% total)
     Speed:     ev/sec=418.762   simsec/sec=1.00007   ev/simsec=418.733
     Messages:  created: 98707   present: 244   in FES: 7
** Event #789760   t=3312.405572752718   Elapsed: 3312.22s (55m 12s)  52% completed  (52% total)
     Speed:     ev/sec=445.689   simsec/sec=1   ev/simsec=445.688
     Messages:  created: 98844   present: 262   in FES: 7
** Event #791040   t=3314.731100570345   Elapsed: 3314.55s (55m 14s)  52% completed  (52% total)
     Speed:     ev/sec=550.39   simsec/sec=0.999959   ev/simsec=550.413
     Messages:  created: 99046   present: 349   in FES: 8
** Event #792320   t=3317.246924538706   Elapsed: 3317.06s (55m 17s)  52% completed  (52% total)
     Speed:     ev/sec=508.747   simsec/sec=0.999936   ev/simsec=508.78
     Messages:  created: 99228   present: 393   in FES: 8
** Event #793344   t=3319.440741213745   Elapsed: 3319.26s (55m 19s)  52% completed  (52% total)
     Speed:     ev/sec=466.796   simsec/sec=1.00006   ev/simsec=466.766
     Messages:  created: 99362   present: 405   in FES: 8
** Event #794368   t=3321.775370541167   Elapsed: 3321.59s (55m 21s)  52% completed  (52% total)
     Speed:     ev/sec=438.641   simsec/sec=1.00006   ev/simsec=438.614
     Messages:  created: 99493   present: 410   in FES: 7
** Event #795392   t=3323.810077929221   Elapsed: 3323.63s (55m 23s)  52% completed  (52% total)
     Speed:     ev/sec=503.207   simsec/sec=0.999883   ev/simsec=503.266
     Messages:  created: 99653   present: 475   in FES: 8
** Event #796160   t=3325.940164959072   Elapsed: 3325.76s (55m 25s)  52% completed  (52% total)
     Speed:     ev/sec=360.563   simsec/sec=1.00004   ev/simsec=360.549
     Messages:  created: 99739   present: 455   in FES: 8
** Event #797184   t=3328.467535371516   Elapsed: 3328.28s (55m 28s)  52% completed  (52% total)
     Speed:     ev/sec=405.134   simsec/sec=0.999925   ev/simsec=405.164
     Messages:  created: 99872   present: 465   in FES: 8
** Event #798208   t=3330.799757843651   Elapsed: 3330.62s (55m 30s)  52% completed  (52% total)
     Speed:     ev/sec=439.085   simsec/sec=1.00004   ev/simsec=439.066
     Messages:  created: 100008   present: 480   in FES: 7
** Event #799232   t=3332.897220100684   Elapsed: 3332.71s (55m 32s)  52% completed  (52% total)
     Speed:     ev/sec=488.193   simsec/sec=0.999967   ev/simsec=488.209
     Messages:  created: 100143   present: 495   in FES: 8
** Event #800000   t=3334.925407454031   Elapsed: 3334.74s (55m 34s)  52% completed  (52% total)
     Speed:     ev/sec=378.697   simsec/sec=1.00009   ev/simsec=378.663
     Messages:  created: 100239   present: 494   in FES: 7
** Event #801024   t=3337.155102179404   Elapsed: 3336.97s (55m 36s)  52% completed  (52% total)
     Speed:     ev/sec=459.223   simsec/sec=0.999929   ev/simsec=459.256
     Messages:  created: 100374   present: 509   in FES: 8
** Event #802048   t=3339.838377202319   Elapsed: 3339.65s (55m 39s)  53% completed  (53% total)
     Speed:     ev/sec=381.646   simsec/sec=1.00006   ev/simsec=381.623
     Messages:  created: 100506   present: 517   in FES: 8
** Event #803072   t=3341.992803974411   Elapsed: 3341.81s (55m 41s)  53% completed  (53% total)
     Speed:     ev/sec=475.283   simsec/sec=0.999963   ev/simsec=475.3
     Messages:  created: 100628   present: 505   in FES: 8
** Event #804096   t=3344.395260862141   Elapsed: 3344.21s (55m 44s)  53% completed  (53% total)
     Speed:     ev/sec=426.253   simsec/sec=1.00005   ev/simsec=426.23
     Messages:  created: 100755   present: 503   in FES: 8
** Event #805120   t=3346.901395385133   Elapsed: 3346.73s (55m 46s)  53% completed  (53% total)
     Speed:     ev/sec=406.539   simsec/sec=0.994961   ev/simsec=408.597
     Messages:  created: 100885   present: 508   in FES: 7
** Event #806144   t=3349.056639146107   Elapsed: 3348.87s (55m 48s)  53% completed  (53% total)
     Speed:     ev/sec=477.389   simsec/sec=1.00477   ev/simsec=475.12
     Messages:  created: 101038   present: 558   in FES: 7
** Event #807168   t=3351.209029354548   Elapsed: 3351.06s (55m 51s)  53% completed  (53% total)
     Speed:     ev/sec=469.237   simsec/sec=0.986309   ev/simsec=475.75
     Messages:  created: 101157   present: 540   in FES: 7
** Event #808192   t=3353.872250977691   Elapsed: 3353.7s (55m 53s)  53% completed  (53% total)
     Speed:     ev/sec=387.878   simsec/sec=1.00879   ev/simsec=384.497
     Messages:  created: 101295   present: 560   in FES: 7
** Event #808960   t=3355.997650375288   Elapsed: 3355.81s (55m 55s)  53% completed  (53% total)
     Speed:     ev/sec=362.845   simsec/sec=1.00415   ev/simsec=361.344
     Messages:  created: 101362   present: 502   in FES: 7
** Event #809728   t=3358.473633255747   Elapsed: 3358.3s (55m 58s)  53% completed  (53% total)
     Speed:     ev/sec=308.557   simsec/sec=0.994768   ev/simsec=310.18
     Messages:  created: 101434   present: 454   in FES: 7
** Event #810752   t=3360.73236282414   Elapsed: 3360.55s (56m 00s)  53% completed  (53% total)
     Speed:     ev/sec=456.043   simsec/sec=1.00594   ev/simsec=453.352
     Messages:  created: 101565   present: 461   in FES: 9
** Event #811776   t=3363.160844911821   Elapsed: 3362.98s (56m 02s)  53% completed  (53% total)
     Speed:     ev/sec=421.665   simsec/sec=1.00001   ev/simsec=421.663
     Messages:  created: 101690   present: 455   in FES: 9
** Event #812800   t=3365.457515267232   Elapsed: 3365.27s (56m 05s)  53% completed  (53% total)
     Speed:     ev/sec=445.856   simsec/sec=0.999984   ev/simsec=445.863
     Messages:  created: 101822   present: 463   in FES: 9
** Event #813824   t=3367.855118583647   Elapsed: 3367.67s (56m 07s)  53% completed  (53% total)
     Speed:     ev/sec=427.087   simsec/sec=0.999986   ev/simsec=427.093
     Messages:  created: 101955   present: 473   in FES: 9
** Event #814848   t=3370.290740984918   Elapsed: 3370.11s (56m 10s)  53% completed  (53% total)
     Speed:     ev/sec=420.439   simsec/sec=1.00003   ev/simsec=420.426
     Messages:  created: 102077   present: 461   in FES: 9
** Event #816128   t=3372.597347859054   Elapsed: 3372.41s (56m 12s)  53% completed  (53% total)
     Speed:     ev/sec=554.93   simsec/sec=1   ev/simsec=554.928
     Messages:  created: 102287   present: 560   in FES: 8
** Event #817152   t=3374.693662   Elapsed: 3374.51s (56m 14s)  53% completed  (53% total)
     Speed:     ev/sec=488.407   simsec/sec=0.999857   ev/simsec=488.476
     Messages:  created: 102425   present: 582   in FES: 7
** Event #818176   t=3376.909155524326   Elapsed: 3376.72s (56m 16s)  53% completed  (53% total)
     Speed:     ev/sec=462.252   simsec/sec=1.00011   ev/simsec=462.2
     Messages:  created: 102579   present: 635   in FES: 8
** Event #819200   t=3379.127567837225   Elapsed: 3378.94s (56m 18s)  53% completed  (53% total)
     Speed:     ev/sec=461.575   simsec/sec=0.999965   ev/simsec=461.591
     Messages:  created: 102708   present: 637   in FES: 8
** Event #820224   t=3381.215451818583   Elapsed: 3381.03s (56m 21s)  53% completed  (53% total)
     Speed:     ev/sec=490.457   simsec/sec=1.00002   ev/simsec=490.449
     Messages:  created: 102853   present: 671   in FES: 8
** Event #821504   t=3383.625225665468   Elapsed: 3383.44s (56m 23s)  53% completed  (53% total)
     Speed:     ev/sec=531.162   simsec/sec=0.999984   ev/simsec=531.17
     Messages:  created: 103060   present: 765   in FES: 8
** Event #822528   t=3385.766376318216   Elapsed: 3385.58s (56m 25s)  53% completed  (53% total)
     Speed:     ev/sec=478.263   simsec/sec=1.00003   ev/simsec=478.248
     Messages:  created: 103202   present: 794   in FES: 8
** Event #823552   t=3387.882405008211   Elapsed: 3387.7s (56m 27s)  53% completed  (53% total)
     Speed:     ev/sec=483.909   simsec/sec=0.999966   ev/simsec=483.925
     Messages:  created: 103342   present: 818   in FES: 8
** Event #824576   t=3390.499159746771   Elapsed: 3390.31s (56m 30s)  53% completed  (53% total)
     Speed:     ev/sec=391.318   simsec/sec=0.999984   ev/simsec=391.324
     Messages:  created: 103458   present: 793   in FES: 8
** Event #825600   t=3392.58758509014   Elapsed: 3392.4s (56m 32s)  53% completed  (53% total)
     Speed:     ev/sec=490.325   simsec/sec=1.00001   ev/simsec=490.322
     Messages:  created: 103575   present: 768   in FES: 9
** Event #826880   t=3394.904833405608   Elapsed: 3394.72s (56m 34s)  53% completed  (53% total)
     Speed:     ev/sec=552.351   simsec/sec=0.999948   ev/simsec=552.379
     Messages:  created: 103772   present: 836   in FES: 9
** Event #827904   t=3397.234735291931   Elapsed: 3397.05s (56m 37s)  53% completed  (53% total)
     Speed:     ev/sec=439.505   simsec/sec=1   ev/simsec=439.503
     Messages:  created: 103878   present: 781   in FES: 8
** Event #828928   t=3399.54799315486   Elapsed: 3399.36s (56m 39s)  53% completed  (53% total)
     Speed:     ev/sec=442.678   simsec/sec=1.00003   ev/simsec=442.666
     Messages:  created: 103990   present: 747   in FES: 8
** Event #829952   t=3402.192248896812   Elapsed: 3402.01s (56m 42s)  54% completed  (54% total)
     Speed:     ev/sec=387.279   simsec/sec=1.00006   ev/simsec=387.255
     Messages:  created: 104123   present: 756   in FES: 8
** Event #831232   t=3404.47316187554   Elapsed: 3404.29s (56m 44s)  54% completed  (54% total)
     Speed:     ev/sec=561.207   simsec/sec=1.00005   ev/simsec=561.179
     Messages:  created: 104286   present: 749   in FES: 8
** Event #832512   t=3406.653425029404   Elapsed: 3406.47s (56m 46s)  54% completed  (54% total)
     Speed:     ev/sec=587.05   simsec/sec=0.99994   ev/simsec=587.085
     Messages:  created: 104441   present: 738   in FES: 9
** Event #833536   t=3408.90174285803   Elapsed: 3408.72s (56m 48s)  54% completed  (54% total)
     Speed:     ev/sec=455.337   simsec/sec=0.999749   ev/simsec=455.452
     Messages:  created: 104528   present: 656   in FES: 7
** Event #834560   t=3411.270508234011   Elapsed: 3411.09s (56m 51s)  54% completed  (54% total)
     Speed:     ev/sec=432.373   simsec/sec=1.00019   ev/simsec=432.293
     Messages:  created: 104629   present: 602   in FES: 9
** Event #835584   t=3413.491255303173   Elapsed: 3413.31s (56m 53s)  54% completed  (54% total)
     Speed:     ev/sec=461.099   simsec/sec=0.999985   ev/simsec=461.106
     Messages:  created: 104728   present: 544   in FES: 7
** Event #836608   t=3416.001547582437   Elapsed: 3415.82s (56m 55s)  54% completed  (54% total)
     Speed:     ev/sec=407.938   simsec/sec=1.00004   ev/simsec=407.921
     Messages:  created: 104827   present: 485   in FES: 8
** Event #837632   t=3418.278879120583   Elapsed: 3418.09s (56m 58s)  54% completed  (54% total)
     Speed:     ev/sec=449.637   simsec/sec=0.999972   ev/simsec=449.649
     Messages:  created: 104933   present: 441   in FES: 9
** Event #838656   t=3420.435684370407   Elapsed: 3420.25s (57m 00s)  54% completed  (54% total)
     Speed:     ev/sec=474.791   simsec/sec=1.00003   ev/simsec=474.776
     Messages:  created: 105042   present: 404   in FES: 9
** Event #839680   t=3422.59326605072   Elapsed: 3422.41s (57m 02s)  54% completed  (54% total)
     Speed:     ev/sec=474.62   simsec/sec=1.00003   ev/simsec=474.605
     Messages:  created: 105157   present: 377   in FES: 8
** Event #840704   t=3424.809155544317   Elapsed: 3424.62s (57m 04s)  54% completed  (54% total)
     Speed:     ev/sec=462.09   simsec/sec=0.999942   ev/simsec=462.117
     Messages:  created: 105274   present: 357   in FES: 8
** Event #841984   t=3426.844573005011   Elapsed: 3426.66s (57m 06s)  54% completed  (54% total)
     Speed:     ev/sec=628.89   simsec/sec=1.00004   ev/simsec=628.864
     Messages:  created: 105447   present: 386   in FES: 9
** Event #843520   t=3429.191964202904   Elapsed: 3429.01s (57m 09s)  54% completed  (54% total)
     Speed:     ev/sec=654.316   simsec/sec=0.999958   ev/simsec=654.343
     Messages:  created: 105626   present: 357   in FES: 8
** Event #844800   t=3431.564217148222   Elapsed: 3431.38s (57m 11s)  54% completed  (54% total)
     Speed:     ev/sec=539.595   simsec/sec=1.00004   ev/simsec=539.571
     Messages:  created: 105784   present: 352   in FES: 9
** Event #846080   t=3433.724093898763   Elapsed: 3433.54s (57m 13s)  54% completed  (54% total)
     Speed:     ev/sec=592.654   simsec/sec=1.00005   ev/simsec=592.626
     Messages:  created: 105923   present: 310   in FES: 8
** Event #847104   t=3435.857933884391   Elapsed: 3435.68s (57m 15s)  54% completed  (54% total)
     Speed:     ev/sec=477.706   simsec/sec=0.995458   ev/simsec=479.886
     Messages:  created: 106027   present: 264   in FES: 6
** Event #848128   t=3438.468898100145   Elapsed: 3438.29s (57m 18s)  54% completed  (54% total)
     Speed:     ev/sec=392.27   simsec/sec=1.0002   ev/simsec=392.192
     Messages:  created: 106131   present: 211   in FES: 6
** Event #849152   t=3440.836535954349   Elapsed: 3440.65s (57m 20s)  54% completed  (54% total)
     Speed:     ev/sec=434.145   simsec/sec=1.00381   ev/simsec=432.499
     Messages:  created: 106230   present: 142   in FES: 7
** Event #850176   t=3442.886205777394   Elapsed: 3442.7s (57m 22s)  54% completed  (54% total)
     Speed:     ev/sec=499.632   simsec/sec=1.00008   ev/simsec=499.593
     Messages:  created: 106340   present: 92   in FES: 8
** Event #851200   t=3445.07294814258   Elapsed: 3444.89s (57m 24s)  54% completed  (54% total)
     Speed:     ev/sec=468.269   simsec/sec=0.999984   ev/simsec=468.276
     Messages:  created: 106454   present: 55   in FES: 7
** Event #852480   t=3447.461819031737   Elapsed: 3447.28s (57m 27s)  54% completed  (54% total)
     Speed:     ev/sec=535.442   simsec/sec=0.999298   ev/simsec=535.818
     Messages:  created: 106611   present: 48   in FES: 7
** Event #853504   t=3450.004760197685   Elapsed: 3449.82s (57m 29s)  54% completed  (54% total)
     Speed:     ev/sec=402.95   simsec/sec=1.00066   ev/simsec=402.683
     Messages:  created: 106725   present: 10   in FES: 6
** Event #854528   t=3452.646216611119   Elapsed: 3452.46s (57m 32s)  54% completed  (54% total)
     Speed:     ev/sec=387.676   simsec/sec=1.00003   ev/simsec=387.665
     Messages:  created: 106854   present: 13   in FES: 8
** Event #855808   t=3455.031088900334   Elapsed: 3454.85s (57m 34s)  54% completed  (54% total)
     Speed:     ev/sec=535.138   simsec/sec=0.997059   ev/simsec=536.716
     Messages:  created: 107027   present: 48   in FES: 7
** Event #857344   t=3457.350580641827   Elapsed: 3457.17s (57m 37s)  54% completed  (54% total)
     Speed:     ev/sec=664.221   simsec/sec=1.00303   ev/simsec=662.214
     Messages:  created: 107216   present: 40   in FES: 7
** Event #858880   t=3459.712813674004   Elapsed: 3459.53s (57m 39s)  54% completed  (54% total)
     Speed:     ev/sec=650.227   simsec/sec=0.999992   ev/simsec=650.232
     Messages:  created: 107412   present: 51   in FES: 8
** Event #860416   t=3462.171721288101   Elapsed: 3461.99s (57m 41s)  54% completed  (54% total)
     Speed:     ev/sec=624.671   simsec/sec=1.00001   ev/simsec=624.668
     Messages:  created: 107621   present: 95   in FES: 8
** Event #861696   t=3464.660538754037   Elapsed: 3464.48s (57m 44s)  54% completed  (54% total)
     Speed:     ev/sec=514.306   simsec/sec=1.00001   ev/simsec=514.3
     Messages:  created: 107768   present: 60   in FES: 8
** Event #862976   t=3467.287357239708   Elapsed: 3467.1s (57m 47s)  55% completed  (55% total)
     Speed:     ev/sec=487.28   simsec/sec=0.999997   ev/simsec=487.281
     Messages:  created: 107908   present: 11   in FES: 6
** Event #864000   t=3469.746379   Elapsed: 3469.56s (57m 49s)  55% completed  (55% total)
     Speed:     ev/sec=416.396   simsec/sec=0.999928   ev/simsec=416.426
     Messages:  created: 108034   present: 10   in FES: 6
** Event #864768   t=3471.83872987395   Elapsed: 3471.65s (57m 51s)  55% completed  (55% total)
     Speed:     ev/sec=367.078   simsec/sec=1.00007   ev/simsec=367.051
     Messages:  created: 108132   present: 15   in FES: 8
** Event #866304   t=3474.105849856705   Elapsed: 3473.92s (57m 53s)  55% completed  (55% total)
     Speed:     ev/sec=677.514   simsec/sec=1   ev/simsec=677.512
     Messages:  created: 108351   present: 87   in FES: 8
** Event #867584   t=3476.194660999544   Elapsed: 3476.01s (57m 56s)  55% completed  (55% total)
     Speed:     ev/sec=612.447   simsec/sec=0.999442   ev/simsec=612.789
     Messages:  created: 108494   present: 43   in FES: 7
** Event #868608   t=3478.319231568943   Elapsed: 3478.19s (57m 58s)  55% completed  (55% total)
     Speed:     ev/sec=470.054   simsec/sec=0.975257   ev/simsec=481.98
     Messages:  created: 108610   present: 11   in FES: 5
** Event #869888   t=3480.547622477023   Elapsed: 3480.37s (58m 00s)  55% completed  (55% total)
     Speed:     ev/sec=588.35   simsec/sec=1.02428   ev/simsec=574.406
     Messages:  created: 108785   present: 52   in FES: 7
** Event #871168   t=3483.439296455113   Elapsed: 3483.25s (58m 03s)  55% completed  (55% total)
     Speed:     ev/sec=443.003   simsec/sec=1.0008   ev/simsec=442.65
     Messages:  created: 108930   present: 11   in FES: 7
** Event #872448   t=3485.48214466124   Elapsed: 3485.3s (58m 05s)  55% completed  (55% total)
     Speed:     ev/sec=626.558   simsec/sec=0.999971   ev/simsec=626.576
     Messages:  created: 109112   present: 70   in FES: 8
** Event #873472   t=3487.978795313462   Elapsed: 3487.79s (58m 07s)  55% completed  (55% total)
     Speed:     ev/sec=410.132   simsec/sec=0.999956   ev/simsec=410.149
     Messages:  created: 109218   present: 11   in FES: 7
** Event #874496   t=3490.067954854626   Elapsed: 3489.88s (58m 09s)  55% completed  (55% total)
     Speed:     ev/sec=490.136   simsec/sec=0.999974   ev/simsec=490.149
     Messages:  created: 109352   present: 28   in FES: 7
** Event #875264   t=3492.306469162658   Elapsed: 3492.12s (58m 12s)  55% completed  (55% total)
     Speed:     ev/sec=343.101   simsec/sec=1.00005   ev/simsec=343.085
     Messages:  created: 109441   present: 10   in FES: 6
** Event #876288   t=3494.883809705195   Elapsed: 3494.7s (58m 14s)  55% completed  (55% total)
     Speed:     ev/sec=397.321   simsec/sec=1.00003   ev/simsec=397.309
     Messages:  created: 109571   present: 14   in FES: 8
** Event #877056   t=3497.480094003797   Elapsed: 3497.3s (58m 17s)  55% completed  (55% total)
     Speed:     ev/sec=295.782   simsec/sec=0.999915   ev/simsec=295.807
     Messages:  created: 109665   present: 9   in FES: 5
** Event #877824   t=3499.915360085623   Elapsed: 3499.73s (58m 19s)  55% completed  (55% total)
     Speed:     ev/sec=315.398   simsec/sec=1.0001   ev/simsec=315.366
     Messages:  created: 109760   present: 11   in FES: 7
** Event #878592   t=3502.0922446788   Elapsed: 3501.91s (58m 21s)  55% completed  (55% total)
     Speed:     ev/sec=352.531   simsec/sec=0.999243   ev/simsec=352.798
     Messages:  created: 109857   present: 13   in FES: 7
** Event #879872   t=3504.503178111111   Elapsed: 3504.32s (58m 24s)  55% completed  (55% total)
     Speed:     ev/sec=531.279   simsec/sec=1.00069   ev/simsec=530.915
     Messages:  created: 110021   present: 24   in FES: 7
** Event #880640   t=3506.5869260226   Elapsed: 3506.4s (58m 26s)  55% completed  (55% total)
     Speed:     ev/sec=368.287   simsec/sec=0.999242   ev/simsec=368.567
     Messages:  created: 110113   present: 13   in FES: 7
** Event #881408   t=3508.669883116205   Elapsed: 3508.49s (58m 28s)  55% completed  (55% total)
     Speed:     ev/sec=368.966   simsec/sec=1.0007   ev/simsec=368.707
     Messages:  created: 110210   present: 16   in FES: 8
** Event #882432   t=3511.067494943807   Elapsed: 3510.89s (58m 30s)  55% completed  (55% total)
     Speed:     ev/sec=425.899   simsec/sec=0.997207   ev/simsec=427.092
     Messages:  created: 110343   present: 29   in FES: 7
** Event #883456   t=3513.259751757116   Elapsed: 3513.09s (58m 33s)  55% completed  (55% total)
     Speed:     ev/sec=464.471   simsec/sec=0.994374   ev/simsec=467.099
     Messages:  created: 110465   present: 13   in FES: 7
** Event #884992   t=3515.466556365553   Elapsed: 3515.28s (58m 35s)  55% completed  (55% total)
     Speed:     ev/sec=702.156   simsec/sec=1.0088   ev/simsec=696.029
     Messages:  created: 110704   present: 139   in FES: 8
** Event #886272   t=3517.713050979448   Elapsed: 3517.53s (58m 37s)  55% completed  (55% total)
     Speed:     ev/sec=569.749   simsec/sec=0.999952   ev/simsec=569.777
     Messages:  created: 110857   present: 119   in FES: 8
** Event #887552   t=3520.103810384171   Elapsed: 3519.92s (58m 39s)  55% completed  (55% total)
     Speed:     ev/sec=535.072   simsec/sec=0.999398   ev/simsec=535.395
     Messages:  created: 110995   present: 61   in FES: 7
** Event #888576   t=3522.319069197533   Elapsed: 3522.13s (58m 42s)  55% completed  (55% total)
     Speed:     ev/sec=462.558   simsec/sec=1.00067   ev/simsec=462.248
     Messages:  created: 111104   present: 11   in FES: 7
** Event #890112   t=3524.859605052213   Elapsed: 3524.68s (58m 44s)  55% completed  (55% total)
     Speed:     ev/sec=604.592   simsec/sec=0.999991   ev/simsec=604.597
     Messages:  created: 111297   present: 12   in FES: 6
** Event #891392   t=3527.528158564711   Elapsed: 3527.34s (58m 47s)  55% completed  (55% total)
     Speed:     ev/sec=479.692   simsec/sec=1.00007   ev/simsec=479.661
     Messages:  created: 111457   present: 12   in FES: 8
** Event #892416   t=3529.734627997488   Elapsed: 3529.55s (58m 49s)  56% completed  (56% total)
     Speed:     ev/sec=463.068   simsec/sec=0.997799   ev/simsec=464.09
     Messages:  created: 111591   present: 29   in FES: 7
** Event #893696   t=3532.03297185362   Elapsed: 3531.85s (58m 51s)  56% completed  (56% total)
     Speed:     ev/sec=558.047   simsec/sec=1.00202   ev/simsec=556.923
     Messages:  created: 111745   present: 16   in FES: 7
** Event #894720   t=3534.26670553947   Elapsed: 3534.09s (58m 54s)  56% completed  (56% total)
     Speed:     ev/sec=456.518   simsec/sec=0.995839   ev/simsec=458.425
     Messages:  created: 111872   present: 14   in FES: 7
** Event #896000   t=3536.601752492599   Elapsed: 3536.42s (58m 56s)  56% completed  (56% total)
     Speed:     ev/sec=550.368   simsec/sec=1.00401   ev/simsec=548.169
     Messages:  created: 112031   present: 12   in FES: 7
** Event #897024   t=3539.018179528067   Elapsed: 3538.83s (58m 58s)  56% completed  (56% total)
     Speed:     ev/sec=423.772   simsec/sec=1.00001   ev/simsec=423.766
     Messages:  created: 112161   present: 17   in FES: 8
** Event #898304   t=3541.363554511908   Elapsed: 3541.18s (59m 01s)  56% completed  (56% total)
     Speed:     ev/sec=545.732   simsec/sec=0.999957   ev/simsec=545.755
     Messages:  created: 112322   present: 19   in FES: 8
** Event #899328   t=3543.386911135757   Elapsed: 3543.21s (59m 03s)  56% completed  (56% total)
     Speed:     ev/sec=505.054   simsec/sec=0.997953   ev/simsec=506.09
     Messages:  created: 112451   present: 23   in FES: 7
** Event #900096   t=3545.888786154109   Elapsed: 3545.7s (59m 05s)  56% completed  (56% total)
     Speed:     ev/sec=307.494   simsec/sec=1.00171   ev/simsec=306.97
     Messages:  created: 112543   present: 11   in FES: 6
** Event #900608   t=3548.676733011685   Elapsed: 3548.49s (59m 08s)  56% completed  (56% total)
     Speed:     ev/sec=183.636   simsec/sec=0.999935   ev/simsec=183.648
     Messages:  created: 112606   present: 9   in FES: 5
** Event #901120   t=3551.537664038148   Elapsed: 3551.35s (59m 11s)  56% completed  (56% total)
     Speed:     ev/sec=178.968   simsec/sec=1.00003   ev/simsec=178.963
     Messages:  created: 112670   present: 9   in FES: 5
** Event #901632   t=3554.771092922886   Elapsed: 3554.59s (59m 14s)  56% completed  (56% total)
     Speed:     ev/sec=158.339   simsec/sec=0.999955   ev/simsec=158.346
     Messages:  created: 112734   present: 9   in FES: 5
** Event #902144   t=3556.970373081734   Elapsed: 3556.79s (59m 16s)  56% completed  (56% total)
     Speed:     ev/sec=232.809   simsec/sec=1.00003   ev/simsec=232.803
     Messages:  created: 112798   present: 9   in FES: 5
** Event #902912   t=3559.115709590926   Elapsed: 3558.93s (59m 18s)  56% completed  (56% total)
     Speed:     ev/sec=358.022   simsec/sec=1.0001   ev/simsec=357.986
     Messages:  created: 112894   present: 9   in FES: 5
** Event #903424   t=3561.505810864858   Elapsed: 3561.32s (59m 21s)  56% completed  (56% total)
     Speed:     ev/sec=214.199   simsec/sec=0.999917   ev/simsec=214.217
     Messages:  created: 112957   present: 11   in FES: 6
** Event #903936   t=3563.53207480073   Elapsed: 3563.35s (59m 23s)  56% completed  (56% total)
     Speed:     ev/sec=252.687   simsec/sec=1.00002   ev/simsec=252.682
     Messages:  created: 113022   present: 12   in FES: 7
** Event #904704   t=3566.492368524132   Elapsed: 3566.31s (59m 26s)  56% completed  (56% total)
     Speed:     ev/sec=259.453   simsec/sec=1.00007   ev/simsec=259.434
     Messages:  created: 113118   present: 12   in FES: 7
** Event #905728   t=3568.536196278829   Elapsed: 3568.35s (59m 28s)  56% completed  (56% total)
     Speed:     ev/sec=501.001   simsec/sec=0.99996   ev/simsec=501.021
     Messages:  created: 113249   present: 22   in FES: 8
** Event #906496   t=3570.619098471315   Elapsed: 3570.49s (59m 30s)  56% completed  (56% total)
     Speed:     ev/sec=359.153   simsec/sec=0.974062   ev/simsec=368.716
     Messages:  created: 113340   present: 8   in FES: 4
** Event #907264   t=3572.79570269082   Elapsed: 3572.61s (59m 32s)  56% completed  (56% total)
     Speed:     ev/sec=362.074   simsec/sec=1.02616   ev/simsec=352.843
     Messages:  created: 113437   present: 10   in FES: 6
** Event #908288   t=3575.172385911306   Elapsed: 3574.99s (59m 34s)  56% completed  (56% total)
     Speed:     ev/sec=430.834   simsec/sec=0.999956   ev/simsec=430.853
     Messages:  created: 113565   present: 10   in FES: 6
** Event #909312   t=3577.541659080708   Elapsed: 3577.36s (59m 37s)  56% completed  (56% total)
     Speed:     ev/sec=432.2   simsec/sec=0.999999   ev/simsec=432.2
     Messages:  created: 113703   present: 36   in FES: 8
** Event #910592   t=3579.928749867828   Elapsed: 3579.74s (59m 39s)  56% completed  (56% total)
     Speed:     ev/sec=536.182   simsec/sec=0.999933   ev/simsec=536.218
     Messages:  created: 113853   present: 10   in FES: 6
** Event #911616   t=3582.343882967188   Elapsed: 3582.17s (59m 42s)  56% completed  (56% total)
     Speed:     ev/sec=422.741   simsec/sec=0.997047   ev/simsec=423.993
     Messages:  created: 113980   present: 8   in FES: 4
** Event #912896   t=3584.965079483187   Elapsed: 3584.78s (59m 44s)  56% completed  (56% total)
     Speed:     ev/sec=489.681   simsec/sec=1.00277   ev/simsec=488.327
     Messages:  created: 114142   present: 14   in FES: 8
** Event #913664   t=3587.09800453284   Elapsed: 3586.91s (59m 46s)  56% completed  (56% total)
     Speed:     ev/sec=360.094   simsec/sec=1.00007   ev/simsec=360.069
     Messages:  created: 114238   present: 13   in FES: 8
** Event #914688   t=3589.906144990902   Elapsed: 3589.57s (59m 49s)  56% completed  (56% total)
     Speed:     ev/sec=385.399   simsec/sec=1.05689   ev/simsec=364.654
     Messages:  created: 114363   present: 9   in FES: 6
** Event #915456   t=3592.309556688256   Elapsed: 3592.15s (59m 52s)  57% completed  (57% total)
     Speed:     ev/sec=297.718   simsec/sec=0.931693   ev/simsec=319.546
     Messages:  created: 114459   present: 9   in FES: 5
** Event #916480   t=3594.433973849669   Elapsed: 3594.25s (59m 54s)  57% completed  (57% total)
     Speed:     ev/sec=487.715   simsec/sec=1.01183   ev/simsec=482.015
     Messages:  created: 114588   present: 12   in FES: 7
** Event #917248   t=3597.037943224208   Elapsed: 3596.86s (59m 56s)  57% completed  (57% total)
     Speed:     ev/sec=294.473   simsec/sec=0.998434   ev/simsec=294.934
     Messages:  created: 114683   present: 9   in FES: 5
** Event #918016   t=3599.458651574177   Elapsed: 3599.31s (59m 59s)  57% completed  (57% total)
     Speed:     ev/sec=313.342   simsec/sec=0.987642   ev/simsec=317.263
     Messages:  created: 114782   present: 17   in FES: 6
** Event #919040   t=3601.82366267229   Elapsed: 3601.65s (1h 00m)  57% completed  (57% total)
     Speed:     ev/sec=437.653   simsec/sec=1.01079   ev/simsec=432.979
     Messages:  created: 114907   present: 10   in FES: 6
** Event #919808   t=3604.145018834743   Elapsed: 3603.96s (1h 00m)  57% completed  (57% total)
     Speed:     ev/sec=332.193   simsec/sec=1.00409   ev/simsec=330.841
     Messages:  created: 115004   present: 13   in FES: 8
** Event #920832   t=3606.919085068792   Elapsed: 3606.74s (1h 00m)  57% completed  (57% total)
     Speed:     ev/sec=368.559   simsec/sec=0.998444   ev/simsec=369.133
     Messages:  created: 115131   present: 10   in FES: 6
** Event #922112   t=3609.306909099801   Elapsed: 3609.12s (1h 00m)  57% completed  (57% total)
     Speed:     ev/sec=536.994   simsec/sec=1.00175   ev/simsec=536.053
     Messages:  created: 115293   present: 15   in FES: 8
** Event #922880   t=3611.841337166482   Elapsed: 3611.66s (1h 00m)  57% completed  (57% total)
     Speed:     ev/sec=303.024   simsec/sec=0.999989   ev/simsec=303.027
     Messages:  created: 115387   present: 9   in FES: 5
** Event #923904   t=3614.099783102702   Elapsed: 3613.94s (1h 00m)  57% completed  (57% total)
     Speed:     ev/sec=448.523   simsec/sec=0.989223   ev/simsec=453.409
     Messages:  created: 115521   present: 26   in FES: 7
** Event #924672   t=3616.365526277227   Elapsed: 3616.18s (1h 00m)  57% completed  (57% total)
     Speed:     ev/sec=342.703   simsec/sec=1.01104   ev/simsec=338.962
     Messages:  created: 115613   present: 16   in FES: 8
** Event #925696   t=3618.609951737965   Elapsed: 3618.43s (1h 00m)  57% completed  (57% total)
     Speed:     ev/sec=455.175   simsec/sec=0.997662   ev/simsec=456.241
     Messages:  created: 115742   present: 18   in FES: 7
** Event #926976   t=3620.875600268799   Elapsed: 3620.69s (1h 00m)  57% completed  (57% total)
     Speed:     ev/sec=566.276   simsec/sec=1.00233   ev/simsec=564.96
     Messages:  created: 115899   present: 14   in FES: 7
** Event #928000   t=3622.900672922749   Elapsed: 3622.72s (1h 00m)  57% completed  (57% total)
     Speed:     ev/sec=505.649   simsec/sec=0.999976   ev/simsec=505.661
     Messages:  created: 116027   present: 13   in FES: 7
** Event #929280   t=3625.320572834317   Elapsed: 3625.14s (1h 00m)  57% completed  (57% total)
     Speed:     ev/sec=528.909   simsec/sec=0.999926   ev/simsec=528.947
     Messages:  created: 116189   present: 18   in FES: 8
** Event #930304   t=3627.541434270711   Elapsed: 3627.36s (1h 00m)  57% completed  (57% total)
     Speed:     ev/sec=461.137   simsec/sec=1.00012   ev/simsec=461.082
     Messages:  created: 116316   present: 15   in FES: 8
** Event #931328   t=3630.137379280565   Elapsed: 3629.96s (1h 00m)  57% completed  (57% total)
     Speed:     ev/sec=394.072   simsec/sec=0.999012   ev/simsec=394.461
     Messages:  created: 116442   present: 11   in FES: 6
** Event #932096   t=3632.749143639771   Elapsed: 3632.56s (1h 00m)  57% completed  (57% total)
     Speed:     ev/sec=294.31   simsec/sec=1.00087   ev/simsec=294.054
     Messages:  created: 116538   present: 11   in FES: 7
** Event #932864   t=3634.928717271063   Elapsed: 3634.74s (1h 00m)  57% completed  (57% total)
     Speed:     ev/sec=352.393   simsec/sec=1.00009   ev/simsec=352.362
     Messages:  created: 116634   present: 11   in FES: 7
** Event #934144   t=3637.492490610415   Elapsed: 3637.31s (1h 00m)  57% completed  (57% total)
     Speed:     ev/sec=499.274   simsec/sec=1.00002   ev/simsec=499.264
     Messages:  created: 116799   present: 23   in FES: 8
** Event #935168   t=3639.838221741421   Elapsed: 3639.65s (1h 00m)  57% completed  (57% total)
     Speed:     ev/sec=436.488   simsec/sec=0.999887   ev/simsec=436.538
     Messages:  created: 116925   present: 19   in FES: 7
** Event #936192   t=3641.910459229628   Elapsed: 3641.73s (1h 00m)  57% completed  (57% total)
     Speed:     ev/sec=494.183   simsec/sec=1.00006   ev/simsec=494.152
     Messages:  created: 117058   present: 32   in FES: 8
** Event #937216   t=3644.222437515765   Elapsed: 3644.04s (1h 00m)  57% completed  (57% total)
     Speed:     ev/sec=442.189   simsec/sec=0.998371   ev/simsec=442.911
     Messages:  created: 117178   present: 11   in FES: 6
** Event #938240   t=3646.552600567356   Elapsed: 3646.37s (1h 00m)  57% completed  (57% total)
     Speed:     ev/sec=440.153   simsec/sec=1.00159   ev/simsec=439.454
     Messages:  created: 117306   present: 10   in FES: 6
** Event #939520   t=3648.704822596093   Elapsed: 3648.52s (1h 00m)  57% completed  (57% total)
     Speed:     ev/sec=594.794   simsec/sec=1.0001   ev/simsec=594.734
     Messages:  created: 117472   present: 26   in FES: 8
** Event #940544   t=3650.973519683183   Elapsed: 3650.79s (1h 00m)  57% completed  (57% total)
     Speed:     ev/sec=451.352   simsec/sec=0.999982   ev/simsec=451.36
     Messages:  created: 117594   present: 15   in FES: 8
** Event #941568   t=3653.089578226606   Elapsed: 3652.91s (1h 00m)  57% completed  (57% total)
     Speed:     ev/sec=483.879   simsec/sec=0.999918   ev/simsec=483.919
     Messages:  created: 117726   present: 24   in FES: 8
** Event #942592   t=3655.325472789878   Elapsed: 3655.14s (1h 00m)  58% completed  (58% total)
     Speed:     ev/sec=458.016   simsec/sec=1.00007   ev/simsec=457.982
     Messages:  created: 117854   present: 26   in FES: 7
** Event #943616   t=3657.778487465377   Elapsed: 3657.59s (1h 00m)  58% completed  (58% total)
     Speed:     ev/sec=417.406   simsec/sec=0.999906   ev/simsec=417.446
     Messages:  created: 117977   present: 11   in FES: 7
** Event #944640   t=3660.211022340565   Elapsed: 3660.03s (1h 01m)  58% completed  (58% total)
     Speed:     ev/sec=420.969   simsec/sec=1.00002   ev/simsec=420.96
     Messages:  created: 118104   present: 11   in FES: 7
** Event #945664   t=3662.739261095178   Elapsed: 3662.55s (1h 01m)  58% completed  (58% total)
     Speed:     ev/sec=405.029   simsec/sec=1.00001   ev/simsec=405.025
     Messages:  created: 118233   present: 12   in FES: 7
** Event #946688   t=3665.308573212562   Elapsed: 3665.12s (1h 01m)  58% completed  (58% total)
     Speed:     ev/sec=398.572   simsec/sec=1.00006   ev/simsec=398.55
     Messages:  created: 118360   present: 10   in FES: 6
** Event #947968   t=3667.793479526769   Elapsed: 3667.61s (1h 01m)  58% completed  (58% total)
     Speed:     ev/sec=515.118   simsec/sec=1.00002   ev/simsec=515.11
     Messages:  created: 118520   present: 9   in FES: 5
** Event #948992   t=3670.084767745257   Elapsed: 3669.9s (1h 01m)  58% completed  (58% total)
     Speed:     ev/sec=446.921   simsec/sec=1.00002   ev/simsec=446.91
     Messages:  created: 118650   present: 15   in FES: 8
** Event #950272   t=3672.094633179737   Elapsed: 3671.91s (1h 01m)  58% completed  (58% total)
     Speed:     ev/sec=636.8   simsec/sec=0.999908   ev/simsec=636.859
     Messages:  created: 118818   present: 36   in FES: 8
** Event #951552   t=3674.252753164876   Elapsed: 3674.07s (1h 01m)  58% completed  (58% total)
     Speed:     ev/sec=593.113   simsec/sec=1.00001   ev/simsec=593.109
     Messages:  created: 118968   present: 11   in FES: 7
** Event #952320   t=3676.299731043143   Elapsed: 3676.12s (1h 01m)  58% completed  (58% total)
     Speed:     ev/sec=375.191   simsec/sec=1.00001   ev/simsec=375.187
     Messages:  created: 119064   present: 11   in FES: 7
** Event #953600   t=3678.822678281529   Elapsed: 3678.64s (1h 01m)  58% completed  (58% total)
     Speed:     ev/sec=507.317   simsec/sec=0.999948   ev/simsec=507.343
     Messages:  created: 119224   present: 11   in FES: 7
** Event #954624   t=3681.085734269111   Elapsed: 3680.9s (1h 01m)  58% completed  (58% total)
     Speed:     ev/sec=452.525   simsec/sec=1.00009   ev/simsec=452.485
     Messages:  created: 119352   present: 13   in FES: 8
** Event #955392   t=3683.405517630457   Elapsed: 3683.22s (1h 01m)  58% completed  (58% total)
     Speed:     ev/sec=331.062   simsec/sec=0.999991   ev/simsec=331.065
     Messages:  created: 119447   present: 10   in FES: 6
** Event #956928   t=3685.570594280547   Elapsed: 3685.39s (1h 01m)  58% completed  (58% total)
     Speed:     ev/sec=709.31   simsec/sec=0.999811   ev/simsec=709.444
     Messages:  created: 119673   present: 102   in FES: 7
** Event #958208   t=3687.572999004906   Elapsed: 3687.39s (1h 01m)  58% completed  (58% total)
     Speed:     ev/sec=639.396   simsec/sec=1.00026   ev/simsec=639.231
     Messages:  created: 119838   present: 114   in FES: 8
** Event #959488   t=3689.674641096734   Elapsed: 3689.49s (1h 01m)  58% completed  (58% total)
     Speed:     ev/sec=609.014   simsec/sec=0.999945   ev/simsec=609.048
     Messages:  created: 120003   present: 129   in FES: 8
** Event #961024   t=3692.101655652734   Elapsed: 3691.92s (1h 01m)  58% completed  (58% total)
     Speed:     ev/sec=632.909   simsec/sec=1.00005   ev/simsec=632.876
     Messages:  created: 120193   present: 122   in FES: 8
** Event #962304   t=3694.273494735437   Elapsed: 3694.09s (1h 01m)  58% completed  (58% total)
     Speed:     ev/sec=589.364   simsec/sec=1   ev/simsec=589.362
     Messages:  created: 120352   present: 121   in FES: 8
** Event #963584   t=3696.66994787999   Elapsed: 3696.49s (1h 01m)  58% completed  (58% total)
     Speed:     ev/sec=534.038   simsec/sec=0.999842   ev/simsec=534.123
     Messages:  created: 120486   present: 51   in FES: 7
** Event #964608   t=3699.186450821882   Elapsed: 3699s (1h 01m)  58% completed  (58% total)
     Speed:     ev/sec=406.925   simsec/sec=1.00003   ev/simsec=406.914
     Messages:  created: 120599   present: 11   in FES: 7
** Event #965376   t=3701.555288565086   Elapsed: 3701.37s (1h 01m)  58% completed  (58% total)
     Speed:     ev/sec=324.214   simsec/sec=1.00001   ev/simsec=324.21
     Messages:  created: 120695   present: 11   in FES: 7
** Event #966144   t=3703.86071588526   Elapsed: 3703.68s (1h 01m)  58% completed  (58% total)
     Speed:     ev/sec=333.145   simsec/sec=1.00005   ev/simsec=333.127
     Messages:  created: 120790   present: 9   in FES: 5
** Event #967424   t=3706.165087682869   Elapsed: 3705.98s (1h 01m)  58% completed  (58% total)
     Speed:     ev/sec=555.174   simsec/sec=0.999475   ev/simsec=555.466
     Messages:  created: 120964   present: 46   in FES: 7
** Event #968704   t=3708.475225828704   Elapsed: 3708.29s (1h 01m)  58% completed  (58% total)
     Speed:     ev/sec=554.375   simsec/sec=1.00053   ev/simsec=554.079
     Messages:  created: 121113   present: 16   in FES: 8
** Event #969728   t=3710.735982841597   Elapsed: 3710.55s (1h 01m)  58% completed  (58% total)
     Speed:     ev/sec=452.926   simsec/sec=0.999956   ev/simsec=452.946
     Messages:  created: 121237   present: 9   in FES: 5
** Event #970496   t=3712.838727579268   Elapsed: 3712.66s (1h 01m)  58% completed  (58% total)
     Speed:     ev/sec=363.845   simsec/sec=0.996189   ev/simsec=365.237
     Messages:  created: 121335   present: 15   in FES: 7
** Event #971776   t=3714.914979432237   Elapsed: 3714.73s (1h 01m)  58% completed  (58% total)
     Speed:     ev/sec=618.902   simsec/sec=1.0039   ev/simsec=616.496
     Messages:  created: 121509   present: 52   in FES: 8
** Event #973056   t=3717.300367638864   Elapsed: 3717.12s (1h 01m)  59% completed  (59% total)
     Speed:     ev/sec=536.63   simsec/sec=1.00005   ev/simsec=536.6
     Messages:  created: 121654   present: 12   in FES: 7
** Event #974336   t=3719.750091344526   Elapsed: 3719.59s (1h 01m)  59% completed  (59% total)
     Speed:     ev/sec=517.478   simsec/sec=0.990373   ev/simsec=522.508
     Messages:  created: 121815   present: 15   in FES: 6
** Event #975360   t=3721.860070184083   Elapsed: 3721.68s (1h 02m)  59% completed  (59% total)
     Speed:     ev/sec=490.827   simsec/sec=1.01136   ev/simsec=485.313
     Messages:  created: 121941   present: 10   in FES: 6
** Event #976640   t=3724.358908450272   Elapsed: 3724.17s (1h 02m)  59% completed  (59% total)
     Speed:     ev/sec=512.223   simsec/sec=0.999971   ev/simsec=512.238
     Messages:  created: 122102   present: 13   in FES: 7
** Event #977408   t=3726.545628790247   Elapsed: 3726.36s (1h 02m)  59% completed  (59% total)
     Speed:     ev/sec=351.243   simsec/sec=1.00009   ev/simsec=351.211
     Messages:  created: 122197   present: 11   in FES: 7
** Event #978432   t=3728.642647667206   Elapsed: 3728.46s (1h 02m)  59% completed  (59% total)
     Speed:     ev/sec=488.302   simsec/sec=0.99998   ev/simsec=488.312
     Messages:  created: 122325   present: 11   in FES: 7
** Event #979456   t=3731.04436466067   Elapsed: 3730.86s (1h 02m)  59% completed  (59% total)
     Speed:     ev/sec=426.354   simsec/sec=0.999983   ev/simsec=426.362
     Messages:  created: 122460   present: 28   in FES: 8
** Event #980736   t=3733.463617258465   Elapsed: 3733.28s (1h 02m)  59% completed  (59% total)
     Speed:     ev/sec=529.111   simsec/sec=1.00004   ev/simsec=529.089
     Messages:  created: 122613   present: 11   in FES: 7
** Event #981504   t=3736.095196916669   Elapsed: 3735.91s (1h 02m)  59% completed  (59% total)
     Speed:     ev/sec=291.842   simsec/sec=1.00001   ev/simsec=291.84
     Messages:  created: 122712   present: 19   in FES: 8
** Event #982528   t=3738.18158754996   Elapsed: 3738s (1h 02m)  59% completed  (59% total)
     Speed:     ev/sec=490.803   simsec/sec=1.00001   ev/simsec=490.8
     Messages:  created: 122841   present: 21   in FES: 8
** Event #983296   t=3740.242787779866   Elapsed: 3740.09s (1h 02m)  59% completed  (59% total)
     Speed:     ev/sec=366.932   simsec/sec=0.984792   ev/simsec=372.598
     Messages:  created: 122931   present: 9   in FES: 5
** Event #984320   t=3742.771270389051   Elapsed: 3742.63s (1h 02m)  59% completed  (59% total)
     Speed:     ev/sec=403.597   simsec/sec=0.996571   ev/simsec=404.986
     Messages:  created: 123059   present: 9   in FES: 5
** Event #985344   t=3745.879066006729   Elapsed: 3745.69s (1h 02m)  59% completed  (59% total)
     Speed:     ev/sec=333.828   simsec/sec=1.01315   ev/simsec=329.494
     Messages:  created: 123188   present: 11   in FES: 7
** Event #986112   t=3748.454757557293   Elapsed: 3748.27s (1h 02m)  59% completed  (59% total)
     Speed:     ev/sec=298.176   simsec/sec=1.00001   ev/simsec=298.172
     Messages:  created: 123287   present: 19   in FES: 8
** Event #987136   t=3750.706896759674   Elapsed: 3750.52s (1h 02m)  59% completed  (59% total)
     Speed:     ev/sec=454.665   simsec/sec=0.99997   ev/simsec=454.679
     Messages:  created: 123413   present: 14   in FES: 8
** Event #988160   t=3752.744186264895   Elapsed: 3752.56s (1h 02m)  59% completed  (59% total)
     Speed:     ev/sec=502.666   simsec/sec=1.00007   ev/simsec=502.629
     Messages:  created: 123541   present: 14   in FES: 8
** Event #989184   t=3755.540718836396   Elapsed: 3755.36s (1h 02m)  59% completed  (59% total)
     Speed:     ev/sec=366.166   simsec/sec=0.999996   ev/simsec=366.168
     Messages:  created: 123668   present: 12   in FES: 7
** Event #990208   t=3758.172257566925   Elapsed: 3758.01s (1h 02m)  59% completed  (59% total)
     Speed:     ev/sec=386.062   simsec/sec=0.992127   ev/simsec=389.126
     Messages:  created: 123795   present: 9   in FES: 5
** Event #991232   t=3760.189219865057   Elapsed: 3760.02s (1h 02m)  59% completed  (59% total)
     Speed:     ev/sec=509.368   simsec/sec=1.0033   ev/simsec=507.694
     Messages:  created: 123926   present: 17   in FES: 7
** Event #992512   t=3762.634674349981   Elapsed: 3762.46s (1h 02m)  59% completed  (59% total)
     Speed:     ev/sec=525.169   simsec/sec=1.00334   ev/simsec=523.42
     Messages:  created: 124083   present: 9   in FES: 5
** Event #993280   t=3764.9416328391   Elapsed: 3764.76s (1h 02m)  59% completed  (59% total)
     Speed:     ev/sec=333.772   simsec/sec=1.0026   ev/simsec=332.906
     Messages:  created: 124180   present: 11   in FES: 7
** Event #993792   t=3767.718521767951   Elapsed: 3767.53s (1h 02m)  59% completed  (59% total)
     Speed:     ev/sec=184.372   simsec/sec=0.99996   ev/simsec=184.379
     Messages:  created: 124244   present: 11   in FES: 7
** Event #994816   t=3770.169824617728   Elapsed: 3770s (1h 02m)  59% completed  (59% total)
     Speed:     ev/sec=415.849   simsec/sec=0.995481   ev/simsec=417.737
     Messages:  created: 124370   present: 10   in FES: 5
** Event #995584   t=3772.239898019881   Elapsed: 3772.06s (1h 02m)  59% completed  (59% total)
     Speed:     ev/sec=372.999   simsec/sec=1.00539   ev/simsec=371.001
     Messages:  created: 124467   present: 12   in FES: 8
** Event #996864   t=3774.720415268392   Elapsed: 3774.54s (1h 02m)  59% completed  (59% total)
     Speed:     ev/sec=516.096   simsec/sec=1.00014   ev/simsec=516.021
     Messages:  created: 124630   present: 21   in FES: 7
** Event #997888   t=3776.925287245568   Elapsed: 3776.74s (1h 02m)  59% completed  (59% total)
     Speed:     ev/sec=464.396   simsec/sec=0.999935   ev/simsec=464.426
     Messages:  created: 124755   present: 12   in FES: 8
** Event #999168   t=3779.237080384524   Elapsed: 3779.05s (1h 02m)  59% completed  (59% total)
     Speed:     ev/sec=553.695   simsec/sec=1.00002   ev/simsec=553.683
     Messages:  created: 124920   present: 25   in FES: 8
** Event #1000192   t=3781.822332582883   Elapsed: 3781.65s (1h 03m)  60% completed  (60% total)
     Speed:     ev/sec=394.17   simsec/sec=0.995145   ev/simsec=396.093
     Messages:  created: 125042   present: 11   in FES: 6
** Event #1001216   t=3783.923289499312   Elapsed: 3783.74s (1h 03m)  60% completed  (60% total)
     Speed:     ev/sec=490.336   simsec/sec=1.00603   ev/simsec=487.397
     Messages:  created: 125175   present: 24   in FES: 8
** Event #1002240   t=3786.094825312176   Elapsed: 3785.91s (1h 03m)  60% completed  (60% total)
     Speed:     ev/sec=471.544   simsec/sec=0.999975   ev/simsec=471.556
     Messages:  created: 125299   present: 14   in FES: 7
** Event #1003264   t=3788.098125493684   Elapsed: 3787.91s (1h 03m)  60% completed  (60% total)
     Speed:     ev/sec=511.161   simsec/sec=1.00001   ev/simsec=511.157
     Messages:  created: 125428   present: 15   in FES: 7
** Event #1004544   t=3790.343498774654   Elapsed: 3790.16s (1h 03m)  60% completed  (60% total)
     Speed:     ev/sec=570.074   simsec/sec=1.00002   ev/simsec=570.061
     Messages:  created: 125591   present: 23   in FES: 8
** Event #1005312   t=3792.369069106234   Elapsed: 3792.2s (1h 03m)  60% completed  (60% total)
     Speed:     ev/sec=375.477   simsec/sec=0.990307   ev/simsec=379.152
     Messages:  created: 125682   present: 11   in FES: 7
** Event #1006592   t=3794.411393206753   Elapsed: 3794.23s (1h 03m)  60% completed  (60% total)
     Speed:     ev/sec=632.86   simsec/sec=1.00977   ev/simsec=626.737
     Messages:  created: 125856   present: 48   in FES: 8
** Event #1008128   t=3796.536323662334   Elapsed: 3796.35s (1h 03m)  60% completed  (60% total)
     Speed:     ev/sec=722.812   simsec/sec=0.999951   ev/simsec=722.847
     Messages:  created: 126072   present: 111   in FES: 8
** Event #1009664   t=3798.876801359209   Elapsed: 3798.7s (1h 03m)  60% completed  (60% total)
     Speed:     ev/sec=654.119   simsec/sec=0.996713   ev/simsec=656.276
     Messages:  created: 126280   present: 155   in FES: 7
** Event #1010944   t=3801.065668240617   Elapsed: 3800.88s (1h 03m)  60% completed  (60% total)
     Speed:     ev/sec=586.894   simsec/sec=1.00362   ev/simsec=584.777
     Messages:  created: 126418   present: 99   in FES: 8
** Event #1012224   t=3803.487418676577   Elapsed: 3803.31s (1h 03m)  60% completed  (60% total)
     Speed:     ev/sec=527.228   simsec/sec=0.997511   ev/simsec=528.543
     Messages:  created: 126563   present: 60   in FES: 7
** Event #1013504   t=3805.872105418754   Elapsed: 3805.69s (1h 03m)  60% completed  (60% total)
     Speed:     ev/sec=538.143   simsec/sec=1.00258   ev/simsec=536.758
     Messages:  created: 126710   present: 24   in FES: 7
** Event #1014784   t=3808.33134316747   Elapsed: 3808.15s (1h 03m)  60% completed  (60% total)
     Speed:     ev/sec=520.449   simsec/sec=0.999928   ev/simsec=520.486
     Messages:  created: 126866   present: 15   in FES: 7
** Event #1015808   t=3810.608136893771   Elapsed: 3810.42s (1h 03m)  60% completed  (60% total)
     Speed:     ev/sec=449.764   simsec/sec=1.00002   ev/simsec=449.755
     Messages:  created: 126994   present: 14   in FES: 7
** Event #1017088   t=3812.903712312696   Elapsed: 3812.72s (1h 03m)  60% completed  (60% total)
     Speed:     ev/sec=557.606   simsec/sec=1.00002   ev/simsec=557.594
     Messages:  created: 127160   present: 30   in FES: 8
** Event #1018112   t=3815.060236177245   Elapsed: 3814.88s (1h 03m)  60% completed  (60% total)
     Speed:     ev/sec=474.345   simsec/sec=0.99896   ev/simsec=474.838
     Messages:  created: 127281   present: 12   in FES: 6
** Event #1019136   t=3817.139051671954   Elapsed: 3816.95s (1h 03m)  60% completed  (60% total)
     Speed:     ev/sec=493.098   simsec/sec=1.00103   ev/simsec=492.588
     Messages:  created: 127408   present: 10   in FES: 6
** Event #1020416   t=3819.335231507798   Elapsed: 3819.16s (1h 03m)  60% completed  (60% total)
     Speed:     ev/sec=581.649   simsec/sec=0.997974   ev/simsec=582.83
     Messages:  created: 127569   present: 12   in FES: 6
** Event #1021184   t=3821.388121158887   Elapsed: 3821.2s (1h 03m)  60% completed  (60% total)
     Speed:     ev/sec=374.914   simsec/sec=1.00216   ev/simsec=374.107
     Messages:  created: 127666   present: 14   in FES: 8
** Event #1022464   t=3823.906862121723   Elapsed: 3823.72s (1h 03m)  60% completed  (60% total)
     Speed:     ev/sec=508.215   simsec/sec=1.00005   ev/simsec=508.19
     Messages:  created: 127827   present: 16   in FES: 8
** Event #1023488   t=3825.949786882219   Elapsed: 3825.77s (1h 03m)  60% completed  (60% total)
     Speed:     ev/sec=501.208   simsec/sec=0.999931   ev/simsec=501.242
     Messages:  created: 127958   present: 26   in FES: 8
** Event #1024768   t=3828.477895596495   Elapsed: 3828.3s (1h 03m)  60% completed  (60% total)
     Speed:     ev/sec=505.943   simsec/sec=0.99928   ev/simsec=506.307
     Messages:  created: 128119   present: 28   in FES: 7
** Event #1025792   t=3830.619459797759   Elapsed: 3830.44s (1h 03m)  60% completed  (60% total)
     Speed:     ev/sec=478.47   simsec/sec=1.00066   ev/simsec=478.155
     Messages:  created: 128240   present: 13   in FES: 6
** Event #1027072   t=3832.76584156199   Elapsed: 3832.58s (1h 03m)  60% completed  (60% total)
     Speed:     ev/sec=595.505   simsec/sec=0.998579   ev/simsec=596.352
     Messages:  created: 128412   present: 45   in FES: 7
** Event #1028096   t=3834.863433911065   Elapsed: 3834.68s (1h 03m)  60% completed  (60% total)
     Speed:     ev/sec=488.355   simsec/sec=1.00036   ev/simsec=488.179
     Messages:  created: 128531   present: 21   in FES: 7
** Event #1028864   t=3837.284355820896   Elapsed: 3837.1s (1h 03m)  60% completed  (60% total)
     Speed:     ev/sec=317.592   simsec/sec=1.00113   ev/simsec=317.235
     Messages:  created: 128623   present: 9   in FES: 5
** Event #1030144   t=3839.547679509573   Elapsed: 3839.37s (1h 03m)  60% completed  (60% total)
     Speed:     ev/sec=562.815   simsec/sec=0.995182   ev/simsec=565.54
     Messages:  created: 128793   present: 37   in FES: 7
** Event #1031168   t=3841.599921069016   Elapsed: 3841.42s (1h 04m)  60% completed  (60% total)
     Speed:     ev/sec=501.649   simsec/sec=1.00538   ev/simsec=498.967
     Messages:  created: 128916   present: 25   in FES: 7
** Event #1031936   t=3843.739484672607   Elapsed: 3843.55s (1h 04m)  61% completed  (61% total)
     Speed:     ev/sec=358.977   simsec/sec=1.00007   ev/simsec=358.952
     Messages:  created: 129009   present: 16   in FES: 8
** Event #1033216   t=3846.134205485079   Elapsed: 3845.95s (1h 04m)  61% completed  (61% total)
     Speed:     ev/sec=534.468   simsec/sec=0.999924   ev/simsec=534.509
     Messages:  created: 129173   present: 28   in FES: 8
** Event #1034240   t=3848.768406157322   Elapsed: 3848.58s (1h 04m)  61% completed  (61% total)
     Speed:     ev/sec=388.74   simsec/sec=1.00002   ev/simsec=388.733
     Messages:  created: 129295   present: 11   in FES: 7
** Event #1035008   t=3850.876659275858   Elapsed: 3850.69s (1h 04m)  61% completed  (61% total)
     Speed:     ev/sec=364.284   simsec/sec=1   ev/simsec=364.283
     Messages:  created: 129391   present: 11   in FES: 7
** Event #1036032   t=3853.524546902831   Elapsed: 3853.34s (1h 04m)  61% completed  (61% total)
     Speed:     ev/sec=386.757   simsec/sec=1.00009   ev/simsec=386.723
     Messages:  created: 129519   present: 10   in FES: 6
** Event #1036800   t=3856.091109428042   Elapsed: 3855.91s (1h 04m)  61% completed  (61% total)
     Speed:     ev/sec=299.215   simsec/sec=0.999941   ev/simsec=299.233
     Messages:  created: 129617   present: 16   in FES: 8
** Event #1038080   t=3858.386635920917   Elapsed: 3858.21s (1h 04m)  61% completed  (61% total)
     Speed:     ev/sec=555.673   simsec/sec=0.996533   ev/simsec=557.606
     Messages:  created: 129776   present: 14   in FES: 6
** Event #1039360   t=3860.419080807748   Elapsed: 3860.23s (1h 04m)  61% completed  (61% total)
     Speed:     ev/sec=632.246   simsec/sec=1.00391   ev/simsec=629.783
     Messages:  created: 129957   present: 73   in FES: 8
** Event #1040640   t=3862.428218857175   Elapsed: 3862.24s (1h 04m)  61% completed  (61% total)
     Speed:     ev/sec=637.087   simsec/sec=0.999997   ev/simsec=637.089
     Messages:  created: 130111   present: 57   in FES: 8
** Event #1041664   t=3864.478916537102   Elapsed: 3864.29s (1h 04m)  61% completed  (61% total)
     Speed:     ev/sec=499.331   simsec/sec=0.999978   ev/simsec=499.342
     Messages:  created: 130228   present: 29   in FES: 8
** Event #1042688   t=3866.582149239224   Elapsed: 3866.4s (1h 04m)  61% completed  (61% total)
     Speed:     ev/sec=486.901   simsec/sec=1.00007   ev/simsec=486.87
     Messages:  created: 130355   present: 26   in FES: 8
** Event #1044224   t=3869.033416500773   Elapsed: 3868.88s (1h 04m)  61% completed  (61% total)
     Speed:     ev/sec=619.086   simsec/sec=0.987985   ev/simsec=626.615
     Messages:  created: 130561   present: 63   in FES: 7
** Event #1045760   t=3871.446572921879   Elapsed: 3871.28s (1h 04m)  61% completed  (61% total)
     Speed:     ev/sec=640.564   simsec/sec=1.00637   ev/simsec=636.511
     Messages:  created: 130744   present: 39   in FES: 6
** Event #1047296   t=3873.729595982509   Elapsed: 3873.54s (1h 04m)  61% completed  (61% total)
     Speed:     ev/sec=677.119   simsec/sec=1.00643   ev/simsec=672.792
     Messages:  created: 130966   present: 118   in FES: 8
** Event #1048576   t=3876.181601401762   Elapsed: 3876s (1h 04m)  61% completed  (61% total)
     Speed:     ev/sec=522.005   simsec/sec=0.999968   ev/simsec=522.022
     Messages:  created: 131110   present: 77   in FES: 8
** Event #1049600   t=3878.631998754421   Elapsed: 3878.45s (1h 04m)  61% completed  (61% total)
     Speed:     ev/sec=417.891   simsec/sec=0.999999   ev/simsec=417.891
     Messages:  created: 131215   present: 14   in FES: 7
** Event #1050624   t=3880.665637626519   Elapsed: 3880.48s (1h 04m)  61% completed  (61% total)
     Speed:     ev/sec=503.514   simsec/sec=0.999966   ev/simsec=503.531
     Messages:  created: 131343   present: 14   in FES: 7
** Event #1051648   t=3882.934010478353   Elapsed: 3882.75s (1h 04m)  61% completed  (61% total)
     Speed:     ev/sec=451.255   simsec/sec=0.999623   ev/simsec=451.425
     Messages:  created: 131471   present: 15   in FES: 6
** Event #1052672   t=3885.370176622179   Elapsed: 3885.19s (1h 04m)  61% completed  (61% total)
     Speed:     ev/sec=420.5   simsec/sec=1.0004   ev/simsec=420.333
     Messages:  created: 131597   present: 10   in FES: 6
** Event #1053440   t=3887.944582877749   Elapsed: 3887.76s (1h 04m)  61% completed  (61% total)
     Speed:     ev/sec=298.328   simsec/sec=1.00002   ev/simsec=298.321
     Messages:  created: 131694   present: 13   in FES: 7
** Event #1054208   t=3890.216109089918   Elapsed: 3890.03s (1h 04m)  61% completed  (61% total)
     Speed:     ev/sec=338.069   simsec/sec=0.999913   ev/simsec=338.099
     Messages:  created: 131788   present: 11   in FES: 7
** Event #1054976   t=3892.442414286865   Elapsed: 3892.26s (1h 04m)  61% completed  (61% total)
     Speed:     ev/sec=344.987   simsec/sec=1.00006   ev/simsec=344.966
     Messages:  created: 131884   present: 10   in FES: 6
** Event #1056000   t=3894.891597911837   Elapsed: 3894.71s (1h 04m)  61% completed  (61% total)
     Speed:     ev/sec=418.107   simsec/sec=1.00002   ev/simsec=418.099
     Messages:  created: 132012   present: 10   in FES: 6
** Event #1057024   t=3896.904631962219   Elapsed: 3896.72s (1h 04m)  61% completed  (61% total)
     Speed:     ev/sec=508.608   simsec/sec=0.999848   ev/simsec=508.685
     Messages:  created: 132147   present: 29   in FES: 8
** Event #1058048   t=3899.642257092408   Elapsed: 3899.46s (1h 04m)  61% completed  (61% total)
     Speed:     ev/sec=374.083   simsec/sec=1.0001   ev/simsec=374.047
     Messages:  created: 132269   present: 12   in FES: 8
** Event #1059072   t=3902.198525568978   Elapsed: 3902.07s (1h 05m)  61% completed  (61% total)
     Speed:     ev/sec=392.185   simsec/sec=0.979034   ev/simsec=400.584
     Messages:  created: 132395   present: 9   in FES: 5
** Event #1059840   t=3904.820902047526   Elapsed: 3904.66s (1h 05m)  61% completed  (61% total)
     Speed:     ev/sec=296.535   simsec/sec=1.01253   ev/simsec=292.864
     Messages:  created: 132491   present: 9   in FES: 5
** Event #1060864   t=3907.47006350432   Elapsed: 3907.29s (1h 05m)  62% completed  (62% total)
     Speed:     ev/sec=389.794   simsec/sec=1.00843   ev/simsec=386.537
     Messages:  created: 132620   present: 12   in FES: 7
** Event #1061888   t=3909.733339616167   Elapsed: 3909.55s (1h 05m)  62% completed  (62% total)
     Speed:     ev/sec=452.486   simsec/sec=1.0001   ev/simsec=452.441
     Messages:  created: 132749   present: 15   in FES: 7
** Event #1062144   t=3919.734986249217   Elapsed: 3919.56s (1h 05m)  62% completed  (62% total)
     Speed:     ev/sec=25.577   simsec/sec=0.999267   ev/simsec=25.5958
     Messages:  created: 132788   present: 33   in FES: 7
** Event #1063168   t=3922.385702334121   Elapsed: 3922.22s (1h 05m)  62% completed  (62% total)
     Speed:     ev/sec=384.239   simsec/sec=0.994637   ev/simsec=386.311
     Messages:  created: 132906   present: 10   in FES: 6
** Event #1063936   t=3924.63692138622   Elapsed: 3924.46s (1h 05m)  62% completed  (62% total)
     Speed:     ev/sec=343.464   simsec/sec=1.00679   ev/simsec=341.148
     Messages:  created: 133002   present: 10   in FES: 6
** Event #1064960   t=3926.95512381145   Elapsed: 3926.77s (1h 05m)  62% completed  (62% total)
     Speed:     ev/sec=442.949   simsec/sec=1.00278   ev/simsec=441.722
     Messages:  created: 133134   present: 20   in FES: 7
** Event #1066240   t=3929.241747372629   Elapsed: 3929.06s (1h 05m)  62% completed  (62% total)
     Speed:     ev/sec=559.747   simsec/sec=0.999946   ev/simsec=559.777
     Messages:  created: 133291   present: 12   in FES: 7
** Event #1067264   t=3931.288985827082   Elapsed: 3931.1s (1h 05m)  62% completed  (62% total)
     Speed:     ev/sec=500.175   simsec/sec=0.999978   ev/simsec=500.186
     Messages:  created: 133419   present: 12   in FES: 8
** Event #1068544   t=3933.367137055493   Elapsed: 3933.18s (1h 05m)  62% completed  (62% total)
     Speed:     ev/sec=615.928   simsec/sec=0.999994   ev/simsec=615.932
     Messages:  created: 133588   present: 36   in FES: 8
** Event #1069568   t=3935.914669283689   Elapsed: 3935.73s (1h 05m)  62% completed  (62% total)
     Speed:     ev/sec=401.98   simsec/sec=1.00006   ev/simsec=401.958
     Messages:  created: 133708   present: 14   in FES: 8
** Event #1070848   t=3938.064919790428   Elapsed: 3937.88s (1h 05m)  62% completed  (62% total)
     Speed:     ev/sec=595.258   simsec/sec=0.999964   ev/simsec=595.279
     Messages:  created: 133873   present: 28   in FES: 8
** Event #1071872   t=3940.275849418919   Elapsed: 3940.09s (1h 05m)  62% completed  (62% total)
     Speed:     ev/sec=463.149   simsec/sec=0.99999   ev/simsec=463.154
     Messages:  created: 133999   present: 23   in FES: 8
** Event #1073152   t=3942.786188661776   Elapsed: 3942.6s (1h 05m)  62% completed  (62% total)
     Speed:     ev/sec=509.29   simsec/sec=0.998821   ev/simsec=509.891
     Messages:  created: 134154   present: 10   in FES: 6
** Event #1074432   t=3945.075688438115   Elapsed: 3944.89s (1h 05m)  62% completed  (62% total)
     Speed:     ev/sec=559.834   simsec/sec=1.00136   ev/simsec=559.074
     Messages:  created: 134328   present: 47   in FES: 8
** Event #1075712   t=3947.418807646481   Elapsed: 3947.23s (1h 05m)  62% completed  (62% total)
     Speed:     ev/sec=546.204   simsec/sec=0.999861   ev/simsec=546.28
     Messages:  created: 134482   present: 30   in FES: 8
** Event #1076480   t=3949.512382742575   Elapsed: 3949.33s (1h 05m)  62% completed  (62% total)
     Speed:     ev/sec=366.876   simsec/sec=1.00011   ev/simsec=366.837
     Messages:  created: 134571   present: 13   in FES: 7
** Event #1077504   t=3951.937416060978   Elapsed: 3951.75s (1h 05m)  62% completed  (62% total)
     Speed:     ev/sec=422.192   simsec/sec=0.999833   ev/simsec=422.262
     Messages:  created: 134697   present: 11   in FES: 6
** Event #1078528   t=3953.966648913857   Elapsed: 3953.78s (1h 05m)  62% completed  (62% total)
     Speed:     ev/sec=504.742   simsec/sec=1.00023   ev/simsec=504.624
     Messages:  created: 134832   present: 30   in FES: 8
** Event #1080064   t=3956.29374592232   Elapsed: 3956.12s (1h 05m)  62% completed  (62% total)
     Speed:     ev/sec=657.543   simsec/sec=0.996202   ev/simsec=660.05
     Messages:  created: 135035   present: 59   in FES: 7
** Event #1081600   t=3958.641443681524   Elapsed: 3958.46s (1h 05m)  62% completed  (62% total)
     Speed:     ev/sec=655.058   simsec/sec=1.00122   ev/simsec=654.258
     Messages:  created: 135233   present: 73   in FES: 7
** Event #1082624   t=3961.003838389581   Elapsed: 3960.83s (1h 06m)  62% completed  (62% total)
     Speed:     ev/sec=432.402   simsec/sec=0.997562   ev/simsec=433.458
     Messages:  created: 135351   present: 44   in FES: 6
** Event #1083648   t=3963.145895255414   Elapsed: 3962.96s (1h 06m)  62% completed  (62% total)
     Speed:     ev/sec=480.688   simsec/sec=1.00553   ev/simsec=478.045
     Messages:  created: 135499   present: 96   in FES: 7
** Event #1084672   t=3965.45048530829   Elapsed: 3965.27s (1h 06m)  62% completed  (62% total)
     Speed:     ev/sec=444.285   simsec/sec=0.999897   ev/simsec=444.331
     Messages:  created: 135644   present: 142   in FES: 7
** Event #1085696   t=3967.931990946774   Elapsed: 3967.76s (1h 06m)  62% completed  (62% total)
     Speed:     ev/sec=410.308   simsec/sec=0.994318   ev/simsec=412.653
     Messages:  created: 135780   present: 164   in FES: 6
** Event #1086720   t=3970.206561069746   Elapsed: 3970.02s (1h 06m)  63% completed  (63% total)
     Speed:     ev/sec=453.072   simsec/sec=1.00639   ev/simsec=450.195
     Messages:  created: 135916   present: 184   in FES: 7
** Event #1088000   t=3972.458386698399   Elapsed: 3972.27s (1h 06m)  63% completed  (63% total)
     Speed:     ev/sec=568.424   simsec/sec=0.999994   ev/simsec=568.428
     Messages:  created: 136121   present: 281   in FES: 8
** Event #1089536   t=3974.783306265676   Elapsed: 3974.6s (1h 06m)  63% completed  (63% total)
     Speed:     ev/sec=660.666   simsec/sec=0.999996   ev/simsec=660.668
     Messages:  created: 136373   present: 400   in FES: 7
** Event #1090560   t=3976.79615107477   Elapsed: 3976.61s (1h 06m)  63% completed  (63% total)
     Speed:     ev/sec=508.718   simsec/sec=0.999971   ev/simsec=508.733
     Messages:  created: 136514   present: 426   in FES: 7
** Event #1091584   t=3978.897223820345   Elapsed: 3978.71s (1h 06m)  63% completed  (63% total)
     Speed:     ev/sec=487.373   simsec/sec=1.00001   ev/simsec=487.37
     Messages:  created: 136665   present: 472   in FES: 7
** Event #1092608   t=3981.052585904341   Elapsed: 3980.87s (1h 06m)  63% completed  (63% total)
     Speed:     ev/sec=475.047   simsec/sec=0.999901   ev/simsec=475.094
     Messages:  created: 136810   present: 510   in FES: 7
** Event #1093632   t=3983.405747319777   Elapsed: 3983.22s (1h 06m)  63% completed  (63% total)
     Speed:     ev/sec=435.204   simsec/sec=1.0001   ev/simsec=435.159
     Messages:  created: 136939   present: 511   in FES: 7
** Event #1094656   t=3985.719168724513   Elapsed: 3985.53s (1h 06m)  63% completed  (63% total)
     Speed:     ev/sec=442.605   simsec/sec=0.999934   ev/simsec=442.634
     Messages:  created: 137074   present: 526   in FES: 7
** Event #1095936   t=3988.332103800083   Elapsed: 3988.15s (1h 06m)  63% completed  (63% total)
     Speed:     ev/sec=489.852   simsec/sec=0.999961   ev/simsec=489.871
     Messages:  created: 137282   present: 621   in FES: 7
** Event #1097216   t=3990.446676174614   Elapsed: 3990.26s (1h 06m)  63% completed  (63% total)
     Speed:     ev/sec=605.341   simsec/sec=1.00003   ev/simsec=605.323
     Messages:  created: 137480   present: 697   in FES: 7
** Event #1098496   t=3992.899356230316   Elapsed: 3992.71s (1h 06m)  63% completed  (63% total)
     Speed:     ev/sec=521.917   simsec/sec=1.00007   ev/simsec=521.878
     Messages:  created: 137670   present: 757   in FES: 7
** Event #1099520   t=3995.271820420546   Elapsed: 3995.09s (1h 06m)  63% completed  (63% total)
     Speed:     ev/sec=431.603   simsec/sec=0.999964   ev/simsec=431.619
     Messages:  created: 137802   present: 766   in FES: 7
** Event #1100544   t=3997.385108599037   Elapsed: 3997.2s (1h 06m)  63% completed  (63% total)
     Speed:     ev/sec=484.522   simsec/sec=0.999936   ev/simsec=484.553
     Messages:  created: 137950   present: 805   in FES: 7
** Event #1101568   t=3999.615635718162   Elapsed: 3999.43s (1h 06m)  63% completed  (63% total)
     Speed:     ev/sec=459.144   simsec/sec=1.00013   ev/simsec=459.084
     Messages:  created: 138100   present: 849   in FES: 7
** Event #1102592   t=4001.738113286452   Elapsed: 4001.55s (1h 06m)  63% completed  (63% total)
     Speed:     ev/sec=482.39   simsec/sec=0.999865   ev/simsec=482.455
     Messages:  created: 138217   present: 819   in FES: 7
** Event #1103872   t=4004.077779742656   Elapsed: 4003.89s (1h 06m)  63% completed  (63% total)
     Speed:     ev/sec=547.043   simsec/sec=0.999921   ev/simsec=547.087
     Messages:  created: 138408   present: 877   in FES: 8
** Event #1104896   t=4006.100256453166   Elapsed: 4005.92s (1h 06m)  63% completed  (63% total)
     Speed:     ev/sec=506.322   simsec/sec=1.00002   ev/simsec=506.31
     Messages:  created: 138536   present: 870   in FES: 7
** Event #1105920   t=4008.405758276701   Elapsed: 4008.22s (1h 06m)  63% completed  (63% total)
     Speed:     ev/sec=444.194   simsec/sec=1.00009   ev/simsec=444.155
     Messages:  created: 138660   present: 853   in FES: 7
** Event #1106944   t=4010.496937165197   Elapsed: 4010.31s (1h 06m)  63% completed  (63% total)
     Speed:     ev/sec=489.663   simsec/sec=0.999974   ev/simsec=489.676
     Messages:  created: 138786   present: 843   in FES: 7
** Event #1107968   t=4012.656174416797   Elapsed: 4012.47s (1h 06m)  63% completed  (63% total)
     Speed:     ev/sec=474.244   simsec/sec=1.00001   ev/simsec=474.242
     Messages:  created: 138892   present: 786   in FES: 7
** Event #1108992   t=4014.989700662398   Elapsed: 4014.81s (1h 06m)  63% completed  (63% total)
     Speed:     ev/sec=438.365   simsec/sec=0.99896   ev/simsec=438.821
     Messages:  created: 139000   present: 738   in FES: 6
** Event #1110016   t=4017.340397030741   Elapsed: 4017.16s (1h 06m)  63% completed  (63% total)
     Speed:     ev/sec=436.088   simsec/sec=1.00109   ev/simsec=435.616
     Messages:  created: 139121   present: 720   in FES: 8
** Event #1111040   t=4019.793055613578   Elapsed: 4019.61s (1h 06m)  63% completed  (63% total)
     Speed:     ev/sec=417.48   simsec/sec=0.999936   ev/simsec=417.506
     Messages:  created: 139241   present: 702   in FES: 7
** Event #1112320   t=4022.199194960355   Elapsed: 4022.02s (1h 07m)  63% completed  (63% total)
     Speed:     ev/sec=530.627   simsec/sec=0.997471   ev/simsec=531.973
     Messages:  created: 139419   present: 732   in FES: 6
** Event #1113344   t=4024.771063873452   Elapsed: 4024.59s (1h 07m)  63% completed  (63% total)
     Speed:     ev/sec=399.098   simsec/sec=1.00237   ev/simsec=398.154
     Messages:  created: 139531   present: 700   in FES: 6
** Event #1114368   t=4027.352251818117   Elapsed: 4027.17s (1h 07m)  63% completed  (63% total)
     Speed:     ev/sec=396.653   simsec/sec=0.999839   ev/simsec=396.717
     Messages:  created: 139643   present: 668   in FES: 6
** Event #1115136   t=4029.733765667759   Elapsed: 4029.55s (1h 07m)  63% completed  (63% total)
     Speed:     ev/sec=322.06   simsec/sec=0.998684   ev/simsec=322.484
     Messages:  created: 139719   present: 628   in FES: 6
** Event #1116160   t=4032.201031497084   Elapsed: 4032.02s (1h 07m)  64% completed  (64% total)
     Speed:     ev/sec=415.14   simsec/sec=1.00025   ev/simsec=415.034
     Messages:  created: 139841   present: 616   in FES: 6
** Event #1117184   t=4034.596833948305   Elapsed: 4034.43s (1h 07m)  64% completed  (64% total)
     Speed:     ev/sec=424.805   simsec/sec=0.993896   ev/simsec=427.414
     Messages:  created: 139958   present: 594   in FES: 6
** Event #1118208   t=4036.992458912844   Elapsed: 4036.82s (1h 07m)  64% completed  (64% total)
     Speed:     ev/sec=428.032   simsec/sec=1.00137   ev/simsec=427.446
     Messages:  created: 140082   present: 586   in FES: 6
** Event #1119232   t=4039.551852992719   Elapsed: 4039.37s (1h 07m)  64% completed  (64% total)
     Speed:     ev/sec=401.554   simsec/sec=1.00365   ev/simsec=400.095
     Messages:  created: 140214   present: 594   in FES: 6
** Event #1120256   t=4041.700460134935   Elapsed: 4041.52s (1h 07m)  64% completed  (64% total)
     Speed:     ev/sec=477.72   simsec/sec=1.00238   ev/simsec=476.588
     Messages:  created: 140368   present: 649   in FES: 8
** Event #1121536   t=4044.237977522195   Elapsed: 4044.05s (1h 07m)  64% completed  (64% total)
     Speed:     ev/sec=504.443   simsec/sec=1.00003   ev/simsec=504.43
     Messages:  created: 140554   present: 700   in FES: 7
** Event #1123072   t=4046.689884740507   Elapsed: 4046.51s (1h 07m)  64% completed  (64% total)
     Speed:     ev/sec=626.452   simsec/sec=1   ev/simsec=626.451
     Messages:  created: 140792   present: 792   in FES: 7
** Event #1124096   t=4049.084629410167   Elapsed: 4048.9s (1h 07m)  64% completed  (64% total)
     Speed:     ev/sec=427.587   simsec/sec=0.999962   ev/simsec=427.603
     Messages:  created: 140931   present: 815   in FES: 8
** Event #1124864   t=4051.10029671205   Elapsed: 4050.92s (1h 07m)  64% completed  (64% total)
     Speed:     ev/sec=381.044   simsec/sec=1.00008   ev/simsec=381.015
     Messages:  created: 141018   present: 796   in FES: 7
** Event #1125888   t=4053.656770177404   Elapsed: 4053.47s (1h 07m)  64% completed  (64% total)
     Speed:     ev/sec=400.575   simsec/sec=1.00006   ev/simsec=400.552
     Messages:  created: 141139   present: 783   in FES: 8
** Event #1126912   t=4055.730040646363   Elapsed: 4055.55s (1h 07m)  64% completed  (64% total)
     Speed:     ev/sec=493.85   simsec/sec=0.999886   ev/simsec=493.906
     Messages:  created: 141265   present: 769   in FES: 7
** Event #1128192   t=4058.185964794984   Elapsed: 4058s (1h 07m)  64% completed  (64% total)
     Speed:     ev/sec=521.213   simsec/sec=1.00005   ev/simsec=521.189
     Messages:  created: 141407   present: 718   in FES: 8
** Event #1129216   t=4060.49130730037   Elapsed: 4060.31s (1h 07m)  64% completed  (64% total)
     Speed:     ev/sec=444.207   simsec/sec=1.00005   ev/simsec=444.186
     Messages:  created: 141528   present: 701   in FES: 7
** Event #1130496   t=4062.835803673493   Elapsed: 4062.65s (1h 07m)  64% completed  (64% total)
     Speed:     ev/sec=545.948   simsec/sec=0.999979   ev/simsec=545.959
     Messages:  created: 141735   present: 795   in FES: 7
** Event #1131520   t=4065.023537314974   Elapsed: 4064.84s (1h 07m)  64% completed  (64% total)
     Speed:     ev/sec=468.061   simsec/sec=0.999994   ev/simsec=468.064
     Messages:  created: 141880   present: 829   in FES: 7
** Event #1132544   t=4067.109600848581   Elapsed: 4066.93s (1h 07m)  64% completed  (64% total)
     Speed:     ev/sec=490.838   simsec/sec=0.999921   ev/simsec=490.877
     Messages:  created: 142013   present: 840   in FES: 8
** Event #1133568   t=4069.219090818768   Elapsed: 4069.04s (1h 07m)  64% completed  (64% total)
     Speed:     ev/sec=484.965   simsec/sec=0.999052   ev/simsec=485.425
     Messages:  created: 142172   present: 900   in FES: 6
** Event #1134848   t=4071.483266993832   Elapsed: 4071.3s (1h 07m)  64% completed  (64% total)
     Speed:     ev/sec=565.851   simsec/sec=1.00093   ev/simsec=565.327
     Messages:  created: 142330   present: 896   in FES: 7
** Event #1135872   t=4073.758229366166   Elapsed: 4073.57s (1h 07m)  64% completed  (64% total)
     Speed:     ev/sec=450.105   simsec/sec=0.999972   ev/simsec=450.117
     Messages:  created: 142431   present: 825   in FES: 7
** Event #1136896   t=4076.190047650946   Elapsed: 4076.01s (1h 07m)  64% completed  (64% total)
     Speed:     ev/sec=421.086   simsec/sec=1   ev/simsec=421.084
     Messages:  created: 142540   present: 780   in FES: 8
** Event #1137920   t=4078.301168750106   Elapsed: 4078.12s (1h 07m)  64% completed  (64% total)
     Speed:     ev/sec=485.037   simsec/sec=0.999972   ev/simsec=485.05
     Messages:  created: 142677   present: 790   in FES: 7
** Event #1138944   t=4080.397555760935   Elapsed: 4080.22s (1h 08m)  64% completed  (64% total)
     Speed:     ev/sec=486.51   simsec/sec=0.996009   ev/simsec=488.459
     Messages:  created: 142778   present: 720   in FES: 6
** Event #1139968   t=4082.846164915263   Elapsed: 4082.66s (1h 08m)  64% completed  (64% total)
     Speed:     ev/sec=419.641   simsec/sec=1.00345   ev/simsec=418.197
     Messages:  created: 142896   present: 696   in FES: 7
** Event #1140992   t=4085.065243673405   Elapsed: 4084.88s (1h 08m)  64% completed  (64% total)
     Speed:     ev/sec=461.471   simsec/sec=1.00004   ev/simsec=461.453
     Messages:  created: 143025   present: 699   in FES: 8
** Event #1142016   t=4087.124625547027   Elapsed: 4086.94s (1h 08m)  64% completed  (64% total)
     Speed:     ev/sec=497.182   simsec/sec=0.99989   ev/simsec=497.237
     Messages:  created: 143172   present: 736   in FES: 7
** Event #1143296   t=4089.389312999986   Elapsed: 4089.2s (1h 08m)  64% completed  (64% total)
     Speed:     ev/sec=565.288   simsec/sec=1.00016   ev/simsec=565.199
     Messages:  created: 143386   present: 844   in FES: 7
** Event #1144576   t=4091.830774599796   Elapsed: 4091.65s (1h 08m)  64% completed  (64% total)
     Speed:     ev/sec=524.246   simsec/sec=0.999943   ev/simsec=524.276
     Messages:  created: 143563   present: 879   in FES: 8
** Event #1145344   t=4093.929433544344   Elapsed: 4093.74s (1h 08m)  64% completed  (64% total)
     Speed:     ev/sec=365.974   simsec/sec=1.00007   ev/simsec=365.948
     Messages:  created: 143668   present: 896   in FES: 7
** Event #1146368   t=4096.241641811422   Elapsed: 4096.07s (1h 08m)  65% completed  (65% total)
     Speed:     ev/sec=440.207   simsec/sec=0.993995   ev/simsec=442.867
     Messages:  created: 143807   present: 918   in FES: 6
** Event #1147648   t=4098.430677212886   Elapsed: 4098.25s (1h 08m)  65% completed  (65% total)
     Speed:     ev/sec=588.447   simsec/sec=1.00635   ev/simsec=584.732
     Messages:  created: 143949   present: 862   in FES: 7
** Event #1148928   t=4100.778227132839   Elapsed: 4100.6s (1h 08m)  65% completed  (65% total)
     Speed:     ev/sec=543.522   simsec/sec=0.996833   ev/simsec=545.249
     Messages:  created: 144089   present: 810   in FES: 7
** Event #1150208   t=4102.841413652698   Elapsed: 4102.66s (1h 08m)  65% completed  (65% total)
     Speed:     ev/sec=622.658   simsec/sec=1.00364   ev/simsec=620.4
     Messages:  created: 144278   present: 861   in FES: 8
** Event #1151744   t=4105.121228873754   Elapsed: 4104.94s (1h 08m)  65% completed  (65% total)
     Speed:     ev/sec=673.781   simsec/sec=1.00006   ev/simsec=673.739
     Messages:  created: 144539   present: 998   in FES: 8
** Event #1152768   t=4107.223360270082   Elapsed: 4107.04s (1h 08m)  65% completed  (65% total)
     Speed:     ev/sec=487.062   simsec/sec=0.999871   ev/simsec=487.125
     Messages:  created: 144677   present: 1013   in FES: 8
** Event #1154048   t=4109.436492040679   Elapsed: 4109.25s (1h 08m)  65% completed  (65% total)
     Speed:     ev/sec=578.397   simsec/sec=1.00005   ev/simsec=578.366
     Messages:  created: 144862   present: 1059   in FES: 8
** Event #1155328   t=4111.737480860109   Elapsed: 4111.55s (1h 08m)  65% completed  (65% total)
     Speed:     ev/sec=556.304   simsec/sec=1.00004   ev/simsec=556.283
     Messages:  created: 145043   present: 1096   in FES: 9
** Event #1157120   t=4114.086971474374   Elapsed: 4113.9s (1h 08m)  65% completed  (65% total)
     Speed:     ev/sec=762.684   simsec/sec=0.999955   ev/simsec=762.719
     Messages:  created: 145250   present: 1019   in FES: 8
** Event #1158400   t=4116.46134262374   Elapsed: 4116.29s (1h 08m)  65% completed  (65% total)
     Speed:     ev/sec=537.123   simsec/sec=0.996352   ev/simsec=539.09
     Messages:  created: 145395   present: 977   in FES: 7
** Event #1159680   t=4118.907579878124   Elapsed: 4118.73s (1h 08m)  65% completed  (65% total)
     Speed:     ev/sec=523.169   simsec/sec=0.99984   ev/simsec=523.253
     Messages:  created: 145533   present: 913   in FES: 7
** Event #1160704   t=4121.133971584347   Elapsed: 4120.95s (1h 08m)  65% completed  (65% total)
     Speed:     ev/sec=461.815   simsec/sec=1.00408   ev/simsec=459.937
     Messages:  created: 145623   present: 824   in FES: 9
** Event #1161984   t=4123.516395082271   Elapsed: 4123.33s (1h 08m)  65% completed  (65% total)
     Speed:     ev/sec=537.262   simsec/sec=0.999989   ev/simsec=537.268
     Messages:  created: 145762   present: 765   in FES: 10
** Event #1163008   t=4125.602334965691   Elapsed: 4125.43s (1h 08m)  65% completed  (65% total)
     Speed:     ev/sec=487.804   simsec/sec=0.993682   ev/simsec=490.906
     Messages:  created: 145883   present: 742   in FES: 7
** Event #1164032   t=4127.930811125046   Elapsed: 4127.75s (1h 08m)  65% completed  (65% total)
     Speed:     ev/sec=441.076   simsec/sec=1.00296   ev/simsec=439.773
     Messages:  created: 146007   present: 729   in FES: 7
** Event #1165056   t=4130.066455491667   Elapsed: 4129.89s (1h 08m)  65% completed  (65% total)
     Speed:     ev/sec=479.652   simsec/sec=1.00036   ev/simsec=479.481
     Messages:  created: 146159   present: 774   in FES: 7
** Event #1166336   t=4132.387734111569   Elapsed: 4132.22s (1h 08m)  65% completed  (65% total)
     Speed:     ev/sec=548.421   simsec/sec=0.994561   ev/simsec=551.42
     Messages:  created: 146325   present: 786   in FES: 7
** Event #1167360   t=4134.689214346139   Elapsed: 4134.52s (1h 08m)  65% completed  (65% total)
     Speed:     ev/sec=445.228   simsec/sec=1.00067   ev/simsec=444.931
     Messages:  created: 146465   present: 810   in FES: 7
** Event #1168384   t=4136.762264123845   Elapsed: 4136.58s (1h 08m)  65% completed  (65% total)
     Speed:     ev/sec=498.04   simsec/sec=1.00826   ev/simsec=493.958
     Messages:  created: 146618   present: 858   in FES: 8
** Event #1169408   t=4138.860914753074   Elapsed: 4138.68s (1h 08m)  65% completed  (65% total)
     Speed:     ev/sec=487.919   simsec/sec=0.999971   ev/simsec=487.933
     Messages:  created: 146765   present: 893   in FES: 8
** Event #1170688   t=4141.325604880807   Elapsed: 4141.14s (1h 09m)  65% completed  (65% total)
     Speed:     ev/sec=519.319   simsec/sec=0.999969   ev/simsec=519.335
     Messages:  created: 146915   present: 865   in FES: 8
** Event #1171712   t=4143.44126015776   Elapsed: 4143.26s (1h 09m)  65% completed  (65% total)
     Speed:     ev/sec=483.607   simsec/sec=0.999166   ev/simsec=484.011
     Messages:  created: 147047   present: 871   in FES: 7
** Event #1172992   t=4145.874454676044   Elapsed: 4145.69s (1h 09m)  65% completed  (65% total)
     Speed:     ev/sec=526.394   simsec/sec=1.00064   ev/simsec=526.057
     Messages:  created: 147208   present: 861   in FES: 8
** Event #1174272   t=4148.109012210358   Elapsed: 4147.93s (1h 09m)  65% completed  (65% total)
     Speed:     ev/sec=572.508   simsec/sec=0.999455   ev/simsec=572.82
     Messages:  created: 147377   present: 871   in FES: 7
** Event #1175552   t=4150.707713038166   Elapsed: 4150.52s (1h 09m)  65% completed  (65% total)
     Speed:     ev/sec=492.839   simsec/sec=1.00058   ev/simsec=492.554
     Messages:  created: 147530   present: 843   in FES: 9
** Event #1176832   t=4153.109643300679   Elapsed: 4152.93s (1h 09m)  65% completed  (65% total)
     Speed:     ev/sec=532.9   simsec/sec=0.999992   ev/simsec=532.905
     Messages:  created: 147708   present: 878   in FES: 8
** Event #1178112   t=4155.295356701274   Elapsed: 4155.11s (1h 09m)  65% completed  (65% total)
     Speed:     ev/sec=585.584   simsec/sec=0.999937   ev/simsec=585.621
     Messages:  created: 147888   present: 910   in FES: 8
** Event #1179136   t=4157.60465014604   Elapsed: 4157.42s (1h 09m)  65% completed  (65% total)
     Speed:     ev/sec=443.422   simsec/sec=0.999992   ev/simsec=443.426
     Messages:  created: 148015   present: 904   in FES: 9
** Event #1180416   t=4159.988401193099   Elapsed: 4159.8s (1h 09m)  66% completed  (66% total)
     Speed:     ev/sec=537.02   simsec/sec=1.00009   ev/simsec=536.969
     Messages:  created: 148156   present: 848   in FES: 9
** Event #1181696   t=4162.108788531124   Elapsed: 4161.92s (1h 09m)  66% completed  (66% total)
     Speed:     ev/sec=603.614   simsec/sec=0.999918   ev/simsec=603.663
     Messages:  created: 148303   present: 812   in FES: 9
** Event #1183232   t=4164.264601832886   Elapsed: 4164.09s (1h 09m)  66% completed  (66% total)
     Speed:     ev/sec=709.165   simsec/sec=0.99533   ev/simsec=712.492
     Messages:  created: 148506   present: 834   in FES: 7
** Event #1184512   t=4166.281278801048   Elapsed: 4166.1s (1h 09m)  66% completed  (66% total)
     Speed:     ev/sec=636.819   simsec/sec=1.00333   ev/simsec=634.708
     Messages:  created: 148628   present: 743   in FES: 7
** Event #1185792   t=4168.455712647366   Elapsed: 4168.27s (1h 09m)  66% completed  (66% total)
     Speed:     ev/sec=589.637   simsec/sec=1.00166   ev/simsec=588.659
     Messages:  created: 148766   present: 688   in FES: 8
** Event #1187072   t=4170.791493455114   Elapsed: 4170.61s (1h 09m)  66% completed  (66% total)
     Speed:     ev/sec=547.833   simsec/sec=0.999701   ev/simsec=547.997
     Messages:  created: 148908   present: 657   in FES: 7
** Event #1188352   t=4173.200660802178   Elapsed: 4173.02s (1h 09m)  66% completed  (66% total)
     Speed:     ev/sec=531.44   simsec/sec=1.00026   ev/simsec=531.304
     Messages:  created: 149047   present: 612   in FES: 7
** Event #1189376   t=4175.361540269866   Elapsed: 4175.18s (1h 09m)  66% completed  (66% total)
     Speed:     ev/sec=473.89   simsec/sec=1.00002   ev/simsec=473.881
     Messages:  created: 149152   present: 566   in FES: 7
** Event #1190400   t=4177.423083414154   Elapsed: 4177.24s (1h 09m)  66% completed  (66% total)
     Speed:     ev/sec=496.678   simsec/sec=0.999925   ev/simsec=496.715
     Messages:  created: 149258   present: 523   in FES: 8
** Event #1191424   t=4179.452814879988   Elapsed: 4179.27s (1h 09m)  66% completed  (66% total)
     Speed:     ev/sec=504.297   simsec/sec=0.999597   ev/simsec=504.5
     Messages:  created: 149366   present: 483   in FES: 7
** Event #1192960   t=4181.977150973403   Elapsed: 4181.79s (1h 09m)  66% completed  (66% total)
     Speed:     ev/sec=608.665   simsec/sec=1.00031   ev/simsec=608.477
     Messages:  created: 149550   present: 468   in FES: 8
** Event #1193984   t=4184.107877092222   Elapsed: 4183.93s (1h 09m)  66% completed  (66% total)
     Speed:     ev/sec=478.744   simsec/sec=0.996164   ev/simsec=480.587
     Messages:  created: 149666   present: 443   in FES: 7
** Event #1195264   t=4186.423540494057   Elapsed: 4186.24s (1h 09m)  66% completed  (66% total)
     Speed:     ev/sec=554.769   simsec/sec=1.00364   ev/simsec=552.757
     Messages:  created: 149822   present: 437   in FES: 8
** Event #1196544   t=4188.647545051667   Elapsed: 4188.48s (1h 09m)  66% completed  (66% total)
     Speed:     ev/sec=569.952   simsec/sec=0.990293   ev/simsec=575.538
     Messages:  created: 149961   present: 393   in FES: 7
** Event #1197824   t=4190.988251723406   Elapsed: 4190.81s (1h 09m)  66% completed  (66% total)
     Speed:     ev/sec=549.477   simsec/sec=1.00482   ev/simsec=546.843
     Messages:  created: 150112   present: 375   in FES: 7
** Event #1198848   t=4193.128405334531   Elapsed: 4192.94s (1h 09m)  66% completed  (66% total)
     Speed:     ev/sec=480.845   simsec/sec=1.00496   ev/simsec=478.47
     Messages:  created: 150217   present: 330   in FES: 8
** Event #1200128   t=4195.293252942767   Elapsed: 4195.11s (1h 09m)  66% completed  (66% total)
     Speed:     ev/sec=591.259   simsec/sec=0.999989   ev/simsec=591.266
     Messages:  created: 150376   present: 327   in FES: 8
** Event #1201408   t=4197.419029216754   Elapsed: 4197.23s (1h 09m)  66% completed  (66% total)
     Speed:     ev/sec=602.104   simsec/sec=0.999952   ev/simsec=602.133
     Messages:  created: 150525   present: 305   in FES: 8
** Event #1202688   t=4199.51058856968   Elapsed: 4199.33s (1h 09m)  66% completed  (66% total)
     Speed:     ev/sec=611.083   simsec/sec=0.998528   ev/simsec=611.984
     Messages:  created: 150684   present: 308   in FES: 7
** Event #1203968   t=4201.734211976164   Elapsed: 4201.55s (1h 10m)  66% completed  (66% total)
     Speed:     ev/sec=576.476   simsec/sec=1.00146   ev/simsec=575.637
     Messages:  created: 150829   present: 276   in FES: 7
** Event #1204992   t=4203.934137540712   Elapsed: 4203.75s (1h 10m)  66% completed  (66% total)
     Speed:     ev/sec=465.459   simsec/sec=0.999975   ev/simsec=465.47
     Messages:  created: 150938   present: 239   in FES: 9
** Event #1206016   t=4206.580998081522   Elapsed: 4206.4s (1h 10m)  66% completed  (66% total)
     Speed:     ev/sec=386.845   simsec/sec=0.999927   ev/simsec=386.873
     Messages:  created: 151038   present: 174   in FES: 7
** Event #1207040   t=4209.001028142855   Elapsed: 4208.82s (1h 10m)  66% completed  (66% total)
     Speed:     ev/sec=423.146   simsec/sec=1.00003   ev/simsec=423.135
     Messages:  created: 151143   present: 111   in FES: 7
** Event #1208320   t=4211.343443105218   Elapsed: 4211.16s (1h 10m)  66% completed  (66% total)
     Speed:     ev/sec=546.491   simsec/sec=1.00008   ev/simsec=546.445
     Messages:  created: 151279   present: 48   in FES: 8
** Event #1209088   t=4213.372218142574   Elapsed: 4213.19s (1h 10m)  66% completed  (66% total)
     Speed:     ev/sec=378.554   simsec/sec=1   ev/simsec=378.554
     Messages:  created: 151363   present: 17   in FES: 8
** Event #1209856   t=4215.42436030361   Elapsed: 4215.25s (1h 10m)  66% completed  (66% total)
     Speed:     ev/sec=371.997   simsec/sec=0.993997   ev/simsec=374.243
     Messages:  created: 151457   present: 11   in FES: 7
** Event #1210880   t=4217.595876823422   Elapsed: 4217.41s (1h 10m)  66% completed  (66% total)
     Speed:     ev/sec=474.26   simsec/sec=1.00573   ev/simsec=471.56
     Messages:  created: 151589   present: 22   in FES: 8
** Event #1211648   t=4219.860348716052   Elapsed: 4219.68s (1h 10m)  66% completed  (66% total)
     Speed:     ev/sec=338.413   simsec/sec=0.997821   ev/simsec=339.152
     Messages:  created: 151681   present: 11   in FES: 7
** Event #1212416   t=4221.945976449402   Elapsed: 4221.77s (1h 10m)  67% completed  (67% total)
     Speed:     ev/sec=367.59   simsec/sec=0.99825   ev/simsec=368.234
     Messages:  created: 151777   present: 11   in FES: 6
** Event #1213440   t=4224.206086953084   Elapsed: 4224.02s (1h 10m)  67% completed  (67% total)
     Speed:     ev/sec=454.795   simsec/sec=1.0038   ev/simsec=453.075
     Messages:  created: 151909   present: 22   in FES: 8
** Event #1214464   t=4226.5001891861   Elapsed: 4226.33s (1h 10m)  67% completed  (67% total)
     Speed:     ev/sec=443.257   simsec/sec=0.993044   ev/simsec=446.362
     Messages:  created: 152033   present: 11   in FES: 6
** Event #1214976   t=4229.061039366734   Elapsed: 4228.88s (1h 10m)  67% completed  (67% total)
     Speed:     ev/sec=201.197   simsec/sec=1.00632   ev/simsec=199.934
     Messages:  created: 152097   present: 14   in FES: 8
** Event #1216256   t=4231.756915746255   Elapsed: 4231.57s (1h 10m)  67% completed  (67% total)
     Speed:     ev/sec=474.804   simsec/sec=1.00001   ev/simsec=474.799
     Messages:  created: 152255   present: 10   in FES: 6
** Event #1217024   t=4234.231522773118   Elapsed: 4234.05s (1h 10m)  67% completed  (67% total)
     Speed:     ev/sec=309.895   simsec/sec=0.998525   ev/simsec=310.352
     Messages:  created: 152352   present: 12   in FES: 7
** Event #1217792   t=4236.886703753809   Elapsed: 4236.71s (1h 10m)  67% completed  (67% total)
     Speed:     ev/sec=288.665   simsec/sec=0.997994   ev/simsec=289.246
     Messages:  created: 152448   present: 12   in FES: 6
** Event #1218816   t=4239.343909510366   Elapsed: 4239.16s (1h 10m)  67% completed  (67% total)
     Speed:     ev/sec=417.985   simsec/sec=1.003   ev/simsec=416.734
     Messages:  created: 152579   present: 20   in FES: 7
** Event #1220352   t=4241.637941734768   Elapsed: 4241.45s (1h 10m)  67% completed  (67% total)
     Speed:     ev/sec=669.966   simsec/sec=1.0006   ev/simsec=669.563
     Messages:  created: 152793   present: 78   in FES: 8
** Event #1221632   t=4244.036361805844   Elapsed: 4243.85s (1h 10m)  67% completed  (67% total)
     Speed:     ev/sec=533.73   simsec/sec=1.00008   ev/simsec=533.685
     Messages:  created: 152932   present: 23   in FES: 8
** Event #1222656   t=4246.348892748683   Elapsed: 4246.19s (1h 10m)  67% completed  (67% total)
     Speed:     ev/sec=438.778   simsec/sec=0.990905   ev/simsec=442.805
     Messages:  created: 153056   present: 12   in FES: 6
** Event #1223680   t=4248.706209023236   Elapsed: 4248.52s (1h 10m)  67% completed  (67% total)
     Speed:     ev/sec=438.35   simsec/sec=1.00911   ev/simsec=434.392
     Messages:  created: 153186   present: 16   in FES: 8
** Event #1225472   t=4250.791665376675   Elapsed: 4250.61s (1h 10m)  67% completed  (67% total)
     Speed:     ev/sec=859.005   simsec/sec=0.999675   ev/simsec=859.284
     Messages:  created: 153471   present: 180   in FES: 7
** Event #1227008   t=4252.990760623652   Elapsed: 4252.81s (1h 10m)  67% completed  (67% total)
     Speed:     ev/sec=698.672   simsec/sec=1.00029   ev/simsec=698.469
     Messages:  created: 153704   present: 287   in FES: 8
** Event #1228544   t=4255.39329042567   Elapsed: 4255.22s (1h 10m)  67% completed  (67% total)
     Speed:     ev/sec=637.394   simsec/sec=0.996978   ev/simsec=639.326
     Messages:  created: 153908   present: 316   in FES: 7
** Event #1230080   t=4257.594685660192   Elapsed: 4257.41s (1h 10m)  67% completed  (67% total)
     Speed:     ev/sec=699.769   simsec/sec=1.00291   ev/simsec=697.739
     Messages:  created: 154134   present: 386   in FES: 7
** Event #1231616   t=4259.639293791277   Elapsed: 4259.45s (1h 10m)  67% completed  (67% total)
     Speed:     ev/sec=751.6   simsec/sec=1.00047   ev/simsec=751.244
     Messages:  created: 154338   present: 412   in FES: 8
** Event #1233152   t=4261.861342631537   Elapsed: 4261.68s (1h 11m)  67% completed  (67% total)
     Speed:     ev/sec=691.238   simsec/sec=0.999977   ev/simsec=691.254
     Messages:  created: 154546   present: 446   in FES: 9
** Event #1234432   t=4263.916111365064   Elapsed: 4263.73s (1h 11m)  67% completed  (67% total)
     Speed:     ev/sec=622.946   simsec/sec=1.00001   ev/simsec=622.941
     Messages:  created: 154711   present: 456   in FES: 9
** Event #1235712   t=4266.195505670221   Elapsed: 4266.01s (1h 11m)  67% completed  (67% total)
     Speed:     ev/sec=561.541   simsec/sec=0.999979   ev/simsec=561.553
     Messages:  created: 154841   present: 395   in FES: 8
** Event #1236736   t=4268.260264663733   Elapsed: 4268.08s (1h 11m)  67% completed  (67% total)
     Speed:     ev/sec=495.936   simsec/sec=0.999989   ev/simsec=495.942
     Messages:  created: 154949   present: 355   in FES: 8
** Event #1238272   t=4270.414209143692   Elapsed: 4270.23s (1h 11m)  67% completed  (67% total)
     Speed:     ev/sec=713.081   simsec/sec=0.999959   ev/simsec=713.11
     Messages:  created: 155181   present: 435   in FES: 8
** Event #1239808   t=4272.749405178911   Elapsed: 4272.57s (1h 11m)  67% completed  (67% total)
     Speed:     ev/sec=657.75   simsec/sec=0.999984   ev/simsec=657.761
     Messages:  created: 155369   present: 428   in FES: 9
** Event #1241088   t=4274.758440644741   Elapsed: 4274.57s (1h 11m)  67% completed  (67% total)
     Speed:     ev/sec=637.183   simsec/sec=1.0001   ev/simsec=637.122
     Messages:  created: 155535   present: 439   in FES: 8
** Event #1242368   t=4277.07697760655   Elapsed: 4276.89s (1h 11m)  67% completed  (67% total)
     Speed:     ev/sec=552.043   simsec/sec=0.999947   ev/simsec=552.072
     Messages:  created: 155676   present: 402   in FES: 9
** Event #1243392   t=4279.128368202198   Elapsed: 4278.94s (1h 11m)  67% completed  (67% total)
     Speed:     ev/sec=499.212   simsec/sec=1.00008   ev/simsec=499.174
     Messages:  created: 155771   present: 335   in FES: 8
** Event #1244416   t=4281.396916785944   Elapsed: 4281.21s (1h 11m)  67% completed  (67% total)
     Speed:     ev/sec=451.339   simsec/sec=0.999887   ev/simsec=451.39
     Messages:  created: 155859   present: 238   in FES: 7
** Event #1246208   t=4283.777824721263   Elapsed: 4283.6s (1h 11m)  67% completed  (67% total)
     Speed:     ev/sec=751.235   simsec/sec=0.998114   ev/simsec=752.654
     Messages:  created: 156109   present: 306   in FES: 7
** Event #1247488   t=4285.953723218742   Elapsed: 4285.77s (1h 11m)  68% completed  (68% total)
     Speed:     ev/sec=589.548   simsec/sec=1.00219   ev/simsec=588.263
     Messages:  created: 156256   present: 273   in FES: 8
** Event #1248768   t=4287.968400746282   Elapsed: 4287.78s (1h 11m)  68% completed  (68% total)
     Speed:     ev/sec=635.281   simsec/sec=0.999911   ev/simsec=635.337
     Messages:  created: 156425   present: 293   in FES: 8
** Event #1250560   t=4290.189927663083   Elapsed: 4290.01s (1h 11m)  68% completed  (68% total)
     Speed:     ev/sec=806.626   simsec/sec=0.999967   ev/simsec=806.652
     Messages:  created: 156694   present: 392   in FES: 8
** Event #1251840   t=4292.360558990687   Elapsed: 4292.18s (1h 11m)  68% completed  (68% total)
     Speed:     ev/sec=589.693   simsec/sec=1   ev/simsec=589.69
     Messages:  created: 156853   present: 391   in FES: 8
** Event #1252864   t=4294.364440385323   Elapsed: 4294.18s (1h 11m)  68% completed  (68% total)
     Speed:     ev/sec=511.038   simsec/sec=1.00006   ev/simsec=511.008
     Messages:  created: 156956   present: 341   in FES: 8
** Event #1254144   t=4296.776835382464   Elapsed: 4296.59s (1h 11m)  68% completed  (68% total)
     Speed:     ev/sec=530.605   simsec/sec=1.00002   ev/simsec=530.593
     Messages:  created: 157101   present: 307   in FES: 8
** Event #1255424   t=4298.984256070302   Elapsed: 4298.8s (1h 11m)  68% completed  (68% total)
     Speed:     ev/sec=579.823   simsec/sec=0.999933   ev/simsec=579.862
     Messages:  created: 157238   present: 248   in FES: 8
** Event #1256704   t=4301.039385092215   Elapsed: 4300.85s (1h 11m)  68% completed  (68% total)
     Speed:     ev/sec=622.902   simsec/sec=1.00011   ev/simsec=622.832
     Messages:  created: 157402   present: 259   in FES: 8
** Event #1257984   t=4303.272004788857   Elapsed: 4303.09s (1h 11m)  68% completed  (68% total)
     Speed:     ev/sec=573.313   simsec/sec=0.999992   ev/simsec=573.318
     Messages:  created: 157547   present: 219   in FES: 8
** Event #1259776   t=4305.701675893237   Elapsed: 4305.53s (1h 11m)  68% completed  (68% total)
     Speed:     ev/sec=734.131   simsec/sec=0.995367   ev/simsec=737.548
     Messages:  created: 157802   present: 295   in FES: 7
** Event #1261056   t=4308.203089817263   Elapsed: 4308.02s (1h 11m)  68% completed  (68% total)
     Speed:     ev/sec=513.313   simsec/sec=1.00313   ev/simsec=511.711
     Messages:  created: 157942   present: 248   in FES: 7
** Event #1262592   t=4310.670914354506   Elapsed: 4310.49s (1h 11m)  68% completed  (68% total)
     Speed:     ev/sec=623.237   simsec/sec=1.00133   ev/simsec=622.411
     Messages:  created: 158122   present: 217   in FES: 8
** Event #1263616   t=4312.931436995398   Elapsed: 4312.75s (1h 11m)  68% completed  (68% total)
     Speed:     ev/sec=453.014   simsec/sec=1.00005   ev/simsec=452.993
     Messages:  created: 158219   present: 134   in FES: 8
** Event #1264896   t=4315.034864726257   Elapsed: 4314.85s (1h 11m)  68% completed  (68% total)
     Speed:     ev/sec=608.587   simsec/sec=1.00009   ev/simsec=608.531
     Messages:  created: 158369   present: 107   in FES: 8
** Event #1266176   t=4317.352087151024   Elapsed: 4317.17s (1h 11m)  68% completed  (68% total)
     Speed:     ev/sec=552.342   simsec/sec=0.999921   ev/simsec=552.385
     Messages:  created: 158517   present: 77   in FES: 8
** Event #1267200   t=4319.383816628705   Elapsed: 4319.2s (1h 11m)  68% completed  (68% total)
     Speed:     ev/sec=503.95   simsec/sec=0.999893   ev/simsec=504.004
     Messages:  created: 158632   present: 45   in FES: 6
** Event #1267968   t=4321.882452930552   Elapsed: 4321.7s (1h 12m)  68% completed  (68% total)
     Speed:     ev/sec=307.405   simsec/sec=1.00012   ev/simsec=307.368
     Messages:  created: 158715   present: 13   in FES: 7
** Event #1268992   t=4324.232949817106   Elapsed: 4324.05s (1h 12m)  68% completed  (68% total)
     Speed:     ev/sec=435.646   simsec/sec=0.999984   ev/simsec=435.653
     Messages:  created: 158848   present: 25   in FES: 8
** Event #1270272   t=4326.521761670249   Elapsed: 4326.34s (1h 12m)  68% completed  (68% total)
     Speed:     ev/sec=559.234   simsec/sec=0.999986   ev/simsec=559.242
     Messages:  created: 159004   present: 14   in FES: 7
** Event #1271552   t=4328.637880510557   Elapsed: 4328.46s (1h 12m)  68% completed  (68% total)
     Speed:     ev/sec=603.919   simsec/sec=0.99841   ev/simsec=604.881
     Messages:  created: 159167   present: 23   in FES: 7
** Event #1272576   t=4331.174569090166   Elapsed: 4330.99s (1h 12m)  68% completed  (68% total)
     Speed:     ev/sec=404.228   simsec/sec=1.00137   ev/simsec=403.676
     Messages:  created: 159290   present: 10   in FES: 6
** Event #1273600   t=4333.348755432476   Elapsed: 4333.16s (1h 12m)  68% completed  (68% total)
     Speed:     ev/sec=470.974   simsec/sec=0.999986   ev/simsec=470.981
     Messages:  created: 159419   present: 13   in FES: 6
** Event #1274624   t=4335.544310398793   Elapsed: 4335.36s (1h 12m)  68% completed  (68% total)
     Speed:     ev/sec=466.369   simsec/sec=0.999941   ev/simsec=466.397
     Messages:  created: 159546   present: 10   in FES: 6
** Event #1275392   t=4338.030591202044   Elapsed: 4337.85s (1h 12m)  68% completed  (68% total)
     Speed:     ev/sec=308.892   simsec/sec=0.999991   ev/simsec=308.895
     Messages:  created: 159643   present: 12   in FES: 8
** Event #1276160   t=4340.060148643332   Elapsed: 4339.88s (1h 12m)  68% completed  (68% total)
     Speed:     ev/sec=378.435   simsec/sec=1.00007   ev/simsec=378.408
     Messages:  created: 159739   present: 13   in FES: 8
** Event #1277440   t=4342.435323188224   Elapsed: 4342.25s (1h 12m)  68% completed  (68% total)
     Speed:     ev/sec=538.9   simsec/sec=0.999986   ev/simsec=538.908
     Messages:  created: 159904   present: 25   in FES: 8
** Event #1278208   t=4344.637874487599   Elapsed: 4344.45s (1h 12m)  68% completed  (68% total)
     Speed:     ev/sec=348.685   simsec/sec=0.999994   ev/simsec=348.687
     Messages:  created: 159994   present: 10   in FES: 6
** Event #1279232   t=4347.368135855212   Elapsed: 4347.18s (1h 12m)  69% completed  (69% total)
     Speed:     ev/sec=375.045   simsec/sec=0.999972   ev/simsec=375.056
     Messages:  created: 160123   present: 12   in FES: 7
** Event #1280000   t=4349.443287159607   Elapsed: 4349.26s (1h 12m)  69% completed  (69% total)
     Speed:     ev/sec=369.016   simsec/sec=0.99709   ev/simsec=370.093
     Messages:  created: 160220   present: 15   in FES: 7
** Event #1281280   t=4351.619477144177   Elapsed: 4351.43s (1h 12m)  69% completed  (69% total)
     Speed:     ev/sec=589.834   simsec/sec=1.00281   ev/simsec=588.184
     Messages:  created: 160382   present: 20   in FES: 7
** Event #1282304   t=4354.156696369871   Elapsed: 4353.97s (1h 12m)  69% completed  (69% total)
     Speed:     ev/sec=403.596   simsec/sec=1.00001   ev/simsec=403.591
     Messages:  created: 160510   present: 20   in FES: 8
** Event #1283072   t=4356.798291382927   Elapsed: 4356.61s (1h 12m)  69% completed  (69% total)
     Speed:     ev/sec=290.749   simsec/sec=1.00005   ev/simsec=290.733
     Messages:  created: 160603   present: 13   in FES: 7
** Event #1283840   t=4359.202406201722   Elapsed: 4359.02s (1h 12m)  69% completed  (69% total)
     Speed:     ev/sec=319.412   simsec/sec=0.999875   ev/simsec=319.452
     Messages:  created: 160700   present: 14   in FES: 8
** Event #1285120   t=4361.264587755675   Elapsed: 4361.08s (1h 12m)  69% completed  (69% total)
     Speed:     ev/sec=620.756   simsec/sec=1.00009   ev/simsec=620.702
     Messages:  created: 160882   present: 74   in FES: 8
** Event #1286400   t=4363.6485191316   Elapsed: 4363.47s (1h 12m)  69% completed  (69% total)
     Speed:     ev/sec=535.807   simsec/sec=0.997912   ev/simsec=536.928
     Messages:  created: 161029   present: 39   in FES: 7
** Event #1287680   t=4365.89371985192   Elapsed: 4365.71s (1h 12m)  69% completed  (69% total)
     Speed:     ev/sec=571.388   simsec/sec=1.00225   ev/simsec=570.105
     Messages:  created: 161186   present: 30   in FES: 8
** Event #1288704   t=4368.223266282956   Elapsed: 4368.04s (1h 12m)  69% completed  (69% total)
     Speed:     ev/sec=439.574   simsec/sec=1.00001   ev/simsec=439.571
     Messages:  created: 161306   present: 10   in FES: 6
** Event #1289728   t=4370.549412572899   Elapsed: 4370.36s (1h 12m)  69% completed  (69% total)
     Speed:     ev/sec=440.179   simsec/sec=0.999922   ev/simsec=440.213
     Messages:  created: 161438   present: 20   in FES: 8
** Event #1290752   t=4372.847418704914   Elapsed: 4372.66s (1h 12m)  69% completed  (69% total)
     Speed:     ev/sec=445.637   simsec/sec=1.00008   ev/simsec=445.604
     Messages:  created: 161564   present: 14   in FES: 8
** Event #1291776   t=4374.849880416356   Elapsed: 4374.67s (1h 12m)  69% completed  (69% total)
     Speed:     ev/sec=511.352   simsec/sec=0.999963   ev/simsec=511.371
     Messages:  created: 161694   present: 19   in FES: 8
** Event #1292800   t=4376.882970271657   Elapsed: 4376.7s (1h 12m)  69% completed  (69% total)
     Speed:     ev/sec=503.68   simsec/sec=1.00003   ev/simsec=503.667
     Messages:  created: 161818   present: 10   in FES: 6
** Event #1293824   t=4378.88092932411   Elapsed: 4378.7s (1h 12m)  69% completed  (69% total)
     Speed:     ev/sec=511.304   simsec/sec=0.997622   ev/simsec=512.523
     Messages:  created: 161957   present: 39   in FES: 7
** Event #1295104   t=4380.991662398735   Elapsed: 4380.81s (1h 13m)  69% completed  (69% total)
     Speed:     ev/sec=607.8   simsec/sec=1.00227   ev/simsec=606.424
     Messages:  created: 162113   present: 30   in FES: 8
** Event #1296128   t=4383.281261404768   Elapsed: 4383.1s (1h 13m)  69% completed  (69% total)
     Speed:     ev/sec=447.215   simsec/sec=0.999945   ev/simsec=447.24
     Messages:  created: 162238   present: 21   in FES: 8
** Event #1297152   t=4385.717293486194   Elapsed: 4385.53s (1h 13m)  69% completed  (69% total)
     Speed:     ev/sec=420.359   simsec/sec=1.00001   ev/simsec=420.356
     Messages:  created: 162362   present: 10   in FES: 6
** Event #1297920   t=4388.085139381126   Elapsed: 4387.9s (1h 13m)  69% completed  (69% total)
     Speed:     ev/sec=324.365   simsec/sec=1.00006   ev/simsec=324.345
     Messages:  created: 162459   present: 14   in FES: 8
** Event #1298944   t=4390.276050963683   Elapsed: 4390.09s (1h 13m)  69% completed  (69% total)
     Speed:     ev/sec=467.099   simsec/sec=0.999387   ev/simsec=467.385
     Messages:  created: 162588   present: 20   in FES: 7
** Event #1299712   t=4392.534918814656   Elapsed: 4392.35s (1h 13m)  69% completed  (69% total)
     Speed:     ev/sec=340.144   simsec/sec=1.00044   ev/simsec=339.993
     Messages:  created: 162681   present: 12   in FES: 7
** Event #1300480   t=4394.778741831295   Elapsed: 4394.59s (1h 13m)  69% completed  (69% total)
     Speed:     ev/sec=342.317   simsec/sec=1.00013   ev/simsec=342.273
     Messages:  created: 162778   present: 14   in FES: 7
** Event #1301248   t=4396.805368996919   Elapsed: 4396.62s (1h 13m)  69% completed  (69% total)
     Speed:     ev/sec=378.386   simsec/sec=0.9985   ev/simsec=378.955
     Messages:  created: 162873   present: 12   in FES: 7
** Event #1302272   t=4399.206190240272   Elapsed: 4399.03s (1h 13m)  69% completed  (69% total)
     Speed:     ev/sec=425.34   simsec/sec=0.997232   ev/simsec=426.521
     Messages:  created: 163010   present: 36   in FES: 7
** Event #1303552   t=4401.674494691388   Elapsed: 4401.5s (1h 13m)  69% completed  (69% total)
     Speed:     ev/sec=519.502   simsec/sec=1.00179   ev/simsec=518.575
     Messages:  created: 163161   present: 12   in FES: 7
** Event #1304576   t=4403.690374115011   Elapsed: 4403.51s (1h 13m)  69% completed  (69% total)
     Speed:     ev/sec=509.302   simsec/sec=1.00263   ev/simsec=507.967
     Messages:  created: 163291   present: 16   in FES: 6
** Event #1305856   t=4406.202795100388   Elapsed: 4406.02s (1h 13m)  69% completed  (69% total)
     Speed:     ev/sec=509.448   simsec/sec=0.99996   ev/simsec=509.469
     Messages:  created: 163453   present: 22   in FES: 7
** Event #1306880   t=4408.376392197905   Elapsed: 4408.19s (1h 13m)  69% completed  (69% total)
     Speed:     ev/sec=471.093   simsec/sec=0.999968   ev/simsec=471.108
     Messages:  created: 163577   present: 11   in FES: 7
** Event #1308160   t=4410.4185072686   Elapsed: 4410.23s (1h 13m)  70% completed  (70% total)
     Speed:     ev/sec=626.881   simsec/sec=1.00013   ev/simsec=626.801
     Messages:  created: 163756   present: 63   in FES: 8
** Event #1309440   t=4412.676156968833   Elapsed: 4412.49s (1h 13m)  70% completed  (70% total)
     Speed:     ev/sec=566.933   simsec/sec=0.999951   ev/simsec=566.961
     Messages:  created: 163907   present: 38   in FES: 8
** Event #1310464   t=4414.808657354002   Elapsed: 4414.62s (1h 13m)  70% completed  (70% total)
     Speed:     ev/sec=480.193   simsec/sec=1.00001   ev/simsec=480.187
     Messages:  created: 164028   present: 19   in FES: 8
** Event #1311744   t=4416.910355575451   Elapsed: 4416.73s (1h 13m)  70% completed  (70% total)
     Speed:     ev/sec=609.035   simsec/sec=1.00001   ev/simsec=609.031
     Messages:  created: 164190   present: 25   in FES: 8
** Event #1312768   t=4419.359307114449   Elapsed: 4419.17s (1h 13m)  70% completed  (70% total)
     Speed:     ev/sec=418.138   simsec/sec=0.999999   ev/simsec=418.138
     Messages:  created: 164311   present: 11   in FES: 7
** Event #1313792   t=4421.584130433852   Elapsed: 4421.4s (1h 13m)  70% completed  (70% total)
     Speed:     ev/sec=460.255   simsec/sec=0.999985   ev/simsec=460.261
     Messages:  created: 164441   present: 16   in FES: 8
** Event #1314816   t=4423.893526957206   Elapsed: 4423.71s (1h 13m)  70% completed  (70% total)
     Speed:     ev/sec=442.81   simsec/sec=0.998656   ev/simsec=443.406
     Messages:  created: 164574   present: 29   in FES: 7
** Event #1315584   t=4426.491180192672   Elapsed: 4426.31s (1h 13m)  70% completed  (70% total)
     Speed:     ev/sec=296.013   simsec/sec=1.00122   ev/simsec=295.651
     Messages:  created: 164663   present: 11   in FES: 6
** Event #1316096   t=4434.508782680003   Elapsed: 4434.43s (1h 13m)  70% completed  (70% total)
     Speed:     ev/sec=63.0635   simsec/sec=0.987535   ev/simsec=63.8595
     Messages:  created: 164726   present: 8   in FES: 4
** Event #1317120   t=4436.639045460761   Elapsed: 4436.45s (1h 13m)  70% completed  (70% total)
     Speed:     ev/sec=504.64   simsec/sec=1.04982   ev/simsec=480.692
     Messages:  created: 164858   present: 19   in FES: 8
** Event #1318144   t=4438.683604389257   Elapsed: 4438.5s (1h 13m)  70% completed  (70% total)
     Speed:     ev/sec=500.852   simsec/sec=1.00002   ev/simsec=500.842
     Messages:  created: 164983   present: 10   in FES: 6
** Event #1319424   t=4440.699448991302   Elapsed: 4440.51s (1h 14m)  70% completed  (70% total)
     Speed:     ev/sec=634.979   simsec/sec=1.00001   ev/simsec=634.97
     Messages:  created: 165144   present: 13   in FES: 7
** Event #1320448   t=4443.214158230739   Elapsed: 4443.03s (1h 14m)  70% completed  (70% total)
     Speed:     ev/sec=407.185   simsec/sec=0.999953   ev/simsec=407.204
     Messages:  created: 165271   present: 11   in FES: 6
** Event #1321472   t=4445.530109471261   Elapsed: 4445.35s (1h 14m)  70% completed  (70% total)
     Speed:     ev/sec=442.149   simsec/sec=0.999995   ev/simsec=442.151
     Messages:  created: 165401   present: 16   in FES: 7
** Event #1322752   t=4447.544463089945   Elapsed: 4447.36s (1h 14m)  70% completed  (70% total)
     Speed:     ev/sec=635.518   simsec/sec=1.00012   ev/simsec=635.44
     Messages:  created: 165574   present: 52   in FES: 8
** Event #1324032   t=4449.571569014057   Elapsed: 4449.39s (1h 14m)  70% completed  (70% total)
     Speed:     ev/sec=631.396   simsec/sec=0.999927   ev/simsec=631.442
     Messages:  created: 165735   present: 57   in FES: 8
** Event #1325568   t=4451.743113974185   Elapsed: 4451.56s (1h 14m)  70% completed  (70% total)
     Speed:     ev/sec=705.309   simsec/sec=0.997142   ev/simsec=707.331
     Messages:  created: 165939   present: 90   in FES: 7
** Event #1327104   t=4454.132895030634   Elapsed: 4453.95s (1h 14m)  70% completed  (70% total)
     Speed:     ev/sec=644.446   simsec/sec=1.00266   ev/simsec=642.737
     Messages:  created: 166111   present: 36   in FES: 7
** Event #1328128   t=4456.361430262263   Elapsed: 4456.18s (1h 14m)  70% completed  (70% total)
     Speed:     ev/sec=459.488   simsec/sec=0.999986   ev/simsec=459.495
     Messages:  created: 166230   present: 13   in FES: 8
** Event #1329664   t=4458.363218376257   Elapsed: 4458.18s (1h 14m)  70% completed  (70% total)
     Speed:     ev/sec=767.3   simsec/sec=0.999982   ev/simsec=767.314
     Messages:  created: 166448   present: 81   in FES: 8
** Event #1330944   t=4460.586795717097   Elapsed: 4460.4s (1h 14m)  70% completed  (70% total)
     Speed:     ev/sec=575.638   simsec/sec=0.99998   ev/simsec=575.649
     Messages:  created: 166586   present: 24   in FES: 8
** Event #1332224   t=4462.608998452214   Elapsed: 4462.43s (1h 14m)  70% completed  (70% total)
     Speed:     ev/sec=631.971   simsec/sec=0.998416   ev/simsec=632.973
     Messages:  created: 166750   present: 34   in FES: 7
** Event #1332992   t=4464.661639901406   Elapsed: 4464.48s (1h 14m)  70% completed  (70% total)
     Speed:     ev/sec=374.744   simsec/sec=1.00158   ev/simsec=374.152
     Messages:  created: 166837   present: 9   in FES: 5
** Event #1333760   t=4466.701207290704   Elapsed: 4466.52s (1h 14m)  70% completed  (70% total)
     Speed:     ev/sec=376.52   simsec/sec=0.99992   ev/simsec=376.55
     Messages:  created: 166936   present: 17   in FES: 8
** Event #1335040   t=4469.289193344585   Elapsed: 4469.1s (1h 14m)  70% completed  (70% total)
     Speed:     ev/sec=494.617   simsec/sec=1.00005   ev/simsec=494.593
     Messages:  created: 167093   present: 9   in FES: 5
** Event #1336064   t=4471.808195425802   Elapsed: 4471.62s (1h 14m)  70% completed  (70% total)
     Speed:     ev/sec=406.531   simsec/sec=1.00005   ev/simsec=406.51
     Messages:  created: 167223   present: 15   in FES: 8
** Event #1337088   t=4474.193030762539   Elapsed: 4474.01s (1h 14m)  71% completed  (71% total)
     Speed:     ev/sec=429.373   simsec/sec=0.999985   ev/simsec=429.38
     Messages:  created: 167350   present: 13   in FES: 8
** Event #1338112   t=4476.431617148717   Elapsed: 4476.25s (1h 14m)  71% completed  (71% total)
     Speed:     ev/sec=457.41   simsec/sec=0.999952   ev/simsec=457.432
     Messages:  created: 167479   present: 14   in FES: 7
** Event #1339392   t=4478.683157254958   Elapsed: 4478.5s (1h 14m)  71% completed  (71% total)
     Speed:     ev/sec=568.482   simsec/sec=0.999969   ev/simsec=568.5
     Messages:  created: 167642   present: 24   in FES: 8
** Event #1340928   t=4480.951783294286   Elapsed: 4480.77s (1h 14m)  71% completed  (71% total)
     Speed:     ev/sec=677.123   simsec/sec=1.00009   ev/simsec=677.062
     Messages:  created: 167836   present: 32   in FES: 8
** Event #1342208   t=4482.963597372477   Elapsed: 4482.79s (1h 14m)  71% completed  (71% total)
     Speed:     ev/sec=632.489   simsec/sec=0.994102   ev/simsec=636.242
     Messages:  created: 167991   present: 19   in FES: 6
** Event #1343232   t=4485.165914066079   Elapsed: 4484.99s (1h 14m)  71% completed  (71% total)
     Speed:     ev/sec=465.873   simsec/sec=1.00195   ev/simsec=464.965
     Messages:  created: 168116   present: 11   in FES: 6
** Event #1344512   t=4487.362188548052   Elapsed: 4487.19s (1h 14m)  71% completed  (71% total)
     Speed:     ev/sec=582.467   simsec/sec=0.99942   ev/simsec=582.805
     Messages:  created: 168294   present: 59   in FES: 7
** Event #1345536   t=4489.859192731093   Elapsed: 4489.68s (1h 14m)  71% completed  (71% total)
     Speed:     ev/sec=410.943   simsec/sec=1.00208   ev/simsec=410.091
     Messages:  created: 168404   present: 11   in FES: 6
** Event #1346560   t=4492.319793249048   Elapsed: 4492.14s (1h 14m)  71% completed  (71% total)
     Speed:     ev/sec=416.546   simsec/sec=1.00093   ev/simsec=416.159
     Messages:  created: 168532   present: 11   in FES: 6
** Event #1347584   t=4494.55632567364   Elapsed: 4494.37s (1h 14m)  71% completed  (71% total)
     Speed:     ev/sec=458.126   simsec/sec=1.0006   ev/simsec=457.852
     Messages:  created: 168661   present: 13   in FES: 8
** Event #1348608   t=4496.864433862044   Elapsed: 4496.68s (1h 14m)  71% completed  (71% total)
     Speed:     ev/sec=443.615   simsec/sec=0.999914   ev/simsec=443.653
     Messages:  created: 168789   present: 13   in FES: 7
** Event #1349888   t=4499.226453155925   Elapsed: 4499.04s (1h 14m)  71% completed  (71% total)
     Speed:     ev/sec=541.967   simsec/sec=1.00011   ev/simsec=541.909
     Messages:  created: 168952   present: 21   in FES: 8
** Event #1350912   t=4502.281647928937   Elapsed: 4502.1s (1h 15m)  71% completed  (71% total)
     Speed:     ev/sec=335.141   simsec/sec=0.999922   ev/simsec=335.167
     Messages:  created: 169075   present: 9   in FES: 5
** Event #1351680   t=4504.411433314343   Elapsed: 4504.24s (1h 15m)  71% completed  (71% total)
     Speed:     ev/sec=359.058   simsec/sec=0.995726   ev/simsec=360.6
     Messages:  created: 169172   present: 12   in FES: 6
** Event #1352704   t=4506.448973823199   Elapsed: 4506.26s (1h 15m)  71% completed  (71% total)
     Speed:     ev/sec=504.821   simsec/sec=1.00449   ev/simsec=502.567
     Messages:  created: 169300   present: 11   in FES: 7
** Event #1353984   t=4508.678810966851   Elapsed: 4508.49s (1h 15m)  71% completed  (71% total)
     Speed:     ev/sec=574.043   simsec/sec=1.00002   ev/simsec=574.033
     Messages:  created: 169469   present: 36   in FES: 7
** Event #1355264   t=4511.467353644302   Elapsed: 4511.28s (1h 15m)  71% completed  (71% total)
     Speed:     ev/sec=459.047   simsec/sec=1.00006   ev/simsec=459.021
     Messages:  created: 169618   present: 10   in FES: 6
** Event #1356288   t=4513.658852170658   Elapsed: 4513.47s (1h 15m)  71% completed  (71% total)
     Speed:     ev/sec=467.277   simsec/sec=1.00004   ev/simsec=467.26
     Messages:  created: 169746   present: 11   in FES: 7
** Event #1357312   t=4516.222136791548   Elapsed: 4516.04s (1h 15m)  71% completed  (71% total)
     Speed:     ev/sec=399.487   simsec/sec=1   ev/simsec=399.487
     Messages:  created: 169874   present: 10   in FES: 6
** Event #1358336   t=4518.888727170181   Elapsed: 4518.7s (1h 15m)  71% completed  (71% total)
     Speed:     ev/sec=383.996   simsec/sec=0.999961   ev/simsec=384.011
     Messages:  created: 170002   present: 9   in FES: 5
** Event #1359104   t=4521.122569162792   Elapsed: 4520.94s (1h 15m)  71% completed  (71% total)
     Speed:     ev/sec=343.814   simsec/sec=1.00003   ev/simsec=343.802
     Messages:  created: 170098   present: 9   in FES: 5
** Event #1360128   t=4523.519179149054   Elapsed: 4523.33s (1h 15m)  71% completed  (71% total)
     Speed:     ev/sec=427.272   simsec/sec=1   ev/simsec=427.27
     Messages:  created: 170227   present: 12   in FES: 8
** Event #1361152   t=4525.942377052774   Elapsed: 4525.76s (1h 15m)  71% completed  (71% total)
     Speed:     ev/sec=422.578   simsec/sec=0.999991   ev/simsec=422.582
     Messages:  created: 170354   present: 11   in FES: 7
** Event #1362432   t=4528.097969485169   Elapsed: 4527.92s (1h 15m)  71% completed  (71% total)
     Speed:     ev/sec=591.512   simsec/sec=0.99614   ev/simsec=593.804
     Messages:  created: 170521   present: 29   in FES: 7
** Event #1363712   t=4530.579609589014   Elapsed: 4530.4s (1h 15m)  71% completed  (71% total)
     Speed:     ev/sec=517.509   simsec/sec=1.00334   ev/simsec=515.788
     Messages:  created: 170676   present: 16   in FES: 8
** Event #1365248   t=4532.93452181532   Elapsed: 4532.75s (1h 15m)  71% completed  (71% total)
     Speed:     ev/sec=652.32   simsec/sec=1.0001   ev/simsec=652.254
     Messages:  created: 170869   present: 18   in FES: 8
** Event #1366272   t=4535.308733642489   Elapsed: 4535.12s (1h 15m)  71% completed  (71% total)
     Speed:     ev/sec=431.27   simsec/sec=0.999928   ev/simsec=431.301
     Messages:  created: 170995   present: 12   in FES: 7
** Event #1367040   t=4537.385708169259   Elapsed: 4537.2s (1h 15m)  72% completed  (72% total)
     Speed:     ev/sec=369.779   simsec/sec=1.00003   ev/simsec=369.769
     Messages:  created: 171091   present: 12   in FES: 6
** Event #1368320   t=4539.470759414237   Elapsed: 4539.29s (1h 15m)  72% completed  (72% total)
     Speed:     ev/sec=613.881   simsec/sec=0.999979   ev/simsec=613.894
     Messages:  created: 171257   present: 33   in FES: 8
** Event #1369088   t=4541.732072696273   Elapsed: 4541.55s (1h 15m)  72% completed  (72% total)
     Speed:     ev/sec=339.609   simsec/sec=0.99995   ev/simsec=339.626
     Messages:  created: 171345   present: 11   in FES: 7
** Event #1369856   t=4544.668113231841   Elapsed: 4544.5s (1h 15m)  72% completed  (72% total)
     Speed:     ev/sec=260.404   simsec/sec=0.995516   ev/simsec=261.577
     Messages:  created: 171442   present: 14   in FES: 6
** Event #1370624   t=4546.799998183169   Elapsed: 4546.62s (1h 15m)  72% completed  (72% total)
     Speed:     ev/sec=362.508   simsec/sec=1.00628   ev/simsec=360.245
     Messages:  created: 171536   present: 9   in FES: 5
** Event #1371648   t=4548.850988161996   Elapsed: 4548.67s (1h 15m)  72% completed  (72% total)
     Speed:     ev/sec=499.291   simsec/sec=1.00004   ev/simsec=499.271
     Messages:  created: 171665   present: 12   in FES: 7
** Event #1372672   t=4551.492404506764   Elapsed: 4551.31s (1h 15m)  72% completed  (72% total)
     Speed:     ev/sec=387.672   simsec/sec=1   ev/simsec=387.671
     Messages:  created: 171792   present: 9   in FES: 5
** Event #1373440   t=4553.663036973844   Elapsed: 4553.48s (1h 15m)  72% completed  (72% total)
     Speed:     ev/sec=353.783   simsec/sec=0.999912   ev/simsec=353.814
     Messages:  created: 171889   present: 12   in FES: 6
** Event #1374464   t=4555.964715162245   Elapsed: 4555.78s (1h 15m)  72% completed  (72% total)
     Speed:     ev/sec=444.934   simsec/sec=1.00009   ev/simsec=444.893
     Messages:  created: 172019   present: 17   in FES: 8
** Event #1375744   t=4558.543892201408   Elapsed: 4558.36s (1h 15m)  72% completed  (72% total)
     Speed:     ev/sec=496.267   simsec/sec=0.999969   ev/simsec=496.282
     Messages:  created: 172177   present: 12   in FES: 6
** Event #1377024   t=4560.96229474738   Elapsed: 4560.78s (1h 16m)  72% completed  (72% total)
     Speed:     ev/sec=529.281   simsec/sec=1.00001   ev/simsec=529.275
     Messages:  created: 172337   present: 12   in FES: 7
** Event #1378304   t=4563.308711896512   Elapsed: 4563.12s (1h 16m)  72% completed  (72% total)
     Speed:     ev/sec=545.51   simsec/sec=0.999995   ev/simsec=545.513
     Messages:  created: 172497   present: 12   in FES: 7
** Event #1379328   t=4565.667697219096   Elapsed: 4565.48s (1h 16m)  72% completed  (72% total)
     Speed:     ev/sec=434.059   simsec/sec=0.99994   ev/simsec=434.085
     Messages:  created: 172627   present: 17   in FES: 8
** Event #1380352   t=4568.397816630131   Elapsed: 4568.21s (1h 16m)  72% completed  (72% total)
     Speed:     ev/sec=375.067   simsec/sec=0.999979   ev/simsec=375.075
     Messages:  created: 172753   present: 12   in FES: 8
** Event #1381376   t=4570.418641378557   Elapsed: 4570.23s (1h 16m)  72% completed  (72% total)
     Speed:     ev/sec=506.762   simsec/sec=1.00008   ev/simsec=506.724
     Messages:  created: 172887   present: 31   in FES: 8
** Event #1382400   t=4572.488954124541   Elapsed: 4572.3s (1h 16m)  72% completed  (72% total)
     Speed:     ev/sec=494.595   simsec/sec=0.999968   ev/simsec=494.611
     Messages:  created: 173007   present: 11   in FES: 7
** Event #1383424   t=4575.03949846134   Elapsed: 4574.86s (1h 16m)  72% completed  (72% total)
     Speed:     ev/sec=400.422   simsec/sec=0.997359   ev/simsec=401.483
     Messages:  created: 173134   present: 8   in FES: 4
** Event #1384448   t=4577.464914763329   Elapsed: 4577.32s (1h 16m)  72% completed  (72% total)
     Speed:     ev/sec=417.111   simsec/sec=0.987956   ev/simsec=422.196
     Messages:  created: 173263   present: 11   in FES: 6
** Event #1385472   t=4579.853597529398   Elapsed: 4579.68s (1h 16m)  72% completed  (72% total)
     Speed:     ev/sec=432.66   simsec/sec=1.00927   ev/simsec=428.688
     Messages:  created: 173394   present: 19   in FES: 7
** Event #1386496   t=4582.355234855957   Elapsed: 4582.17s (1h 16m)  72% completed  (72% total)
     Speed:     ev/sec=411.722   simsec/sec=1.00584   ev/simsec=409.332
     Messages:  created: 173520   present: 13   in FES: 7
** Event #1387776   t=4584.705084442687   Elapsed: 4584.52s (1h 16m)  72% completed  (72% total)
     Speed:     ev/sec=544.373   simsec/sec=0.999372   ev/simsec=544.716
     Messages:  created: 173682   present: 19   in FES: 7
** Event #1388544   t=4586.802892607633   Elapsed: 4586.62s (1h 16m)  72% completed  (72% total)
     Speed:     ev/sec=366.359   simsec/sec=1.00072   ev/simsec=366.096
     Messages:  created: 173777   present: 17   in FES: 7
** Event #1389312   t=4589.406422734533   Elapsed: 4589.23s (1h 16m)  72% completed  (72% total)
     Speed:     ev/sec=294.472   simsec/sec=0.998264   ev/simsec=294.984
     Messages:  created: 173871   present: 11   in FES: 7
** Event #1389824   t=4591.584179131823   Elapsed: 4591.4s (1h 16m)  72% completed  (72% total)
     Speed:     ev/sec=235.588   simsec/sec=1.00206   ev/simsec=235.104
     Messages:  created: 173934   present: 9   in FES: 5
** Event #1390336   t=4593.871225811366   Elapsed: 4593.69s (1h 16m)  72% completed  (72% total)
     Speed:     ev/sec=223.861   simsec/sec=0.999961   ev/simsec=223.87
     Messages:  created: 173999   present: 10   in FES: 6
** Event #1391616   t=4596.29531722053   Elapsed: 4596.11s (1h 16m)  72% completed  (72% total)
     Speed:     ev/sec=528.081   simsec/sec=1.00009   ev/simsec=528.033
     Messages:  created: 174163   present: 21   in FES: 8
** Event #1392896   t=4598.69488352867   Elapsed: 4598.51s (1h 16m)  72% completed  (72% total)
     Speed:     ev/sec=533.417   simsec/sec=0.999976   ev/simsec=533.43
     Messages:  created: 174321   present: 17   in FES: 7
** Event #1393920   t=4601.126536490461   Elapsed: 4600.94s (1h 16m)  73% completed  (73% total)
     Speed:     ev/sec=421.119   simsec/sec=1.00001   ev/simsec=421.113
     Messages:  created: 174450   present: 23   in FES: 8
** Event #1395200   t=4603.370528846897   Elapsed: 4603.19s (1h 16m)  73% completed  (73% total)
     Speed:     ev/sec=570.394   simsec/sec=0.999969   ev/simsec=570.412
     Messages:  created: 174611   present: 26   in FES: 8
** Event #1396480   t=4605.705405088048   Elapsed: 4605.52s (1h 16m)  73% completed  (73% total)
     Speed:     ev/sec=548.157   simsec/sec=0.999905   ev/simsec=548.209
     Messages:  created: 174778   present: 43   in FES: 8
** Event #1397760   t=4607.83484904957   Elapsed: 4607.65s (1h 16m)  73% completed  (73% total)
     Speed:     ev/sec=601.1   simsec/sec=1.00001   ev/simsec=601.096
     Messages:  created: 174929   present: 19   in FES: 8
** Event #1398784   t=4609.950968509657   Elapsed: 4609.77s (1h 16m)  73% completed  (73% total)
     Speed:     ev/sec=483.958   simsec/sec=1.00011   ev/simsec=483.905
     Messages:  created: 175053   present: 10   in FES: 6
** Event #1400320   t=4612.257676643727   Elapsed: 4612.07s (1h 16m)  73% completed  (73% total)
     Speed:     ev/sec=665.867   simsec/sec=0.999974   ev/simsec=665.884
     Messages:  created: 175249   present: 19   in FES: 8
** Event #1401856   t=4614.604388011731   Elapsed: 4614.42s (1h 16m)  73% completed  (73% total)
     Speed:     ev/sec=654.561   simsec/sec=1.00004   ev/simsec=654.533
     Messages:  created: 175452   present: 49   in FES: 8
** Event #1402880   t=4616.685432056258   Elapsed: 4616.53s (1h 16m)  73% completed  (73% total)
     Speed:     ev/sec=485.035   simsec/sec=0.985721   ev/simsec=492.061
     Messages:  created: 175566   present: 12   in FES: 6
** Event #1403904   t=4618.901337111183   Elapsed: 4618.72s (1h 16m)  73% completed  (73% total)
     Speed:     ev/sec=468.485   simsec/sec=1.01379   ev/simsec=462.114
     Messages:  created: 175694   present: 11   in FES: 7
** Event #1404928   t=4621.537919598836   Elapsed: 4621.35s (1h 17m)  73% completed  (73% total)
     Speed:     ev/sec=388.383   simsec/sec=1   ev/simsec=388.382
     Messages:  created: 175821   present: 9   in FES: 5
** Event #1405952   t=4623.792500562293   Elapsed: 4623.61s (1h 17m)  73% completed  (73% total)
     Speed:     ev/sec=453.544   simsec/sec=0.998585   ev/simsec=454.186
     Messages:  created: 175953   present: 21   in FES: 7
** Event #1407232   t=4626.04943290371   Elapsed: 4625.86s (1h 17m)  73% completed  (73% total)
     Speed:     ev/sec=567.899   simsec/sec=1.00134   ev/simsec=567.142
     Messages:  created: 176113   present: 20   in FES: 7
** Event #1408256   t=4628.143285265421   Elapsed: 4627.96s (1h 17m)  73% completed  (73% total)
     Speed:     ev/sec=489.044   simsec/sec=0.999986   ev/simsec=489.051
     Messages:  created: 176240   present: 18   in FES: 8
** Event #1409536   t=4630.403067795654   Elapsed: 4630.22s (1h 17m)  73% completed  (73% total)
     Speed:     ev/sec=566.435   simsec/sec=1.00002   ev/simsec=566.426
     Messages:  created: 176401   present: 24   in FES: 8
** Event #1410816   t=4632.847206907358   Elapsed: 4632.66s (1h 17m)  73% completed  (73% total)
     Speed:     ev/sec=523.739   simsec/sec=1.00007   ev/simsec=523.702
     Messages:  created: 176559   present: 18   in FES: 8
** Event #1411584   t=4634.988054084062   Elapsed: 4634.8s (1h 17m)  73% completed  (73% total)
     Speed:     ev/sec=358.671   simsec/sec=0.999817   ev/simsec=358.736
     Messages:  created: 176655   present: 19   in FES: 8
** Event #1412608   t=4637.553731258027   Elapsed: 4637.37s (1h 17m)  73% completed  (73% total)
     Speed:     ev/sec=399.152   simsec/sec=1.00009   ev/simsec=399.115
     Messages:  created: 176780   present: 11   in FES: 7
** Event #1413888   t=4639.97516020719   Elapsed: 4639.79s (1h 17m)  73% completed  (73% total)
     Speed:     ev/sec=528.61   simsec/sec=0.999993   ev/simsec=528.613
     Messages:  created: 176941   present: 14   in FES: 7
** Event #1415168   t=4642.04770356147   Elapsed: 4641.87s (1h 17m)  73% completed  (73% total)
     Speed:     ev/sec=616.559   simsec/sec=0.998317   ev/simsec=617.599
     Messages:  created: 177107   present: 30   in FES: 6
** Event #1416192   t=4644.427605326542   Elapsed: 4644.24s (1h 17m)  73% completed  (73% total)
     Speed:     ev/sec=430.873   simsec/sec=1.0014   ev/simsec=430.27
     Messages:  created: 177229   present: 14   in FES: 6
** Event #1416960   t=4646.665015695416   Elapsed: 4646.48s (1h 17m)  73% completed  (73% total)
     Speed:     ev/sec=343.28   simsec/sec=1.00008   ev/simsec=343.254
     Messages:  created: 177323   present: 9   in FES: 5
** Event #1417984   t=4648.923900454873   Elapsed: 4648.74s (1h 17m)  73% completed  (73% total)
     Speed:     ev/sec=453.35   simsec/sec=1.00006   ev/simsec=453.321
     Messages:  created: 177452   present: 10   in FES: 6
** Event #1419008   t=4651.170050954176   Elapsed: 4650.99s (1h 17m)  73% completed  (73% total)
     Speed:     ev/sec=455.884   simsec/sec=0.999984   ev/simsec=455.891
     Messages:  created: 177580   present: 10   in FES: 6
** Event #1419776   t=4653.812490577397   Elapsed: 4653.63s (1h 17m)  73% completed  (73% total)
     Speed:     ev/sec=290.168   simsec/sec=0.998373   ev/simsec=290.641
     Messages:  created: 177677   present: 14   in FES: 7
** Event #1420800   t=4656.401467342566   Elapsed: 4656.22s (1h 17m)  73% completed  (73% total)
     Speed:     ev/sec=396.046   simsec/sec=1.00132   ev/simsec=395.523
     Messages:  created: 177805   present: 14   in FES: 7
** Event #1421568   t=4658.629570478316   Elapsed: 4658.44s (1h 17m)  73% completed  (73% total)
     Speed:     ev/sec=344.825   simsec/sec=1.0004   ev/simsec=344.688
     Messages:  created: 177900   present: 12   in FES: 8
** Event #1422336   t=4660.635414818328   Elapsed: 4660.45s (1h 17m)  73% completed  (73% total)
     Speed:     ev/sec=382.861   simsec/sec=0.999948   ev/simsec=382.881
     Messages:  created: 177998   present: 19   in FES: 8
** Event #1423616   t=4663.154582080394   Elapsed: 4662.97s (1h 17m)  74% completed  (74% total)
     Speed:     ev/sec=508.095   simsec/sec=0.999981   ev/simsec=508.104
     Messages:  created: 178155   present: 12   in FES: 7
** Event #1424384   t=4665.243162302094   Elapsed: 4665.06s (1h 17m)  74% completed  (74% total)
     Speed:     ev/sec=367.723   simsec/sec=1.00002   ev/simsec=367.714
     Messages:  created: 178251   present: 12   in FES: 7
** Event #1425408   t=4667.257534611735   Elapsed: 4667.07s (1h 17m)  74% completed  (74% total)
     Speed:     ev/sec=507.886   simsec/sec=0.999094   ev/simsec=508.347
     Messages:  created: 178383   present: 23   in FES: 6
** Event #1426432   t=4669.510263502063   Elapsed: 4669.34s (1h 17m)  74% completed  (74% total)
     Speed:     ev/sec=451.958   simsec/sec=0.994277   ev/simsec=454.56
     Messages:  created: 178508   present: 15   in FES: 7
** Event #1427456   t=4672.32135540075   Elapsed: 4672.14s (1h 17m)  74% completed  (74% total)
     Speed:     ev/sec=366.212   simsec/sec=1.00533   ev/simsec=364.271
     Messages:  created: 178634   present: 9   in FES: 5
** Event #1428224   t=4674.877664274427   Elapsed: 4674.69s (1h 17m)  74% completed  (74% total)
     Speed:     ev/sec=300.422   simsec/sec=0.999962   ev/simsec=300.433
     Messages:  created: 178730   present: 10   in FES: 6
** Event #1428992   t=4677.199409553162   Elapsed: 4677.01s (1h 17m)  74% completed  (74% total)
     Speed:     ev/sec=330.813   simsec/sec=1.00008   ev/simsec=330.786
     Messages:  created: 178828   present: 14   in FES: 8
** Event #1430272   t=4679.499040860238   Elapsed: 4679.33s (1h 17m)  74% completed  (74% total)
     Speed:     ev/sec=551.691   simsec/sec=0.991161   ev/simsec=556.611
     Messages:  created: 178991   present: 23   in FES: 7
** Event #1431552   t=4681.837506798273   Elapsed: 4681.65s (1h 18m)  74% completed  (74% total)
     Speed:     ev/sec=552.162   simsec/sec=1.00876   ev/simsec=547.367
     Messages:  created: 179147   present: 13   in FES: 7
** Event #1432832   t=4684.245460413625   Elapsed: 4684.07s (1h 18m)  74% completed  (74% total)
     Speed:     ev/sec=530.664   simsec/sec=0.998292   ev/simsec=531.572
     Messages:  created: 179308   present: 16   in FES: 7
** Event #1433856   t=4686.311908531857   Elapsed: 4686.13s (1h 18m)  74% completed  (74% total)
     Speed:     ev/sec=496.513   simsec/sec=1.00197   ev/simsec=495.536
     Messages:  created: 179441   present: 29   in FES: 8
** Event #1434880   t=4688.647761808409   Elapsed: 4688.46s (1h 18m)  74% completed  (74% total)
     Speed:     ev/sec=438.406   simsec/sec=1.00005   ev/simsec=438.384
     Messages:  created: 179562   present: 10   in FES: 6
** Event #1435904   t=4691.300110481499   Elapsed: 4691.12s (1h 18m)  74% completed  (74% total)
     Speed:     ev/sec=386.087   simsec/sec=1.00004   ev/simsec=386.073
     Messages:  created: 179689   present: 12   in FES: 7
** Event #1436928   t=4693.604279323485   Elapsed: 4693.42s (1h 18m)  74% completed  (74% total)
     Speed:     ev/sec=444.367   simsec/sec=0.999899   ev/simsec=444.412
     Messages:  created: 179821   present: 23   in FES: 7
** Event #1438208   t=4696.376244629445   Elapsed: 4696.19s (1h 18m)  74% completed  (74% total)
     Speed:     ev/sec=461.797   simsec/sec=1.00007   ev/simsec=461.766
     Messages:  created: 179978   present: 15   in FES: 8
** Event #1438720   t=4698.801134320664   Elapsed: 4698.63s (1h 18m)  74% completed  (74% total)
     Speed:     ev/sec=210.09   simsec/sec=0.995011   ev/simsec=211.144
     Messages:  created: 180040   present: 9   in FES: 5
** Event #1440000   t=4701.503699613536   Elapsed: 4701.34s (1h 18m)  74% completed  (74% total)
     Speed:     ev/sec=471.354   simsec/sec=0.995206   ev/simsec=473.624
     Messages:  created: 180200   present: 9   in FES: 5
** Event #1440768   t=4703.836393244702   Elapsed: 4703.65s (1h 18m)  74% completed  (74% total)
     Speed:     ev/sec=332.823   simsec/sec=1.0109   ev/simsec=329.233
     Messages:  created: 180298   present: 13   in FES: 7
** Event #1441536   t=4706.750668921862   Elapsed: 4706.57s (1h 18m)  74% completed  (74% total)
     Speed:     ev/sec=262.75   simsec/sec=0.997037   ev/simsec=263.53
     Messages:  created: 180392   present: 9   in FES: 5
** Event #1442304   t=4708.79147881394   Elapsed: 4708.61s (1h 18m)  74% completed  (74% total)
     Speed:     ev/sec=377.902   simsec/sec=1.0042   ev/simsec=376.321
     Messages:  created: 180490   present: 13   in FES: 6
** Event #1443072   t=4711.436245128823   Elapsed: 4711.27s (1h 18m)  74% completed  (74% total)
     Speed:     ev/sec=288.498   simsec/sec=0.993501   ev/simsec=290.385
     Messages:  created: 180584   present: 9   in FES: 5
** Event #1443840   t=4713.840585715262   Elapsed: 4713.7s (1h 18m)  74% completed  (74% total)
     Speed:     ev/sec=315.774   simsec/sec=0.988578   ev/simsec=319.422
     Messages:  created: 180680   present: 9   in FES: 5
** Event #1444864   t=4716.376332080982   Elapsed: 4716.23s (1h 18m)  74% completed  (74% total)
     Speed:     ev/sec=404.843   simsec/sec=1.00252   ev/simsec=403.826
     Messages:  created: 180808   present: 9   in FES: 5
** Event #1445376   t=4718.655713901166   Elapsed: 4718.47s (1h 18m)  74% completed  (74% total)
     Speed:     ev/sec=228.514   simsec/sec=1.01732   ev/simsec=224.622
     Messages:  created: 180873   present: 11   in FES: 7
** Event #1446144   t=4720.67316591203   Elapsed: 4720.49s (1h 18m)  74% completed  (74% total)
     Speed:     ev/sec=380.652   simsec/sec=0.999932   ev/simsec=380.678
     Messages:  created: 180969   present: 16   in FES: 8
** Event #1447168   t=4722.955600495455   Elapsed: 4722.77s (1h 18m)  74% completed  (74% total)
     Speed:     ev/sec=448.671   simsec/sec=1.00006   ev/simsec=448.644
     Messages:  created: 181097   present: 15   in FES: 8
** Event #1448192   t=4725.223411676981   Elapsed: 4725.04s (1h 18m)  75% completed  (75% total)
     Speed:     ev/sec=451.534   simsec/sec=0.999993   ev/simsec=451.537
     Messages:  created: 181225   present: 15   in FES: 8
** Event #1448960   t=4727.787775296856   Elapsed: 4727.6s (1h 18m)  75% completed  (75% total)
     Speed:     ev/sec=299.489   simsec/sec=1   ev/simsec=299.49
     Messages:  created: 181321   present: 15   in FES: 8
** Event #1449984   t=4729.965171953628   Elapsed: 4729.79s (1h 18m)  75% completed  (75% total)
     Speed:     ev/sec=469.254   simsec/sec=0.997806   ev/simsec=470.286
     Messages:  created: 181480   present: 98   in FES: 7
** Event #1451520   t=4732.132310269013   Elapsed: 4731.95s (1h 18m)  75% completed  (75% total)
     Speed:     ev/sec=710.328   simsec/sec=1.0022   ev/simsec=708.769
     Messages:  created: 181697   present: 165   in FES: 8
** Event #1452544   t=4734.426819909937   Elapsed: 4734.24s (1h 18m)  75% completed  (75% total)
     Speed:     ev/sec=446.275   simsec/sec=0.999982   ev/simsec=446.283
     Messages:  created: 181790   present: 72   in FES: 8
** Event #1453312   t=4736.531019048586   Elapsed: 4736.35s (1h 18m)  75% completed  (75% total)
     Speed:     ev/sec=364.998   simsec/sec=1.00004   ev/simsec=364.984
     Messages:  created: 181863   present: 9   in FES: 5
** Event #1454336   t=4739.51113190902   Elapsed: 4739.33s (1h 18m)  75% completed  (75% total)
     Speed:     ev/sec=343.595   simsec/sec=0.999953   ev/simsec=343.611
     Messages:  created: 181992   present: 12   in FES: 8
** Event #1455104   t=4741.856565252079   Elapsed: 4741.67s (1h 19m)  75% completed  (75% total)
     Speed:     ev/sec=327.425   simsec/sec=0.99994   ev/simsec=327.445
     Messages:  created: 182086   present: 9   in FES: 5
** Event #1455872   t=4744.407146730246   Elapsed: 4744.22s (1h 19m)  75% completed  (75% total)
     Speed:     ev/sec=301.135   simsec/sec=1.00009   ev/simsec=301.108
     Messages:  created: 182182   present: 9   in FES: 5
** Event #1456640   t=4747.075354525917   Elapsed: 4746.9s (1h 19m)  75% completed  (75% total)
     Speed:     ev/sec=286.744   simsec/sec=0.996213   ev/simsec=287.834
     Messages:  created: 182279   present: 11   in FES: 6
** Event #1458176   t=4749.396195159364   Elapsed: 4749.21s (1h 19m)  75% completed  (75% total)
     Speed:     ev/sec=664.701   simsec/sec=1.00434   ev/simsec=661.829
     Messages:  created: 182488   present: 59   in FES: 8
** Event #1459200   t=4751.417091706654   Elapsed: 4751.23s (1h 19m)  75% completed  (75% total)
     Speed:     ev/sec=506.768   simsec/sec=1.00012   ev/simsec=506.706
     Messages:  created: 182602   present: 22   in FES: 7
** Event #1460480   t=4753.463470112677   Elapsed: 4753.28s (1h 19m)  75% completed  (75% total)
     Speed:     ev/sec=625.492   simsec/sec=0.999995   ev/simsec=625.495
     Messages:  created: 182781   present: 74   in FES: 8
** Event #1461760   t=4755.667387661563   Elapsed: 4755.49s (1h 19m)  75% completed  (75% total)
     Speed:     ev/sec=578.922   simsec/sec=0.996794   ev/simsec=580.784
     Messages:  created: 182928   present: 39   in FES: 7
** Event #1462784   t=4758.38683710981   Elapsed: 4758.2s (1h 19m)  75% completed  (75% total)
     Speed:     ev/sec=377.485   simsec/sec=1.00249   ev/simsec=376.547
     Messages:  created: 183045   present: 9   in FES: 5
** Event #1463552   t=4760.722072620608   Elapsed: 4760.54s (1h 19m)  75% completed  (75% total)
     Speed:     ev/sec=328.876   simsec/sec=1   ev/simsec=328.875
     Messages:  created: 183142   present: 12   in FES: 7
** Event #1464320   t=4762.768362539086   Elapsed: 4762.58s (1h 19m)  75% completed  (75% total)
     Speed:     ev/sec=375.239   simsec/sec=0.999801   ev/simsec=375.313
     Messages:  created: 183239   present: 15   in FES: 7
** Event #1465600   t=4765.503916645871   Elapsed: 4765.32s (1h 19m)  75% completed  (75% total)
     Speed:     ev/sec=468.007   simsec/sec=1.0002   ev/simsec=467.913
     Messages:  created: 183398   present: 11   in FES: 7
** Event #1466368   t=4767.570409929588   Elapsed: 4767.39s (1h 19m)  75% completed  (75% total)
     Speed:     ev/sec=371.631   simsec/sec=0.999964   ev/simsec=371.644
     Messages:  created: 183495   present: 14   in FES: 8
** Event #1467392   t=4769.737322292297   Elapsed: 4769.55s (1h 19m)  75% completed  (75% total)
     Speed:     ev/sec=472.611   simsec/sec=1.0001   ev/simsec=472.562
     Messages:  created: 183622   present: 11   in FES: 7
** Event #1468416   t=4771.873127467811   Elapsed: 4771.69s (1h 19m)  75% completed  (75% total)
     Speed:     ev/sec=479.406   simsec/sec=0.99992   ev/simsec=479.444
     Messages:  created: 183750   present: 11   in FES: 7
** Event #1469184   t=4774.427761658132   Elapsed: 4774.24s (1h 19m)  75% completed  (75% total)
     Speed:     ev/sec=300.639   simsec/sec=1.00003   ev/simsec=300.63
     Messages:  created: 183845   present: 10   in FES: 6
** Event #1469952   t=4777.066080093308   Elapsed: 4776.88s (1h 19m)  75% completed  (75% total)
     Speed:     ev/sec=291.102   simsec/sec=1.00003   ev/simsec=291.095
     Messages:  created: 183942   present: 11   in FES: 7
** Event #1470720   t=4779.561949636652   Elapsed: 4779.38s (1h 19m)  75% completed  (75% total)
     Speed:     ev/sec=307.692   simsec/sec=0.999946   ev/simsec=307.708
     Messages:  created: 184037   present: 14   in FES: 8
** Event #1471232   t=4781.841224789294   Elapsed: 4781.66s (1h 19m)  75% completed  (75% total)
     Speed:     ev/sec=224.624   simsec/sec=0.999961   ev/simsec=224.633
     Messages:  created: 184100   present: 10   in FES: 6
** Event #1472000   t=4785.154303880467   Elapsed: 4784.97s (1h 19m)  75% completed  (75% total)
     Speed:     ev/sec=231.824   simsec/sec=1.00007   ev/simsec=231.809
     Messages:  created: 184196   present: 10   in FES: 6
** Event #1472768   t=4787.88530695643   Elapsed: 4787.7s (1h 19m)  75% completed  (75% total)
     Speed:     ev/sec=281.208   simsec/sec=0.999973   ev/simsec=281.215
     Messages:  created: 184293   present: 13   in FES: 8
** Event #1474048   t=4790.010442779838   Elapsed: 4789.83s (1h 19m)  76% completed  (76% total)
     Speed:     ev/sec=602.311   simsec/sec=0.999994   ev/simsec=602.314
     Messages:  created: 184452   present: 11   in FES: 7
** Event #1475328   t=4792.349782488684   Elapsed: 4792.17s (1h 19m)  76% completed  (76% total)
     Speed:     ev/sec=547.138   simsec/sec=0.999954   ev/simsec=547.163
     Messages:  created: 184612   present: 10   in FES: 6
** Event #1476352   t=4794.700260288827   Elapsed: 4794.52s (1h 19m)  76% completed  (76% total)
     Speed:     ev/sec=435.713   simsec/sec=1.00013   ev/simsec=435.656
     Messages:  created: 184740   present: 11   in FES: 6
** Event #1477120   t=4797.312406947097   Elapsed: 4797.13s (1h 19m)  76% completed  (76% total)
     Speed:     ev/sec=293.99   simsec/sec=0.999928   ev/simsec=294.011
     Messages:  created: 184836   present: 10   in FES: 6
** Event #1478144   t=4799.639398038446   Elapsed: 4799.45s (1h 19m)  76% completed  (76% total)
     Speed:     ev/sec=440.063   simsec/sec=1.00002   ev/simsec=440.053
     Messages:  created: 184965   present: 14   in FES: 7
** Event #1479168   t=4801.749285543731   Elapsed: 4801.56s (1h 20m)  76% completed  (76% total)
     Speed:     ev/sec=485.347   simsec/sec=1.00003   ev/simsec=485.334
     Messages:  created: 185096   present: 21   in FES: 8
** Event #1480704   t=4804.063129932632   Elapsed: 4803.89s (1h 20m)  76% completed  (76% total)
     Speed:     ev/sec=660.664   simsec/sec=0.995231   ev/simsec=663.83
     Messages:  created: 185292   present: 33   in FES: 7
** Event #1481728   t=4806.163983185858   Elapsed: 4805.98s (1h 20m)  76% completed  (76% total)
     Speed:     ev/sec=489.969   simsec/sec=1.00523   ev/simsec=487.421
     Messages:  created: 185413   present: 14   in FES: 7
** Event #1482752   t=4808.316578218044   Elapsed: 4808.14s (1h 20m)  76% completed  (76% total)
     Speed:     ev/sec=472.96   simsec/sec=0.994229   ev/simsec=475.705
     Messages:  created: 185539   present: 9   in FES: 5
** Event #1484032   t=4811.007138102001   Elapsed: 4810.83s (1h 20m)  76% completed  (76% total)
     Speed:     ev/sec=476.42   simsec/sec=1.00144   ev/simsec=475.737
     Messages:  created: 185698   present: 10   in FES: 6
** Event #1485056   t=4813.435327549465   Elapsed: 4813.26s (1h 20m)  76% completed  (76% total)
     Speed:     ev/sec=421.975   simsec/sec=1.00062   ev/simsec=421.713
     Messages:  created: 185826   present: 10   in FES: 6
** Event #1486336   t=4815.76423807423   Elapsed: 4815.59s (1h 20m)  76% completed  (76% total)
     Speed:     ev/sec=549.757   simsec/sec=1.00026   ev/simsec=549.613
     Messages:  created: 185986   present: 10   in FES: 6
** Event #1487360   t=4818.146844209084   Elapsed: 4817.96s (1h 20m)  76% completed  (76% total)
     Speed:     ev/sec=430.995   simsec/sec=1.00282   ev/simsec=429.781
     Messages:  created: 186115   present: 13   in FES: 8
** Event #1488640   t=4820.204978685576   Elapsed: 4820.02s (1h 20m)  76% completed  (76% total)
     Speed:     ev/sec=621.931   simsec/sec=1.00001   ev/simsec=621.922
     Messages:  created: 186276   present: 15   in FES: 8
** Event #1489920   t=4822.552440429917   Elapsed: 4822.37s (1h 20m)  76% completed  (76% total)
     Speed:     ev/sec=545.247   simsec/sec=0.999958   ev/simsec=545.27
     Messages:  created: 186437   present: 17   in FES: 8
** Event #1491200   t=4824.610822785817   Elapsed: 4824.43s (1h 20m)  76% completed  (76% total)
     Speed:     ev/sec=621.783   simsec/sec=0.999896   ev/simsec=621.848
     Messages:  created: 186608   present: 48   in FES: 8
** Event #1492480   t=4826.844529102566   Elapsed: 4826.66s (1h 20m)  76% completed  (76% total)
     Speed:     ev/sec=571.816   simsec/sec=0.997867   ev/simsec=573.039
     Messages:  created: 186757   present: 18   in FES: 7
** Event #1493504   t=4829.009002825427   Elapsed: 4828.82s (1h 20m)  76% completed  (76% total)
     Speed:     ev/sec=474.211   simsec/sec=1.00236   ev/simsec=473.094
     Messages:  created: 186887   present: 24   in FES: 7
** Event #1494784   t=4831.337178684303   Elapsed: 4831.15s (1h 20m)  76% completed  (76% total)
     Speed:     ev/sec=549.716   simsec/sec=0.999871   ev/simsec=549.787
     Messages:  created: 187044   present: 16   in FES: 8
** Event #1496320   t=4833.755119467166   Elapsed: 4833.6s (1h 20m)  76% completed  (76% total)
     Speed:     ev/sec=628.35   simsec/sec=0.989136   ev/simsec=635.251
     Messages:  created: 187234   present: 10   in FES: 6
** Event #1496832   t=4835.840583461802   Elapsed: 4835.66s (1h 20m)  76% completed  (76% total)
     Speed:     ev/sec=248.624   simsec/sec=1.01269   ev/simsec=245.509
     Messages:  created: 187298   present: 10   in FES: 6
** Event #1497600   t=4838.77728439476   Elapsed: 4838.59s (1h 20m)  76% completed  (76% total)
     Speed:     ev/sec=261.57   simsec/sec=1.0002   ev/simsec=261.518
     Messages:  created: 187396   present: 16   in FES: 7
** Event #1498624   t=4841.161955279465   Elapsed: 4840.98s (1h 20m)  76% completed  (76% total)
     Speed:     ev/sec=429.427   simsec/sec=1.00004   ev/simsec=429.409
     Messages:  created: 187521   present: 10   in FES: 6
** Event #1499648   t=4843.974491711784   Elapsed: 4843.8s (1h 20m)  76% completed  (76% total)
     Speed:     ev/sec=362.822   simsec/sec=0.996532   ev/simsec=364.084
     Messages:  created: 187649   present: 11   in FES: 6
** Event #1500672   t=4846.269551601329   Elapsed: 4846.09s (1h 20m)  76% completed  (76% total)
     Speed:     ev/sec=448.07   simsec/sec=1.00424   ev/simsec=446.176
     Messages:  created: 187786   present: 34   in FES: 8
** Event #1501696   t=4848.365767675446   Elapsed: 4848.18s (1h 20m)  76% completed  (76% total)
     Speed:     ev/sec=488.528   simsec/sec=1.00006   ev/simsec=488.499
     Messages:  created: 187906   present: 13   in FES: 8
** Event #1502976   t=4850.6524635831   Elapsed: 4850.47s (1h 20m)  76% completed  (76% total)
     Speed:     ev/sec=559.735   simsec/sec=0.999957   ev/simsec=559.76
     Messages:  created: 188066   present: 13   in FES: 8
** Event #1504256   t=4852.964235225854   Elapsed: 4852.78s (1h 20m)  77% completed  (77% total)
     Speed:     ev/sec=553.714   simsec/sec=1.00005   ev/simsec=553.688
     Messages:  created: 188234   present: 34   in FES: 8
** Event #1505792   t=4855.138279013254   Elapsed: 4854.96s (1h 20m)  77% completed  (77% total)
     Speed:     ev/sec=704.656   simsec/sec=0.997366   ev/simsec=706.518
     Messages:  created: 188426   present: 35   in FES: 6
** Event #1506816   t=4857.498180876863   Elapsed: 4857.33s (1h 20m)  77% completed  (77% total)
     Speed:     ev/sec=431.896   simsec/sec=0.995345   ev/simsec=433.916
     Messages:  created: 188545   present: 11   in FES: 7
** Event #1507584   t=4859.924652800761   Elapsed: 4859.74s (1h 20m)  77% completed  (77% total)
     Speed:     ev/sec=318.71   simsec/sec=1.00695   ev/simsec=316.509
     Messages:  created: 188643   present: 16   in FES: 8
** Event #1508352   t=4862.696097657707   Elapsed: 4862.51s (1h 21m)  77% completed  (77% total)
     Speed:     ev/sec=277.033   simsec/sec=0.999715   ev/simsec=277.112
     Messages:  created: 188737   present: 12   in FES: 7
** Event #1509376   t=4864.908761477886   Elapsed: 4864.73s (1h 21m)  77% completed  (77% total)
     Speed:     ev/sec=460.827   simsec/sec=0.995756   ev/simsec=462.791
     Messages:  created: 188865   present: 12   in FES: 7
** Event #1510400   t=4867.403652831978   Elapsed: 4867.22s (1h 21m)  77% completed  (77% total)
     Speed:     ev/sec=412.115   simsec/sec=1.00408   ev/simsec=410.439
     Messages:  created: 188992   present: 10   in FES: 6
** Event #1511168   t=4869.48281500502   Elapsed: 4869.3s (1h 21m)  77% completed  (77% total)
     Speed:     ev/sec=369.375   simsec/sec=0.999988   ev/simsec=369.38
     Messages:  created: 189087   present: 11   in FES: 6
** Event #1511936   t=4871.558838986716   Elapsed: 4871.38s (1h 21m)  77% completed  (77% total)
     Speed:     ev/sec=369.552   simsec/sec=0.998956   ev/simsec=369.938
     Messages:  created: 189184   present: 13   in FES: 6
** Event #1512448   t=4873.820284576928   Elapsed: 4873.64s (1h 21m)  77% completed  (77% total)
     Speed:     ev/sec=226.627   simsec/sec=1.00098   ev/simsec=226.404
     Messages:  created: 189247   present: 9   in FES: 5
** Event #1513472   t=4876.047250468029   Elapsed: 4875.88s (1h 21m)  77% completed  (77% total)
     Speed:     ev/sec=456.401   simsec/sec=0.992568   ev/simsec=459.818
     Messages:  created: 189379   present: 21   in FES: 7
** Event #1515008   t=4878.147537116171   Elapsed: 4877.96s (1h 21m)  77% completed  (77% total)
     Speed:     ev/sec=737.116   simsec/sec=1.00791   ev/simsec=731.329
     Messages:  created: 189574   present: 28   in FES: 8
** Event #1516288   t=4880.309291295658   Elapsed: 4880.12s (1h 21m)  77% completed  (77% total)
     Speed:     ev/sec=592.136   simsec/sec=1.00004   ev/simsec=592.112
     Messages:  created: 189728   present: 12   in FES: 8
** Event #1517312   t=4882.402326932275   Elapsed: 4882.22s (1h 21m)  77% completed  (77% total)
     Speed:     ev/sec=489.261   simsec/sec=1.00004   ev/simsec=489.242
     Messages:  created: 189855   present: 9   in FES: 5
** Event #1518080   t=4884.544226118766   Elapsed: 4884.36s (1h 21m)  77% completed  (77% total)
     Speed:     ev/sec=358.556   simsec/sec=0.999989   ev/simsec=358.56
     Messages:  created: 189953   present: 15   in FES: 8
** Event #1519360   t=4886.799098375011   Elapsed: 4886.61s (1h 21m)  77% completed  (77% total)
     Speed:     ev/sec=567.65   simsec/sec=0.999984   ev/simsec=567.66
     Messages:  created: 190111   present: 11   in FES: 6
** Event #1520128   t=4889.380255676813   Elapsed: 4889.2s (1h 21m)  77% completed  (77% total)
     Speed:     ev/sec=297.527   simsec/sec=0.999954   ev/simsec=297.541
     Messages:  created: 190207   present: 11   in FES: 7
** Event #1520640   t=4891.382501938578   Elapsed: 4891.2s (1h 21m)  77% completed  (77% total)
     Speed:     ev/sec=255.732   simsec/sec=1.00007   ev/simsec=255.713
     Messages:  created: 190272   present: 12   in FES: 7
** Event #1521408   t=4893.848085431814   Elapsed: 4893.66s (1h 21m)  77% completed  (77% total)
     Speed:     ev/sec=311.487   simsec/sec=0.999997   ev/simsec=311.488
     Messages:  created: 190367   present: 11   in FES: 7
** Event #1521920   t=4896.044582420008   Elapsed: 4895.86s (1h 21m)  77% completed  (77% total)
     Speed:     ev/sec=233.106   simsec/sec=1.00003   ev/simsec=233.098
     Messages:  created: 190432   present: 12   in FES: 7
** Event #1522944   t=4898.063359988177   Elapsed: 4897.88s (1h 21m)  77% completed  (77% total)
     Speed:     ev/sec=507.216   simsec/sec=0.999957   ev/simsec=507.238
     Messages:  created: 190560   present: 12   in FES: 7
** Event #1523712   t=4900.793986802648   Elapsed: 4900.61s (1h 21m)  77% completed  (77% total)
     Speed:     ev/sec=281.255   simsec/sec=1   ev/simsec=281.254
     Messages:  created: 190653   present: 9   in FES: 5
** Event #1524480   t=4902.834962885244   Elapsed: 4902.66s (1h 21m)  77% completed  (77% total)
     Speed:     ev/sec=375.132   simsec/sec=0.996921   ev/simsec=376.291
     Messages:  created: 190751   present: 14   in FES: 7
** Event #1525504   t=4905.289243199524   Elapsed: 4905.1s (1h 21m)  77% completed  (77% total)
     Speed:     ev/sec=418.302   simsec/sec=1.00257   ev/simsec=417.23
     Messages:  created: 190879   present: 15   in FES: 8
** Event #1526528   t=4907.89614805186   Elapsed: 4907.71s (1h 21m)  77% completed  (77% total)
     Speed:     ev/sec=392.73   simsec/sec=0.999815   ev/simsec=392.803
     Messages:  created: 191008   present: 17   in FES: 7
** Event #1527552   t=4910.230822323299   Elapsed: 4910.05s (1h 21m)  77% completed  (77% total)
     Speed:     ev/sec=438.201   simsec/sec=0.999078   ev/simsec=438.605
     Messages:  created: 191136   present: 17   in FES: 7
** Event #1528576   t=4912.550158932306   Elapsed: 4912.37s (1h 21m)  77% completed  (77% total)
     Speed:     ev/sec=442.012   simsec/sec=1.00115   ev/simsec=441.506
     Messages:  created: 191265   present: 19   in FES: 8
** Event #1529344   t=4914.621256591853   Elapsed: 4914.44s (1h 21m)  78% completed  (78% total)
     Speed:     ev/sec=370.62   simsec/sec=0.999467   ev/simsec=370.818
     Messages:  created: 191360   present: 17   in FES: 6
** Event #1530624   t=4917.311408957843   Elapsed: 4917.13s (1h 21m)  78% completed  (78% total)
     Speed:     ev/sec=476.006   simsec/sec=1.00041   ev/simsec=475.809
     Messages:  created: 191518   present: 11   in FES: 6
** Event #1531136   t=4919.473118805747   Elapsed: 4919.29s (1h 21m)  78% completed  (78% total)
     Speed:     ev/sec=236.84   simsec/sec=0.99996   ev/simsec=236.85
     Messages:  created: 191582   present: 12   in FES: 7
** Event #1532416   t=4921.530396992971   Elapsed: 4921.35s (1h 22m)  78% completed  (78% total)
     Speed:     ev/sec=622.19   simsec/sec=1.00001   ev/simsec=622.181
     Messages:  created: 191764   present: 71   in FES: 8
** Event #1533440   t=4923.95632967786   Elapsed: 4923.77s (1h 22m)  78% completed  (78% total)
     Speed:     ev/sec=421.942   simsec/sec=0.999612   ev/simsec=422.106
     Messages:  created: 191872   present: 18   in FES: 7
** Event #1534208   t=4926.23421872495   Elapsed: 4926.05s (1h 22m)  78% completed  (78% total)
     Speed:     ev/sec=337.298   simsec/sec=1.00043   ev/simsec=337.154
     Messages:  created: 191966   present: 12   in FES: 7
** Event #1535232   t=4928.293739652489   Elapsed: 4928.11s (1h 22m)  78% completed  (78% total)
     Speed:     ev/sec=497.232   simsec/sec=1.00006   ev/simsec=497.203
     Messages:  created: 192097   present: 20   in FES: 8
** Event #1536512   t=4930.724317161146   Elapsed: 4930.54s (1h 22m)  78% completed  (78% total)
     Speed:     ev/sec=526.603   simsec/sec=0.99996   ev/simsec=526.624
     Messages:  created: 192252   present: 11   in FES: 6
** Event #1537280   t=4933.157549892948   Elapsed: 4932.99s (1h 22m)  78% completed  (78% total)
     Speed:     ev/sec=313.679   simsec/sec=0.99382   ev/simsec=315.629
     Messages:  created: 192348   present: 11   in FES: 7
** Event #1538304   t=4935.6571269051   Elapsed: 4935.47s (1h 22m)  78% completed  (78% total)
     Speed:     ev/sec=412.123   simsec/sec=1.00599   ev/simsec=409.669
     Messages:  created: 192476   present: 11   in FES: 7
** Event #1539072   t=4937.687509210908   Elapsed: 4937.5s (1h 22m)  78% completed  (78% total)
     Speed:     ev/sec=378.285   simsec/sec=1.00008   ev/simsec=378.254
     Messages:  created: 192571   present: 9   in FES: 5
** Event #1540096   t=4940.147537203088   Elapsed: 4939.96s (1h 22m)  78% completed  (78% total)
     Speed:     ev/sec=416.266   simsec/sec=1.00003   ev/simsec=416.255
     Messages:  created: 192701   present: 14   in FES: 8
** Event #1540864   t=4942.172012096514   Elapsed: 4941.99s (1h 22m)  78% completed  (78% total)
     Speed:     ev/sec=379.358   simsec/sec=1   ev/simsec=379.358
     Messages:  created: 192795   present: 9   in FES: 5
** Event #1541632   t=4944.354088953366   Elapsed: 4944.17s (1h 22m)  78% completed  (78% total)
     Speed:     ev/sec=351.936   simsec/sec=0.999938   ev/simsec=351.958
     Messages:  created: 192891   present: 9   in FES: 5
** Event #1542400   t=4947.375111206553   Elapsed: 4947.2s (1h 22m)  78% completed  (78% total)
     Speed:     ev/sec=253.116   simsec/sec=0.995663   ev/simsec=254.219
     Messages:  created: 192988   present: 11   in FES: 7
** Event #1543424   t=4949.87672779145   Elapsed: 4949.69s (1h 22m)  78% completed  (78% total)
     Speed:     ev/sec=411.514   simsec/sec=1.00532   ev/simsec=409.335
     Messages:  created: 193117   present: 14   in FES: 7
** Event #1544192   t=4952.294007011494   Elapsed: 4952.12s (1h 22m)  78% completed  (78% total)
     Speed:     ev/sec=316.606   simsec/sec=0.996517   ev/simsec=317.713
     Messages:  created: 193212   present: 11   in FES: 6
** Event #1544960   t=4954.732376650034   Elapsed: 4954.55s (1h 22m)  78% completed  (78% total)
     Speed:     ev/sec=316.069   simsec/sec=1.00351   ev/simsec=314.965
     Messages:  created: 193308   present: 10   in FES: 6
** Event #1545728   t=4957.046082306803   Elapsed: 4956.9s (1h 22m)  78% completed  (78% total)
     Speed:     ev/sec=326.257   simsec/sec=0.982895   ev/simsec=331.935
     Messages:  created: 193404   present: 11   in FES: 6
** Event #1546496   t=4959.214897694283   Elapsed: 4959.02s (1h 22m)  78% completed  (78% total)
     Speed:     ev/sec=362.593   simsec/sec=1.02396   ev/simsec=354.11
     Messages:  created: 193499   present: 10   in FES: 7
** Event #1547520   t=4961.785927318844   Elapsed: 4961.6s (1h 22m)  78% completed  (78% total)
     Speed:     ev/sec=396.674   simsec/sec=0.995958   ev/simsec=398.284
     Messages:  created: 193627   present: 11   in FES: 7
** Event #1548288   t=4964.118547064981   Elapsed: 4963.94s (1h 22m)  78% completed  (78% total)
     Speed:     ev/sec=328.326   simsec/sec=0.997212   ev/simsec=329.244
     Messages:  created: 193723   present: 12   in FES: 7
** Event #1549056   t=4966.351997997222   Elapsed: 4966.17s (1h 22m)  78% completed  (78% total)
     Speed:     ev/sec=344.849   simsec/sec=1.00287   ev/simsec=343.862
     Messages:  created: 193818   present: 10   in FES: 6
** Event #1550080   t=4968.661338793368   Elapsed: 4968.48s (1h 22m)  78% completed  (78% total)
     Speed:     ev/sec=443.418   simsec/sec=1   ev/simsec=443.417
     Messages:  created: 193946   present: 10   in FES: 6
** Event #1550592   t=4970.689973931123   Elapsed: 4970.51s (1h 22m)  78% completed  (78% total)
     Speed:     ev/sec=251.294   simsec/sec=0.995671   ev/simsec=252.386
     Messages:  created: 194011   present: 12   in FES: 7
** Event #1551360   t=4973.607935567743   Elapsed: 4973.44s (1h 22m)  78% completed  (78% total)
     Speed:     ev/sec=262.946   simsec/sec=0.999044   ev/simsec=263.197
     Messages:  created: 194107   present: 12   in FES: 7
** Event #1551872   t=4975.787441003312   Elapsed: 4975.6s (1h 22m)  78% completed  (78% total)
     Speed:     ev/sec=236   simsec/sec=1.00462   ev/simsec=234.916
     Messages:  created: 194170   present: 10   in FES: 6
** Event #1552384   t=4977.982898154139   Elapsed: 4977.8s (1h 22m)  79% completed  (79% total)
     Speed:     ev/sec=233.391   simsec/sec=1.00078   ev/simsec=233.209
     Messages:  created: 194234   present: 10   in FES: 6
** Event #1553152   t=4980.395267895328   Elapsed: 4980.23s (1h 23m)  79% completed  (79% total)
     Speed:     ev/sec=315.438   simsec/sec=0.990825   ev/simsec=318.359
     Messages:  created: 194331   present: 13   in FES: 7
** Event #1553920   t=4982.559139046003   Elapsed: 4982.37s (1h 23m)  79% completed  (79% total)
     Speed:     ev/sec=358.585   simsec/sec=1.01033   ev/simsec=354.919
     Messages:  created: 194426   present: 10   in FES: 6
** Event #1554688   t=4984.995593245626   Elapsed: 4984.81s (1h 23m)  79% completed  (79% total)
     Speed:     ev/sec=314.959   simsec/sec=0.999198   ev/simsec=315.212
     Messages:  created: 194523   present: 13   in FES: 7
** Event #1555456   t=4987.439264039258   Elapsed: 4987.25s (1h 23m)  79% completed  (79% total)
     Speed:     ev/sec=314.559   simsec/sec=1.00088   ev/simsec=314.281
     Messages:  created: 194618   present: 10   in FES: 6
** Event #1556224   t=4989.671736924924   Elapsed: 4989.49s (1h 23m)  79% completed  (79% total)
     Speed:     ev/sec=344.03   simsec/sec=1.00005   ev/simsec=344.013
     Messages:  created: 194717   present: 21   in FES: 8
** Event #1557248   t=4991.708912021349   Elapsed: 4991.52s (1h 23m)  79% completed  (79% total)
     Speed:     ev/sec=502.638   simsec/sec=0.999962   ev/simsec=502.657
     Messages:  created: 194847   present: 26   in FES: 8
** Event #1558016   t=4994.14567173122   Elapsed: 4993.96s (1h 23m)  79% completed  (79% total)
     Speed:     ev/sec=315.165   simsec/sec=0.999974   ev/simsec=315.173
     Messages:  created: 194938   present: 13   in FES: 7
** Event #1558784   t=4996.415633974841   Elapsed: 4996.24s (1h 23m)  79% completed  (79% total)
     Speed:     ev/sec=337.204   simsec/sec=0.996667   ev/simsec=338.332
     Messages:  created: 195034   present: 14   in FES: 7
** Event #1559808   t=4998.816202443218   Elapsed: 4998.63s (1h 23m)  79% completed  (79% total)
     Speed:     ev/sec=427.902   simsec/sec=1.00313   ev/simsec=426.566
     Messages:  created: 195161   present: 11   in FES: 7
** Event #1560576   t=5001.215534562505   Elapsed: 5001.03s (1h 23m)  79% completed  (79% total)
     Speed:     ev/sec=320.1   simsec/sec=1.00003   ev/simsec=320.089
     Messages:  created: 195257   present: 11   in FES: 7
** Event #1561344   t=5003.276402648785   Elapsed: 5003.09s (1h 23m)  79% completed  (79% total)
     Speed:     ev/sec=372.63   simsec/sec=0.999923   ev/simsec=372.658
     Messages:  created: 195354   present: 13   in FES: 7
** Event #1562624   t=5005.733896183623   Elapsed: 5005.55s (1h 23m)  79% completed  (79% total)
     Speed:     ev/sec=520.895   simsec/sec=1.00008   ev/simsec=520.856
     Messages:  created: 195513   present: 11   in FES: 7
** Event #1563648   t=5007.757336221072   Elapsed: 5007.57s (1h 23m)  79% completed  (79% total)
     Speed:     ev/sec=506.027   simsec/sec=0.999917   ev/simsec=506.069
     Messages:  created: 195644   present: 20   in FES: 8
** Event #1564672   t=5009.805870340682   Elapsed: 5009.62s (1h 23m)  79% completed  (79% total)
     Speed:     ev/sec=499.244   simsec/sec=0.998748   ev/simsec=499.87
     Messages:  created: 195770   present: 14   in FES: 7
** Event #1565440   t=5011.968100986745   Elapsed: 5011.78s (1h 23m)  79% completed  (79% total)
     Speed:     ev/sec=355.61   simsec/sec=1.00119   ev/simsec=355.189
     Messages:  created: 195865   present: 12   in FES: 8
** Event #1566208   t=5014.326653928013   Elapsed: 5014.14s (1h 23m)  79% completed  (79% total)
     Speed:     ev/sec=325.612   simsec/sec=0.999965   ev/simsec=325.623
     Messages:  created: 195962   present: 13   in FES: 8
** Event #1567488   t=5016.557902130237   Elapsed: 5016.37s (1h 23m)  79% completed  (79% total)
     Speed:     ev/sec=573.749   simsec/sec=1.00014   ev/simsec=573.67
     Messages:  created: 196142   present: 66   in FES: 8
** Event #1568512   t=5019.008670067512   Elapsed: 5018.82s (1h 23m)  79% completed  (79% total)
     Speed:     ev/sec=417.817   simsec/sec=0.999974   ev/simsec=417.828
     Messages:  created: 196249   present: 11   in FES: 7
** Event #1569280   t=5021.298147702982   Elapsed: 5021.11s (1h 23m)  79% completed  (79% total)
     Speed:     ev/sec=335.425   simsec/sec=0.999933   ev/simsec=335.448
     Messages:  created: 196344   present: 12   in FES: 8
** Event #1570048   t=5024.071423923463   Elapsed: 5023.89s (1h 23m)  79% completed  (79% total)
     Speed:     ev/sec=276.938   simsec/sec=1.00003   ev/simsec=276.929
     Messages:  created: 196440   present: 11   in FES: 7
** Event #1570560   t=5026.812101357129   Elapsed: 5026.63s (1h 23m)  79% completed  (79% total)
     Speed:     ev/sec=186.821   simsec/sec=1.00003   ev/simsec=186.815
     Messages:  created: 196504   present: 11   in FES: 7
** Event #1571328   t=5029.416685195614   Elapsed: 5029.23s (1h 23m)  79% completed  (79% total)
     Speed:     ev/sec=294.875   simsec/sec=1.00003   ev/simsec=294.865
     Messages:  created: 196600   present: 11   in FES: 7
** Event #1572096   t=5032.392027313566   Elapsed: 5032.21s (1h 23m)  79% completed  (79% total)
     Speed:     ev/sec=258.105   simsec/sec=0.999937   ev/simsec=258.122
     Messages:  created: 196695   present: 10   in FES: 6
** Event #1572864   t=5035.489286096664   Elapsed: 5035.3s (1h 23m)  79% completed  (79% total)
     Speed:     ev/sec=247.954   simsec/sec=0.999969   ev/simsec=247.961
     Messages:  created: 196791   present: 9   in FES: 5
** Event #1573888   t=5037.617216510359   Elapsed: 5037.43s (1h 23m)  79% completed  (79% total)
     Speed:     ev/sec=480.981   simsec/sec=0.999505   ev/simsec=481.219
     Messages:  created: 196921   present: 15   in FES: 7
** Event #1574400   t=5039.84950535277   Elapsed: 5039.67s (1h 23m)  79% completed  (79% total)
     Speed:     ev/sec=229.385   simsec/sec=1.0001   ev/simsec=229.361
     Messages:  created: 196985   present: 15   in FES: 7
** Event #1575168   t=5042.389246422218   Elapsed: 5042.2s (1h 24m)  80% completed  (80% total)
     Speed:     ev/sec=302.499   simsec/sec=1.00035   ev/simsec=302.393
     Messages:  created: 197079   present: 10   in FES: 6
** Event #1575936   t=5044.772619975387   Elapsed: 5044.59s (1h 24m)  80% completed  (80% total)
     Speed:     ev/sec=322.236   simsec/sec=1.00001   ev/simsec=322.232
     Messages:  created: 197178   present: 18   in FES: 8
** Event #1577472   t=5047.23129095072   Elapsed: 5047.05s (1h 24m)  80% completed  (80% total)
     Speed:     ev/sec=624.765   simsec/sec=1.00006   ev/simsec=624.728
     Messages:  created: 197371   present: 20   in FES: 7
** Event #1578496   t=5049.593503623453   Elapsed: 5049.41s (1h 24m)  80% completed  (80% total)
     Speed:     ev/sec=433.463   simsec/sec=0.999933   ev/simsec=433.492
     Messages:  created: 197495   present: 14   in FES: 8
** Event #1579008   t=5052.462601718289   Elapsed: 5052.28s (1h 24m)  80% completed  (80% total)
     Speed:     ev/sec=178.466   simsec/sec=1.00007   ev/simsec=178.453
     Messages:  created: 197559   present: 13   in FES: 8
** Event #1579776   t=5054.529212653051   Elapsed: 5054.34s (1h 24m)  80% completed  (80% total)
     Speed:     ev/sec=371.596   simsec/sec=0.999929   ev/simsec=371.623
     Messages:  created: 197656   present: 16   in FES: 8
** Event #1581056   t=5056.790752716851   Elapsed: 5056.61s (1h 24m)  80% completed  (80% total)
     Speed:     ev/sec=566.001   simsec/sec=1.00003   ev/simsec=565.986
     Messages:  created: 197842   present: 86   in FES: 8
** Event #1582336   t=5059.22705238884   Elapsed: 5059.04s (1h 24m)  80% completed  (80% total)
     Speed:     ev/sec=525.339   simsec/sec=0.999908   ev/simsec=525.387
     Messages:  created: 197974   present: 12   in FES: 6
** Event #1583360   t=5061.617158523161   Elapsed: 5061.43s (1h 24m)  80% completed  (80% total)
     Speed:     ev/sec=428.41   simsec/sec=0.999947   ev/simsec=428.433
     Messages:  created: 198102   present: 11   in FES: 7
** Event #1584384   t=5064.138106863625   Elapsed: 5063.95s (1h 24m)  80% completed  (80% total)
     Speed:     ev/sec=406.231   simsec/sec=1.00008   ev/simsec=406.196
     Messages:  created: 198230   present: 12   in FES: 8
** Event #1585408   t=5066.254489893461   Elapsed: 5066.07s (1h 24m)  80% completed  (80% total)
     Speed:     ev/sec=482.806   simsec/sec=0.997854   ev/simsec=483.844
     Messages:  created: 198360   present: 17   in FES: 7
** Event #1586432   t=5068.433345892525   Elapsed: 5068.25s (1h 24m)  80% completed  (80% total)
     Speed:     ev/sec=470.995   simsec/sec=1.00218   ev/simsec=469.971
     Messages:  created: 198492   present: 27   in FES: 8
** Event #1587712   t=5070.530813574932   Elapsed: 5070.36s (1h 24m)  80% completed  (80% total)
     Speed:     ev/sec=606.107   simsec/sec=0.993195   ev/simsec=610.26
     Messages:  created: 198654   present: 33   in FES: 7
** Event #1588992   t=5072.981076838075   Elapsed: 5072.8s (1h 24m)  80% completed  (80% total)
     Speed:     ev/sec=525.443   simsec/sec=1.00584   ev/simsec=522.393
     Messages:  created: 198807   present: 13   in FES: 7
** Event #1589760   t=5076.444361501049   Elapsed: 5076.31s (1h 24m)  80% completed  (80% total)
     Speed:     ev/sec=218.479   simsec/sec=0.985226   ev/simsec=221.755
     Messages:  created: 198901   present: 9   in FES: 5
** Event #1591040   t=5078.963987322406   Elapsed: 5078.78s (1h 24m)  80% completed  (80% total)
     Speed:     ev/sec=518.713   simsec/sec=1.02106   ev/simsec=508.012
     Messages:  created: 199071   present: 35   in FES: 8
** Event #1592576   t=5081.388097502984   Elapsed: 5081.2s (1h 24m)  80% completed  (80% total)
     Speed:     ev/sec=633.619   simsec/sec=0.999976   ev/simsec=633.635
     Messages:  created: 199259   present: 29   in FES: 8
** Event #1593600   t=5083.441231004898   Elapsed: 5083.26s (1h 24m)  80% completed  (80% total)
     Speed:     ev/sec=497.392   simsec/sec=0.997277   ev/simsec=498.75
     Messages:  created: 199380   present: 10   in FES: 6
** Event #1594624   t=5086.351671735768   Elapsed: 5086.18s (1h 24m)  80% completed  (80% total)
     Speed:     ev/sec=350.946   simsec/sec=0.997469   ev/simsec=351.837
     Messages:  created: 199508   present: 10   in FES: 6
** Event #1595392   t=5088.425428482673   Elapsed: 5088.24s (1h 24m)  80% completed  (80% total)
     Speed:     ev/sec=372.684   simsec/sec=1.00632   ev/simsec=370.342
     Messages:  created: 199604   present: 9   in FES: 5
** Event #1596160   t=5090.777186050271   Elapsed: 5090.59s (1h 24m)  80% completed  (80% total)
     Speed:     ev/sec=326.533   simsec/sec=0.999903   ev/simsec=326.564
     Messages:  created: 199703   present: 18   in FES: 7
** Event #1597440   t=5092.778232159356   Elapsed: 5092.59s (1h 24m)  80% completed  (80% total)
     Speed:     ev/sec=639.714   simsec/sec=1.00008   ev/simsec=639.665
     Messages:  created: 199874   present: 47   in FES: 8
** Event #1598720   t=5094.87133010279   Elapsed: 5094.69s (1h 24m)  80% completed  (80% total)
     Speed:     ev/sec=611.578   simsec/sec=1.00007   ev/simsec=611.534
     Messages:  created: 200043   present: 70   in FES: 8
** Event #1600000   t=5097.140036744778   Elapsed: 5096.96s (1h 24m)  80% completed  (80% total)
     Speed:     ev/sec=562.554   simsec/sec=0.997086   ev/simsec=564.198
     Messages:  created: 200201   present: 66   in FES: 7
** Event #1600768   t=5099.414146916425   Elapsed: 5099.23s (1h 24m)  80% completed  (80% total)
     Speed:     ev/sec=338.575   simsec/sec=1.00255   ev/simsec=337.715
     Messages:  created: 200276   present: 10   in FES: 5
** Event #1602048   t=5101.500444561033   Elapsed: 5101.32s (1h 25m)  80% completed  (80% total)
     Speed:     ev/sec=612.984   simsec/sec=0.999114   ev/simsec=613.527
     Messages:  created: 200436   present: 11   in FES: 6
** Event #1603072   t=5103.80553360174   Elapsed: 5103.62s (1h 25m)  81% completed  (81% total)
     Speed:     ev/sec=444.76   simsec/sec=1.00118   ev/simsec=444.234
     Messages:  created: 200564   present: 10   in FES: 6
** Event #1604096   t=5106.353629868227   Elapsed: 5106.17s (1h 25m)  81% completed  (81% total)
     Speed:     ev/sec=401.869   simsec/sec=1   ev/simsec=401.869
     Messages:  created: 200692   present: 10   in FES: 6
** Event #1605120   t=5108.673583853553   Elapsed: 5108.49s (1h 25m)  81% completed  (81% total)
     Speed:     ev/sec=441.373   simsec/sec=0.999967   ev/simsec=441.388
     Messages:  created: 200821   present: 14   in FES: 8
** Event #1606400   t=5110.959690721968   Elapsed: 5110.78s (1h 25m)  81% completed  (81% total)
     Speed:     ev/sec=559.915   simsec/sec=1.00002   ev/simsec=559.904
     Messages:  created: 200982   present: 19   in FES: 8
** Event #1607680   t=5113.578937965506   Elapsed: 5113.39s (1h 25m)  81% completed  (81% total)
     Speed:     ev/sec=488.694   simsec/sec=1.00001   ev/simsec=488.69
     Messages:  created: 201141   present: 17   in FES: 8
** Event #1608704   t=5116.082154936191   Elapsed: 5115.9s (1h 25m)  81% completed  (81% total)
     Speed:     ev/sec=409.072   simsec/sec=0.999996   ev/simsec=409.074
     Messages:  created: 201268   present: 15   in FES: 7
** Event #1609472   t=5118.632901426498   Elapsed: 5118.46s (1h 25m)  81% completed  (81% total)
     Speed:     ev/sec=300.17   simsec/sec=0.996949   ev/simsec=301.088
     Messages:  created: 201363   present: 12   in FES: 6
** Event #1610240   t=5120.823535852703   Elapsed: 5120.65s (1h 25m)  81% completed  (81% total)
     Speed:     ev/sec=350.729   simsec/sec=1.00042   ev/simsec=350.583
     Messages:  created: 201459   present: 12   in FES: 6
** Event #1611520   t=5123.297312526251   Elapsed: 5123.11s (1h 25m)  81% completed  (81% total)
     Speed:     ev/sec=518.848   simsec/sec=1.00275   ev/simsec=517.427
     Messages:  created: 201630   present: 41   in FES: 8
** Event #1612288   t=5125.524089258778   Elapsed: 5125.34s (1h 25m)  81% completed  (81% total)
     Speed:     ev/sec=344.892   simsec/sec=0.999997   ev/simsec=344.893
     Messages:  created: 201715   present: 11   in FES: 7
** Event #1613312   t=5128.096216439168   Elapsed: 5127.91s (1h 25m)  81% completed  (81% total)
     Speed:     ev/sec=398.149   simsec/sec=1.00009   ev/simsec=398.114
     Messages:  created: 201843   present: 12   in FES: 7
** Event #1614080   t=5130.467155698549   Elapsed: 5130.28s (1h 25m)  81% completed  (81% total)
     Speed:     ev/sec=323.9   simsec/sec=0.999931   ev/simsec=323.922
     Messages:  created: 201942   present: 20   in FES: 8
** Event #1615104   t=5132.968961171344   Elapsed: 5132.78s (1h 25m)  81% completed  (81% total)
     Speed:     ev/sec=409.323   simsec/sec=1.00005   ev/simsec=409.304
     Messages:  created: 202066   present: 10   in FES: 6
** Event #1615872   t=5134.971911455451   Elapsed: 5134.79s (1h 25m)  81% completed  (81% total)
     Speed:     ev/sec=383.407   simsec/sec=0.999929   ev/simsec=383.434
     Messages:  created: 202163   present: 13   in FES: 7
** Event #1616896   t=5137.520940322134   Elapsed: 5137.34s (1h 25m)  81% completed  (81% total)
     Speed:     ev/sec=401.718   simsec/sec=0.999991   ev/simsec=401.722
     Messages:  created: 202291   present: 11   in FES: 7
** Event #1617664   t=5139.728078536103   Elapsed: 5139.54s (1h 25m)  81% completed  (81% total)
     Speed:     ev/sec=347.953   simsec/sec=0.999974   ev/simsec=347.962
     Messages:  created: 202386   present: 12   in FES: 8
** Event #1618432   t=5141.979411557226   Elapsed: 5141.79s (1h 25m)  81% completed  (81% total)
     Speed:     ev/sec=341.158   simsec/sec=1.00008   ev/simsec=341.131
     Messages:  created: 202482   present: 12   in FES: 7
** Event #1619712   t=5144.264120322722   Elapsed: 5144.08s (1h 25m)  81% completed  (81% total)
     Speed:     ev/sec=559.399   simsec/sec=0.998487   ev/simsec=560.246
     Messages:  created: 202643   present: 16   in FES: 6
** Event #1620480   t=5146.460527619851   Elapsed: 5146.28s (1h 25m)  81% completed  (81% total)
     Speed:     ev/sec=350.211   simsec/sec=1.00157   ev/simsec=349.662
     Messages:  created: 202737   present: 11   in FES: 7
** Event #1621760   t=5148.498317404542   Elapsed: 5148.31s (1h 25m)  81% completed  (81% total)
     Speed:     ev/sec=628.177   simsec/sec=1.00007   ev/simsec=628.132
     Messages:  created: 202910   present: 46   in FES: 8
** Event #1623040   t=5151.131038360061   Elapsed: 5150.95s (1h 25m)  81% completed  (81% total)
     Speed:     ev/sec=486.145   simsec/sec=0.999909   ev/simsec=486.189
     Messages:  created: 203057   present: 10   in FES: 6
** Event #1624064   t=5154.258835177294   Elapsed: 5154.07s (1h 25m)  81% completed  (81% total)
     Speed:     ev/sec=327.398   simsec/sec=1.00004   ev/simsec=327.387
     Messages:  created: 203185   present: 10   in FES: 6
** Event #1624832   t=5156.452434699045   Elapsed: 5156.35s (1h 25m)  81% completed  (81% total)
     Speed:     ev/sec=337.418   simsec/sec=0.96375   ev/simsec=350.109
     Messages:  created: 203280   present: 8   in FES: 4
** Event #1625600   t=5159.048072244694   Elapsed: 5158.86s (1h 25m)  81% completed  (81% total)
     Speed:     ev/sec=305.596   simsec/sec=1.03283   ev/simsec=295.881
     Messages:  created: 203377   present: 11   in FES: 7
** Event #1626624   t=5163.487451092824   Elapsed: 5163.3s (1h 26m)  81% completed  (81% total)
     Speed:     ev/sec=230.654   simsec/sec=0.999963   ev/simsec=230.663
     Messages:  created: 203505   present: 12   in FES: 6
** Event #1626880   t=5165.667915880295   Elapsed: 5165.48s (1h 26m)  81% completed  (81% total)
     Speed:     ev/sec=117.403   simsec/sec=0.999972   ev/simsec=117.406
     Messages:  created: 203539   present: 16   in FES: 8
** Event #1627648   t=5167.72898244784   Elapsed: 5167.54s (1h 26m)  82% completed  (82% total)
     Speed:     ev/sec=372.674   simsec/sec=1.00014   ev/simsec=372.623
     Messages:  created: 203637   present: 22   in FES: 8
** Event #1628928   t=5170.449637769269   Elapsed: 5170.31s (1h 26m)  82% completed  (82% total)
     Speed:     ev/sec=462.068   simsec/sec=0.98213   ev/simsec=470.475
     Messages:  created: 203791   present: 10   in FES: 6
** Event #1629952   t=5172.513364397721   Elapsed: 5172.34s (1h 26m)  82% completed  (82% total)
     Speed:     ev/sec=505.915   simsec/sec=1.0196   ev/simsec=496.19
     Messages:  created: 203922   present: 18   in FES: 6
** Event #1630976   t=5175.609210903977   Elapsed: 5175.42s (1h 26m)  82% completed  (82% total)
     Speed:     ev/sec=331.803   simsec/sec=1.00314   ev/simsec=330.766
     Messages:  created: 204047   present: 9   in FES: 5
** Event #1631488   t=5180.964687102764   Elapsed: 5180.78s (1h 26m)  82% completed  (82% total)
     Speed:     ev/sec=95.6067   simsec/sec=1.00004   ev/simsec=95.6031
     Messages:  created: 204116   present: 23   in FES: 8
** Event #1633024   t=5183.46747029048   Elapsed: 5183.29s (1h 26m)  82% completed  (82% total)
     Speed:     ev/sec=611.042   simsec/sec=0.995642   ev/simsec=613.717
     Messages:  created: 204306   present: 18   in FES: 7
** Event #1634048   t=5185.922500003048   Elapsed: 5185.74s (1h 26m)  82% completed  (82% total)
     Speed:     ev/sec=418.94   simsec/sec=1.0044   ev/simsec=417.103
     Messages:  created: 204432   present: 12   in FES: 7
** Event #1635328   t=5188.337015156443   Elapsed: 5188.15s (1h 26m)  82% completed  (82% total)
     Speed:     ev/sec=530.158   simsec/sec=1.00006   ev/simsec=530.127
     Messages:  created: 204593   present: 14   in FES: 8
** Event #1636352   t=5190.699999632169   Elapsed: 5190.52s (1h 26m)  82% completed  (82% total)
     Speed:     ev/sec=433.351   simsec/sec=1   ev/simsec=433.35
     Messages:  created: 204719   present: 9   in FES: 5
** Event #1637376   t=5192.987664796834   Elapsed: 5192.81s (1h 26m)  82% completed  (82% total)
     Speed:     ev/sec=446.188   simsec/sec=0.996806   ev/simsec=447.618
     Messages:  created: 204847   present: 10   in FES: 6
** Event #1638144   t=5195.052747477851   Elapsed: 5194.87s (1h 26m)  82% completed  (82% total)
     Speed:     ev/sec=373.217   simsec/sec=1.00355   ev/simsec=371.898
     Messages:  created: 204943   present: 9   in FES: 5
** Event #1639168   t=5197.655630891548   Elapsed: 5197.47s (1h 26m)  82% completed  (82% total)
     Speed:     ev/sec=393.405   simsec/sec=0.999988   ev/simsec=393.41
     Messages:  created: 205071   present: 9   in FES: 5
** Event #1639680   t=5199.97397861466   Elapsed: 5199.81s (1h 26m)  82% completed  (82% total)
     Speed:     ev/sec=219.199   simsec/sec=0.99254   ev/simsec=220.847
     Messages:  created: 205134   present: 11   in FES: 7
** Event #1640192   t=5202.053217839213   Elapsed: 5201.87s (1h 26m)  82% completed  (82% total)
     Speed:     ev/sec=248.332   simsec/sec=1.00848   ev/simsec=246.244
     Messages:  created: 205200   present: 16   in FES: 8
** Event #1641216   t=5204.649022293677   Elapsed: 5204.46s (1h 26m)  82% completed  (82% total)
     Speed:     ev/sec=394.479   simsec/sec=0.999991   ev/simsec=394.483
     Messages:  created: 205328   present: 15   in FES: 7
** Event #1641984   t=5206.893154575651   Elapsed: 5206.71s (1h 26m)  82% completed  (82% total)
     Speed:     ev/sec=342.205   simsec/sec=0.999938   ev/simsec=342.226
     Messages:  created: 205422   present: 10   in FES: 6
** Event #1642752   t=5209.967988301843   Elapsed: 5209.81s (1h 26m)  82% completed  (82% total)
     Speed:     ev/sec=247.321   simsec/sec=0.990195   ev/simsec=249.77
     Messages:  created: 205518   present: 11   in FES: 6
** Event #1643520   t=5213.016415448668   Elapsed: 5212.83s (1h 26m)  82% completed  (82% total)
     Speed:     ev/sec=254.476   simsec/sec=1.01009   ev/simsec=251.933
     Messages:  created: 205613   present: 9   in FES: 5
** Event #1644544   t=5215.307287808524   Elapsed: 5215.12s (1h 26m)  82% completed  (82% total)
     Speed:     ev/sec=446.986   simsec/sec=0.999989   ev/simsec=446.991
     Messages:  created: 205744   present: 15   in FES: 8
** Event #1645312   t=5217.863699269832   Elapsed: 5217.68s (1h 26m)  82% completed  (82% total)
     Speed:     ev/sec=300.436   simsec/sec=1.00005   ev/simsec=300.421
     Messages:  created: 205838   present: 10   in FES: 6
** Event #1646080   t=5220.426487253207   Elapsed: 5220.24s (1h 27m)  82% completed  (82% total)
     Speed:     ev/sec=299.664   simsec/sec=0.999969   ev/simsec=299.674
     Messages:  created: 205933   present: 10   in FES: 6
** Event #1646848   t=5223.437954791982   Elapsed: 5223.25s (1h 27m)  82% completed  (82% total)
     Speed:     ev/sec=255.04   simsec/sec=1.00006   ev/simsec=255.025
     Messages:  created: 206029   present: 10   in FES: 6
** Event #1647616   t=5225.717005972306   Elapsed: 5225.53s (1h 27m)  82% completed  (82% total)
     Speed:     ev/sec=336.948   simsec/sec=0.999898   ev/simsec=336.982
     Messages:  created: 206125   present: 10   in FES: 6
** Event #1648896   t=5228.112921618662   Elapsed: 5227.93s (1h 27m)  82% completed  (82% total)
     Speed:     ev/sec=534.282   simsec/sec=1.00007   ev/simsec=534.243
     Messages:  created: 206286   present: 11   in FES: 7
** Event #1649920   t=5230.229223994804   Elapsed: 5230.04s (1h 27m)  83% completed  (83% total)
     Speed:     ev/sec=483.833   simsec/sec=0.999939   ev/simsec=483.863
     Messages:  created: 206412   present: 11   in FES: 7
** Event #1650688   t=5232.383581477936   Elapsed: 5232.2s (1h 27m)  83% completed  (83% total)
     Speed:     ev/sec=356.51   simsec/sec=1.00007   ev/simsec=356.487
     Messages:  created: 206509   present: 12   in FES: 8
** Event #1651456   t=5234.52850447506   Elapsed: 5234.34s (1h 27m)  83% completed  (83% total)
     Speed:     ev/sec=358.024   simsec/sec=0.999915   ev/simsec=358.055
     Messages:  created: 206604   present: 11   in FES: 6
** Event #1652736   t=5236.892477862062   Elapsed: 5236.71s (1h 27m)  83% completed  (83% total)
     Speed:     ev/sec=541.504   simsec/sec=1.00008   ev/simsec=541.461
     Messages:  created: 206765   present: 12   in FES: 8
** Event #1653504   t=5239.441003696102   Elapsed: 5239.26s (1h 27m)  83% completed  (83% total)
     Speed:     ev/sec=301.327   simsec/sec=0.999923   ev/simsec=301.351
     Messages:  created: 206860   present: 9   in FES: 5
** Event #1654272   t=5242.060997986807   Elapsed: 5241.88s (1h 27m)  83% completed  (83% total)
     Speed:     ev/sec=293.122   simsec/sec=0.999972   ev/simsec=293.13
     Messages:  created: 206956   present: 9   in FES: 5
** Event #1655040   t=5244.37406414595   Elapsed: 5244.19s (1h 27m)  83% completed  (83% total)
     Speed:     ev/sec=332.047   simsec/sec=1.00006   ev/simsec=332.027
     Messages:  created: 207052   present: 11   in FES: 7
** Event #1655808   t=5246.577131959955   Elapsed: 5246.39s (1h 27m)  83% completed  (83% total)
     Speed:     ev/sec=348.597   simsec/sec=0.999976   ev/simsec=348.605
     Messages:  created: 207151   present: 19   in FES: 8
** Event #1656832   t=5249.007454325184   Elapsed: 5248.82s (1h 27m)  83% completed  (83% total)
     Speed:     ev/sec=421.378   simsec/sec=1.00008   ev/simsec=421.343
     Messages:  created: 207277   present: 12   in FES: 6
** Event #1657344   t=5251.831240045327   Elapsed: 5251.65s (1h 27m)  83% completed  (83% total)
     Speed:     ev/sec=181.309   simsec/sec=0.999955   ev/simsec=181.317
     Messages:  created: 207340   present: 10   in FES: 6
** Event #1657856   t=5253.872009297004   Elapsed: 5253.69s (1h 27m)  83% completed  (83% total)
     Speed:     ev/sec=250.885   simsec/sec=0.999997   ev/simsec=250.886
     Messages:  created: 207404   present: 11   in FES: 7
** Event #1658624   t=5256.71453244624   Elapsed: 5256.53s (1h 27m)  83% completed  (83% total)
     Speed:     ev/sec=270.184   simsec/sec=1.00001   ev/simsec=270.182
     Messages:  created: 207501   present: 12   in FES: 7
** Event #1659392   t=5259.068339993037   Elapsed: 5258.88s (1h 27m)  83% completed  (83% total)
     Speed:     ev/sec=326.263   simsec/sec=0.999949   ev/simsec=326.28
     Messages:  created: 207596   present: 9   in FES: 5
** Event #1660160   t=5261.101613795577   Elapsed: 5260.92s (1h 27m)  83% completed  (83% total)
     Speed:     ev/sec=377.755   simsec/sec=1.0001   ev/simsec=377.716
     Messages:  created: 207691   present: 12   in FES: 7
** Event #1660928   t=5263.411996272858   Elapsed: 5263.23s (1h 27m)  83% completed  (83% total)
     Speed:     ev/sec=332.273   simsec/sec=0.999582   ev/simsec=332.412
     Messages:  created: 207788   present: 14   in FES: 6
** Event #1661952   t=5265.940950332807   Elapsed: 5265.76s (1h 27m)  83% completed  (83% total)
     Speed:     ev/sec=405.045   simsec/sec=1.00033   ev/simsec=404.91
     Messages:  created: 207915   present: 10   in FES: 6
** Event #1662720   t=5268.436604588937   Elapsed: 5268.25s (1h 27m)  83% completed  (83% total)
     Speed:     ev/sec=307.714   simsec/sec=0.999931   ev/simsec=307.735
     Messages:  created: 208010   present: 9   in FES: 5
** Event #1663744   t=5271.132774786085   Elapsed: 5270.95s (1h 27m)  83% completed  (83% total)
     Speed:     ev/sec=379.801   simsec/sec=1.00001   ev/simsec=379.798
     Messages:  created: 208139   present: 11   in FES: 6
** Event #1664512   t=5273.986836087324   Elapsed: 5273.8s (1h 27m)  83% completed  (83% total)
     Speed:     ev/sec=269.111   simsec/sec=1.00008   ev/simsec=269.09
     Messages:  created: 208234   present: 9   in FES: 5
** Event #1665024   t=5276.630349868152   Elapsed: 5276.48s (1h 27m)  83% completed  (83% total)
     Speed:     ev/sec=191.31   simsec/sec=0.987753   ev/simsec=193.682
     Messages:  created: 208298   present: 9   in FES: 5
** Event #1665792   t=5278.770064112976   Elapsed: 5278.59s (1h 27m)  83% completed  (83% total)
     Speed:     ev/sec=364.488   simsec/sec=1.0155   ev/simsec=358.926
     Messages:  created: 208395   present: 12   in FES: 7
** Event #1666304   t=5281.083319903766   Elapsed: 5280.9s (1h 28m)  83% completed  (83% total)
     Speed:     ev/sec=221.325   simsec/sec=0.999964   ev/simsec=221.333
     Messages:  created: 208458   present: 10   in FES: 6
** Event #1666816   t=5283.751435737244   Elapsed: 5283.57s (1h 28m)  83% completed  (83% total)
     Speed:     ev/sec=191.893   simsec/sec=0.999986   ev/simsec=191.896
     Messages:  created: 208522   present: 10   in FES: 6
** Event #1667584   t=5286.872153977705   Elapsed: 5286.72s (1h 28m)  83% completed  (83% total)
     Speed:     ev/sec=243.46   simsec/sec=0.989286   ev/simsec=246.097
     Messages:  created: 208618   present: 10   in FES: 6
** Event #1668608   t=5289.180566119192   Elapsed: 5289s (1h 28m)  83% completed  (83% total)
     Speed:     ev/sec=450.204   simsec/sec=1.0149   ev/simsec=443.595
     Messages:  created: 208746   present: 10   in FES: 6
** Event #1669376   t=5291.610533486481   Elapsed: 5291.43s (1h 28m)  83% completed  (83% total)
     Speed:     ev/sec=315.856   simsec/sec=0.999375   ev/simsec=316.054
     Messages:  created: 208841   present: 11   in FES: 7
** Event #1670400   t=5294.019333126497   Elapsed: 5293.84s (1h 28m)  84% completed  (84% total)
     Speed:     ev/sec=425.182   simsec/sec=1.00017   ev/simsec=425.108
     Messages:  created: 208969   present: 11   in FES: 6
** Event #1671424   t=5296.234278185443   Elapsed: 5296.05s (1h 28m)  84% completed  (84% total)
     Speed:     ev/sec=462.586   simsec/sec=1.00059   ev/simsec=462.314
     Messages:  created: 209099   present: 17   in FES: 8
** Event #1672448   t=5298.570455003652   Elapsed: 5298.4s (1h 28m)  84% completed  (84% total)
     Speed:     ev/sec=435.216   simsec/sec=0.992912   ev/simsec=438.323
     Messages:  created: 209225   present: 11   in FES: 7
** Event #1673216   t=5300.66859097365   Elapsed: 5300.51s (1h 28m)  84% completed  (84% total)
     Speed:     ev/sec=365.003   simsec/sec=0.997169   ev/simsec=366.039
     Messages:  created: 209321   present: 11   in FES: 6
** Event #1673984   t=5303.107550735224   Elapsed: 5302.92s (1h 28m)  84% completed  (84% total)
     Speed:     ev/sec=317.83   simsec/sec=1.00934   ev/simsec=314.888
     Messages:  created: 209416   present: 9   in FES: 5
** Event #1675008   t=5305.328507303994   Elapsed: 5305.16s (1h 28m)  84% completed  (84% total)
     Speed:     ev/sec=458.584   simsec/sec=0.994624   ev/simsec=461.063
     Messages:  created: 209548   present: 19   in FES: 7
** Event #1675776   t=5308.011119007558   Elapsed: 5307.86s (1h 28m)  84% completed  (84% total)
     Speed:     ev/sec=283.987   simsec/sec=0.991962   ev/simsec=286.288
     Messages:  created: 209641   present: 11   in FES: 7
** Event #1676800   t=5310.219520456159   Elapsed: 5310.04s (1h 28m)  84% completed  (84% total)
     Speed:     ev/sec=470.873   simsec/sec=1.0155   ev/simsec=463.684
     Messages:  created: 209774   present: 25   in FES: 8
** Event #1678080   t=5312.62864724856   Elapsed: 5312.44s (1h 28m)  84% completed  (84% total)
     Speed:     ev/sec=531.348   simsec/sec=1.00007   ev/simsec=531.313
     Messages:  created: 209928   present: 9   in FES: 5
** Event #1678848   t=5315.252715815339   Elapsed: 5315.07s (1h 28m)  84% completed  (84% total)
     Speed:     ev/sec=292.663   simsec/sec=0.999959   ev/simsec=292.675
     Messages:  created: 210025   present: 10   in FES: 6
** Event #1679616   t=5317.839327945858   Elapsed: 5317.66s (1h 28m)  84% completed  (84% total)
     Speed:     ev/sec=296.794   simsec/sec=0.999597   ev/simsec=296.913
     Messages:  created: 210121   present: 11   in FES: 6
** Event #1680384   t=5319.880259375306   Elapsed: 5319.7s (1h 28m)  84% completed  (84% total)
     Speed:     ev/sec=376.493   simsec/sec=1.00052   ev/simsec=376.299
     Messages:  created: 210220   present: 22   in FES: 8
** Event #1681152   t=5322.335971133603   Elapsed: 5322.15s (1h 28m)  84% completed  (84% total)
     Speed:     ev/sec=312.726   simsec/sec=0.999955   ev/simsec=312.74
     Messages:  created: 210313   present: 14   in FES: 8
** Event #1681920   t=5324.91512232265   Elapsed: 5324.73s (1h 28m)  84% completed  (84% total)
     Speed:     ev/sec=297.773   simsec/sec=1   ev/simsec=297.772
     Messages:  created: 210407   present: 10   in FES: 6
** Event #1682432   t=5327.26169770241   Elapsed: 5327.08s (1h 28m)  84% completed  (84% total)
     Speed:     ev/sec=218.203   simsec/sec=1.00006   ev/simsec=218.19
     Messages:  created: 210471   present: 10   in FES: 6
** Event #1682944   t=5329.856251129425   Elapsed: 5329.67s (1h 28m)  84% completed  (84% total)
     Speed:     ev/sec=197.26   simsec/sec=0.999611   ev/simsec=197.336
     Messages:  created: 210536   present: 12   in FES: 7
** Event #1683456   t=5332.106788043725   Elapsed: 5331.92s (1h 28m)  84% completed  (84% total)
     Speed:     ev/sec=227.585   simsec/sec=1.00037   ev/simsec=227.501
     Messages:  created: 210600   present: 11   in FES: 7
** Event #1683968   t=5334.291367429897   Elapsed: 5334.12s (1h 28m)  84% completed  (84% total)
     Speed:     ev/sec=233.409   simsec/sec=0.995901   ev/simsec=234.37
     Messages:  created: 210664   present: 12   in FES: 7
** Event #1684992   t=5337.020941781205   Elapsed: 5336.84s (1h 28m)  84% completed  (84% total)
     Speed:     ev/sec=375.946   simsec/sec=1.00212   ev/simsec=375.15
     Messages:  created: 210792   present: 12   in FES: 7
** Event #1685504   t=5339.418669287147   Elapsed: 5339.23s (1h 28m)  84% completed  (84% total)
     Speed:     ev/sec=213.825   simsec/sec=1.00135   ev/simsec=213.536
     Messages:  created: 210855   present: 10   in FES: 6
** Event #1686272   t=5342.10264842045   Elapsed: 5341.93s (1h 29m)  84% completed  (84% total)
     Speed:     ev/sec=284.476   simsec/sec=0.994178   ev/simsec=286.142
     Messages:  created: 210952   present: 13   in FES: 7
** Event #1687296   t=5344.395433479892   Elapsed: 5344.21s (1h 29m)  84% completed  (84% total)
     Speed:     ev/sec=449.396   simsec/sec=1.00622   ev/simsec=446.618
     Messages:  created: 211080   present: 13   in FES: 6
** Event #1688064   t=5346.712956811404   Elapsed: 5346.53s (1h 29m)  84% completed  (84% total)
     Speed:     ev/sec=331.626   simsec/sec=1.00072   ev/simsec=331.388
     Messages:  created: 211175   present: 10   in FES: 6
** Event #1689344   t=5349.555927536358   Elapsed: 5349.37s (1h 29m)  84% completed  (84% total)
     Speed:     ev/sec=450.228   simsec/sec=0.999989   ev/simsec=450.233
     Messages:  created: 211333   present: 9   in FES: 5
** Event #1690112   t=5352.281077569602   Elapsed: 5352.1s (1h 29m)  84% completed  (84% total)
     Speed:     ev/sec=281.283   simsec/sec=0.998097   ev/simsec=281.819
     Messages:  created: 211431   present: 14   in FES: 7
** Event #1691136   t=5354.415245835108   Elapsed: 5354.23s (1h 29m)  84% completed  (84% total)
     Speed:     ev/sec=480.504   simsec/sec=1.00144   ev/simsec=479.812
     Messages:  created: 211559   present: 14   in FES: 7
** Event #1692160   t=5356.792361900428   Elapsed: 5356.61s (1h 29m)  85% completed  (85% total)
     Speed:     ev/sec=431.124   simsec/sec=1.00081   ev/simsec=430.774
     Messages:  created: 211686   present: 11   in FES: 7
** Event #1692928   t=5358.95127838202   Elapsed: 5358.77s (1h 29m)  85% completed  (85% total)
     Speed:     ev/sec=355.748   simsec/sec=1.00004   ev/simsec=355.734
     Messages:  created: 211782   present: 11   in FES: 7
** Event #1693440   t=5361.085222906547   Elapsed: 5360.9s (1h 29m)  85% completed  (85% total)
     Speed:     ev/sec=239.934   simsec/sec=1.00001   ev/simsec=239.931
     Messages:  created: 211846   present: 11   in FES: 7
** Event #1694464   t=5363.772703024945   Elapsed: 5363.59s (1h 29m)  85% completed  (85% total)
     Speed:     ev/sec=381.045   simsec/sec=1.00005   ev/simsec=381.026
     Messages:  created: 211974   present: 11   in FES: 7
** Event #1694976   t=5366.136228565075   Elapsed: 5365.95s (1h 29m)  85% completed  (85% total)
     Speed:     ev/sec=216.629   simsec/sec=1.00002   ev/simsec=216.626
     Messages:  created: 212038   present: 10   in FES: 6
** Event #1696000   t=5368.297275934319   Elapsed: 5368.11s (1h 29m)  85% completed  (85% total)
     Speed:     ev/sec=473.848   simsec/sec=1.00001   ev/simsec=473.844
     Messages:  created: 212177   present: 40   in FES: 8
** Event #1697024   t=5370.654591229287   Elapsed: 5370.47s (1h 29m)  85% completed  (85% total)
     Speed:     ev/sec=434.396   simsec/sec=1.00001   ev/simsec=434.392
     Messages:  created: 212294   present: 11   in FES: 7
** Event #1697792   t=5372.910677914939   Elapsed: 5372.73s (1h 29m)  85% completed  (85% total)
     Speed:     ev/sec=340.389   simsec/sec=0.999931   ev/simsec=340.412
     Messages:  created: 212390   present: 12   in FES: 7
** Event #1698560   t=5375.785860948448   Elapsed: 5375.6s (1h 29m)  85% completed  (85% total)
     Speed:     ev/sec=267.115   simsec/sec=1.00001   ev/simsec=267.113
     Messages:  created: 212487   present: 13   in FES: 8
** Event #1699328   t=5377.960692525079   Elapsed: 5377.78s (1h 29m)  85% completed  (85% total)
     Speed:     ev/sec=353.076   simsec/sec=0.999845   ev/simsec=353.131
     Messages:  created: 212581   present: 9   in FES: 5
** Event #1699840   t=5380.031785795599   Elapsed: 5379.85s (1h 29m)  85% completed  (85% total)
     Speed:     ev/sec=247.251   simsec/sec=1.00016   ev/simsec=247.212
     Messages:  created: 212644   present: 9   in FES: 5
** Event #1700864   t=5382.347919427717   Elapsed: 5382.16s (1h 29m)  85% completed  (85% total)
     Speed:     ev/sec=442.104   simsec/sec=0.999973   ev/simsec=442.116
     Messages:  created: 212779   present: 29   in FES: 8
** Event #1701632   t=5384.577490774919   Elapsed: 5384.39s (1h 29m)  85% completed  (85% total)
     Speed:     ev/sec=344.467   simsec/sec=1.00002   ev/simsec=344.461
     Messages:  created: 212869   present: 13   in FES: 7
** Event #1702656   t=5386.802445320031   Elapsed: 5386.63s (1h 29m)  85% completed  (85% total)
     Speed:     ev/sec=457.568   simsec/sec=0.994207   ev/simsec=460.234
     Messages:  created: 212998   present: 15   in FES: 6
** Event #1703680   t=5388.994974564593   Elapsed: 5388.81s (1h 29m)  85% completed  (85% total)
     Speed:     ev/sec=469.802   simsec/sec=1.00591   ev/simsec=467.041
     Messages:  created: 213125   present: 12   in FES: 7
** Event #1704704   t=5391.706804693281   Elapsed: 5391.52s (1h 29m)  85% completed  (85% total)
     Speed:     ev/sec=377.632   simsec/sec=1.00007   ev/simsec=377.605
     Messages:  created: 213252   present: 9   in FES: 5
** Event #1705728   t=5393.867153788161   Elapsed: 5393.68s (1h 29m)  85% completed  (85% total)
     Speed:     ev/sec=473.954   simsec/sec=0.999909   ev/simsec=473.997
     Messages:  created: 213385   present: 22   in FES: 8
** Event #1707264   t=5396.273188487666   Elapsed: 5396.09s (1h 29m)  85% completed  (85% total)
     Speed:     ev/sec=638.449   simsec/sec=1.00009   ev/simsec=638.395
     Messages:  created: 213579   present: 27   in FES: 7
** Event #1708544   t=5398.958616436392   Elapsed: 5398.77s (1h 29m)  85% completed  (85% total)
     Speed:     ev/sec=476.627   simsec/sec=0.999959   ev/simsec=476.647
     Messages:  created: 213733   present: 11   in FES: 7
** Event #1709312   t=5401.548770268274   Elapsed: 5401.36s (1h 30m)  85% completed  (85% total)
     Speed:     ev/sec=296.504   simsec/sec=0.99999   ev/simsec=296.507
     Messages:  created: 213829   present: 12   in FES: 6
** Event #1710336   t=5404.313527639471   Elapsed: 5404.13s (1h 30m)  85% completed  (85% total)
     Speed:     ev/sec=370.381   simsec/sec=1.00001   ev/simsec=370.376
     Messages:  created: 213956   present: 11   in FES: 7
** Event #1711360   t=5406.851522407117   Elapsed: 5406.67s (1h 30m)  85% completed  (85% total)
     Speed:     ev/sec=403.468   simsec/sec=1   ev/simsec=403.468
     Messages:  created: 214084   present: 10   in FES: 6
** Event #1712384   t=5409.307139305724   Elapsed: 5409.13s (1h 30m)  85% completed  (85% total)
     Speed:     ev/sec=415.707   simsec/sec=0.996892   ev/simsec=417.003
     Messages:  created: 214210   present: 9   in FES: 5
** Event #1713152   t=5411.844196870977   Elapsed: 5411.66s (1h 30m)  85% completed  (85% total)
     Speed:     ev/sec=303.621   simsec/sec=1.003   ev/simsec=302.713
     Messages:  created: 214308   present: 14   in FES: 8
** Event #1713664   t=5414.427826990947   Elapsed: 5414.24s (1h 30m)  85% completed  (85% total)
     Speed:     ev/sec=198.177   simsec/sec=1.00003   ev/simsec=198.171
     Messages:  created: 214371   present: 12   in FES: 6
** Event #1714176   t=5416.891381934743   Elapsed: 5416.71s (1h 30m)  85% completed  (85% total)
     Speed:     ev/sec=207.626   simsec/sec=0.999019   ev/simsec=207.83
     Messages:  created: 214434   present: 9   in FES: 5
** Event #1714944   t=5419.721669741647   Elapsed: 5419.54s (1h 30m)  86% completed  (86% total)
     Speed:     ev/sec=271.288   simsec/sec=0.999768   ev/simsec=271.35
     Messages:  created: 214530   present: 9   in FES: 5
** Event #1715712   t=5422.494568231355   Elapsed: 5422.34s (1h 30m)  86% completed  (86% total)
     Speed:     ev/sec=274.16   simsec/sec=0.989868   ev/simsec=276.967
     Messages:  created: 214626   present: 9   in FES: 5
** Event #1716224   t=5424.592681377432   Elapsed: 5424.41s (1h 30m)  86% completed  (86% total)
     Speed:     ev/sec=247.564   simsec/sec=1.01449   ev/simsec=244.029
     Messages:  created: 214690   present: 9   in FES: 5
** Event #1716736   t=5427.0106314986   Elapsed: 5426.83s (1h 30m)  86% completed  (86% total)
     Speed:     ev/sec=211.882   simsec/sec=1.00062   ev/simsec=211.75
     Messages:  created: 214755   present: 12   in FES: 7
** Event #1717760   t=5429.439368171003   Elapsed: 5429.27s (1h 30m)  86% completed  (86% total)
     Speed:     ev/sec=419.223   simsec/sec=0.994319   ev/simsec=421.618
     Messages:  created: 214882   present: 9   in FES: 5
** Event #1718528   t=5432.355158996117   Elapsed: 5432.18s (1h 30m)  86% completed  (86% total)
     Speed:     ev/sec=264.108   simsec/sec=1.00271   ev/simsec=263.393
     Messages:  created: 214978   present: 9   in FES: 5
** Event #1719296   t=5435.084144532751   Elapsed: 5434.9s (1h 30m)  86% completed  (86% total)
     Speed:     ev/sec=281.881   simsec/sec=1.00163   ev/simsec=281.423
     Messages:  created: 215074   present: 9   in FES: 5
** Event #1719808   t=5437.715514707509   Elapsed: 5437.53s (1h 30m)  86% completed  (86% total)
     Speed:     ev/sec=194.699   simsec/sec=1.00063   ev/simsec=194.575
     Messages:  created: 215139   present: 12   in FES: 8
** Event #1720320   t=5440.33505819761   Elapsed: 5440.15s (1h 30m)  86% completed  (86% total)
     Speed:     ev/sec=195.442   simsec/sec=0.999941   ev/simsec=195.454
     Messages:  created: 215201   present: 9   in FES: 5
** Event #1720832   t=5442.760530665708   Elapsed: 5442.59s (1h 30m)  86% completed  (86% total)
     Speed:     ev/sec=210.029   simsec/sec=0.994961   ev/simsec=211.093
     Messages:  created: 215265   present: 10   in FES: 6
** Event #1721344   t=5444.785418868874   Elapsed: 5444.6s (1h 30m)  86% completed  (86% total)
     Speed:     ev/sec=254.392   simsec/sec=1.00608   ev/simsec=252.853
     Messages:  created: 215330   present: 13   in FES: 8
** Event #1722112   t=5447.037681872244   Elapsed: 5446.89s (1h 30m)  86% completed  (86% total)
     Speed:     ev/sec=336.017   simsec/sec=0.985416   ev/simsec=340.99
     Messages:  created: 215425   present: 10   in FES: 6
** Event #1723136   t=5449.285447494833   Elapsed: 5449.12s (1h 30m)  86% completed  (86% total)
     Speed:     ev/sec=458.23   simsec/sec=1.00585   ev/simsec=455.564
     Messages:  created: 215553   present: 10   in FES: 6
** Event #1724160   t=5451.766092680395   Elapsed: 5451.58s (1h 30m)  86% completed  (86% total)
     Speed:     ev/sec=416.19   simsec/sec=1.00822   ev/simsec=412.796
     Messages:  created: 215681   present: 9   in FES: 5
** Event #1724672   t=5454.187976921528   Elapsed: 5454s (1h 30m)  86% completed  (86% total)
     Speed:     ev/sec=211.399   simsec/sec=0.999969   ev/simsec=211.406
     Messages:  created: 215747   present: 16   in FES: 8
** Event #1725440   t=5456.459318325919   Elapsed: 5456.27s (1h 30m)  86% completed  (86% total)
     Speed:     ev/sec=338.142   simsec/sec=1.00005   ev/simsec=338.126
     Messages:  created: 215842   present: 12   in FES: 7
** Event #1726208   t=5458.722627666654   Elapsed: 5458.54s (1h 30m)  86% completed  (86% total)
     Speed:     ev/sec=338.722   simsec/sec=0.998218   ev/simsec=339.326
     Messages:  created: 215937   present: 10   in FES: 5
** Event #1726976   t=5461.631460755398   Elapsed: 5461.45s (1h 31m)  86% completed  (86% total)
     Speed:     ev/sec=264.403   simsec/sec=1.00144   ev/simsec=264.023
     Messages:  created: 216033   present: 10   in FES: 6
** Event #1728000   t=5464.473336068387   Elapsed: 5464.29s (1h 31m)  86% completed  (86% total)
     Speed:     ev/sec=360.312   simsec/sec=0.999962   ev/simsec=360.325
     Messages:  created: 216161   present: 10   in FES: 6
** Event #1728768   t=5467.013547750689   Elapsed: 5466.83s (1h 31m)  86% completed  (86% total)
     Speed:     ev/sec=302.346   simsec/sec=1.00003   ev/simsec=302.337
     Messages:  created: 216257   present: 10   in FES: 6
** Event #1729792   t=5469.095131068999   Elapsed: 5468.91s (1h 31m)  86% completed  (86% total)
     Speed:     ev/sec=491.889   simsec/sec=0.99991   ev/simsec=491.933
     Messages:  created: 216388   present: 18   in FES: 7
** Event #1730560   t=5471.336650054943   Elapsed: 5471.15s (1h 31m)  86% completed  (86% total)
     Speed:     ev/sec=342.622   simsec/sec=0.999991   ev/simsec=342.625
     Messages:  created: 216479   present: 9   in FES: 5
** Event #1731328   t=5473.570212640458   Elapsed: 5473.39s (1h 31m)  86% completed  (86% total)
     Speed:     ev/sec=343.889   simsec/sec=1.00013   ev/simsec=343.845
     Messages:  created: 216578   present: 16   in FES: 8
** Event #1732352   t=5476.437586458682   Elapsed: 5476.25s (1h 31m)  86% completed  (86% total)
     Speed:     ev/sec=357.089   simsec/sec=0.99991   ev/simsec=357.121
     Messages:  created: 216704   present: 11   in FES: 7
** Event #1733120   t=5478.765114066123   Elapsed: 5478.59s (1h 31m)  86% completed  (86% total)
     Speed:     ev/sec=329.106   simsec/sec=0.9974   ev/simsec=329.964
     Messages:  created: 216800   present: 12   in FES: 7
** Event #1733888   t=5480.804457331845   Elapsed: 5480.62s (1h 31m)  86% completed  (86% total)
     Speed:     ev/sec=377.751   simsec/sec=1.00308   ev/simsec=376.592
     Messages:  created: 216895   present: 10   in FES: 6
** Event #1734400   t=5483.1689532523   Elapsed: 5482.98s (1h 31m)  87% completed  (87% total)
     Speed:     ev/sec=216.517   simsec/sec=0.999911   ev/simsec=216.537
     Messages:  created: 216959   present: 10   in FES: 6
** Event #1735168   t=5485.412753283106   Elapsed: 5485.23s (1h 31m)  87% completed  (87% total)
     Speed:     ev/sec=342.304   simsec/sec=1.00008   ev/simsec=342.276
     Messages:  created: 217055   present: 10   in FES: 6
** Event #1735936   t=5487.529616965379   Elapsed: 5487.35s (1h 31m)  87% completed  (87% total)
     Speed:     ev/sec=362.768   simsec/sec=0.999909   ev/simsec=362.801
     Messages:  created: 217153   present: 14   in FES: 7
** Event #1736960   t=5490.238891802127   Elapsed: 5490.05s (1h 31m)  87% completed  (87% total)
     Speed:     ev/sec=377.98   simsec/sec=1.00005   ev/simsec=377.961
     Messages:  created: 217280   present: 11   in FES: 7
** Event #1737984   t=5492.545042445855   Elapsed: 5492.36s (1h 31m)  87% completed  (87% total)
     Speed:     ev/sec=444.016   simsec/sec=0.999969   ev/simsec=444.03
     Messages:  created: 217407   present: 9   in FES: 5
** Event #1738752   t=5494.745439725917   Elapsed: 5494.56s (1h 31m)  87% completed  (87% total)
     Speed:     ev/sec=348.69   simsec/sec=0.999031   ev/simsec=349.028
     Messages:  created: 217504   present: 12   in FES: 6
** Event #1739520   t=5496.939271388561   Elapsed: 5496.77s (1h 31m)  87% completed  (87% total)
     Speed:     ev/sec=348.764   simsec/sec=0.996262   ev/simsec=350.072
     Messages:  created: 217600   present: 12   in FES: 7
** Event #1740288   t=5499.226155   Elapsed: 5499.04s (1h 31m)  87% completed  (87% total)
     Speed:     ev/sec=337.34   simsec/sec=1.0045   ev/simsec=335.828
     Messages:  created: 217704   present: 34   in FES: 8
** Event #1741312   t=5502.084430128143   Elapsed: 5501.9s (1h 31m)  87% completed  (87% total)
     Speed:     ev/sec=358.266   simsec/sec=1.00002   ev/simsec=358.258
     Messages:  created: 217823   present: 12   in FES: 8
** Event #1741824   t=5504.09269759464   Elapsed: 5503.91s (1h 31m)  87% completed  (87% total)
     Speed:     ev/sec=254.94   simsec/sec=0.999977   ev/simsec=254.946
     Messages:  created: 217886   present: 10   in FES: 6
** Event #1742336   t=5506.771925555187   Elapsed: 5506.59s (1h 31m)  87% completed  (87% total)
     Speed:     ev/sec=191.115   simsec/sec=1.00008   ev/simsec=191.1
     Messages:  created: 217950   present: 9   in FES: 5
** Event #1743104   t=5509.135065858785   Elapsed: 5508.95s (1h 31m)  87% completed  (87% total)
     Speed:     ev/sec=324.984   simsec/sec=0.999977   ev/simsec=324.991
     Messages:  created: 218049   present: 17   in FES: 8
** Event #1743872   t=5511.529790107924   Elapsed: 5511.35s (1h 31m)  87% completed  (87% total)
     Speed:     ev/sec=320.704   simsec/sec=0.999998   ev/simsec=320.705
     Messages:  created: 218142   present: 10   in FES: 6
** Event #1744640   t=5515.136612060067   Elapsed: 5514.95s (1h 31m)  87% completed  (87% total)
     Speed:     ev/sec=212.934   simsec/sec=1.00002   ev/simsec=212.93
     Messages:  created: 218238   present: 11   in FES: 7
** Event #1745152   t=5517.274532345865   Elapsed: 5517.09s (1h 31m)  87% completed  (87% total)
     Speed:     ev/sec=239.464   simsec/sec=0.999913   ev/simsec=239.485
     Messages:  created: 218302   present: 9   in FES: 5
** Event #1746432   t=5519.658782427537   Elapsed: 5519.47s (1h 31m)  87% completed  (87% total)
     Speed:     ev/sec=536.868   simsec/sec=1.00002   ev/simsec=536.856
     Messages:  created: 218474   present: 42   in FES: 8
** Event #1747456   t=5522.534213611762   Elapsed: 5522.35s (1h 32m)  87% completed  (87% total)
     Speed:     ev/sec=356.134   simsec/sec=1.00004   ev/simsec=356.121
     Messages:  created: 218589   present: 9   in FES: 5
** Event #1748480   t=5525.104971971888   Elapsed: 5524.92s (1h 32m)  87% completed  (87% total)
     Speed:     ev/sec=398.314   simsec/sec=0.999969   ev/simsec=398.326
     Messages:  created: 218718   present: 12   in FES: 7
** Event #1749760   t=5527.743288302745   Elapsed: 5527.56s (1h 32m)  87% completed  (87% total)
     Speed:     ev/sec=485.18   simsec/sec=1.00005   ev/simsec=485.158
     Messages:  created: 218878   present: 10   in FES: 6
** Event #1750272   t=5529.941048298889   Elapsed: 5529.76s (1h 32m)  87% completed  (87% total)
     Speed:     ev/sec=232.944   simsec/sec=0.999914   ev/simsec=232.964
     Messages:  created: 218942   present: 14   in FES: 8
** Event #1751040   t=5533.039053030259   Elapsed: 5532.85s (1h 32m)  87% completed  (87% total)
     Speed:     ev/sec=247.893   simsec/sec=0.999964   ev/simsec=247.901
     Messages:  created: 219036   present: 9   in FES: 5
** Event #1751552   t=5535.359102403624   Elapsed: 5535.17s (1h 32m)  87% completed  (87% total)
     Speed:     ev/sec=220.681   simsec/sec=0.999983   ev/simsec=220.685
     Messages:  created: 219100   present: 10   in FES: 6
** Event #1752064   t=5537.528977121464   Elapsed: 5537.34s (1h 32m)  87% completed  (87% total)
     Speed:     ev/sec=235.997   simsec/sec=1.00017   ev/simsec=235.958
     Messages:  created: 219165   present: 11   in FES: 7
** Event #1752576   t=5539.692554538806   Elapsed: 5539.51s (1h 32m)  87% completed  (87% total)
     Speed:     ev/sec=236.649   simsec/sec=1.00002   ev/simsec=236.645
     Messages:  created: 219228   present: 10   in FES: 6
** Event #1753088   t=5542.098276273938   Elapsed: 5541.91s (1h 32m)  87% completed  (87% total)
     Speed:     ev/sec=212.82   simsec/sec=0.99997   ev/simsec=212.826
     Messages:  created: 219292   present: 10   in FES: 6
** Event #1753600   t=5544.347678615117   Elapsed: 5544.16s (1h 32m)  88% completed  (88% total)
     Speed:     ev/sec=227.612   simsec/sec=0.999982   ev/simsec=227.616
     Messages:  created: 219356   present: 10   in FES: 6
** Event #1754112   t=5546.480088441071   Elapsed: 5546.31s (1h 32m)  88% completed  (88% total)
     Speed:     ev/sec=238.966   simsec/sec=0.995259   ev/simsec=240.104
     Messages:  created: 219422   present: 15   in FES: 7
** Event #1754880   t=5548.911270181979   Elapsed: 5548.73s (1h 32m)  88% completed  (88% total)
     Speed:     ev/sec=317.215   simsec/sec=1.00418   ev/simsec=315.896
     Messages:  created: 219517   present: 11   in FES: 7
** Event #1755648   t=5551.204096912732   Elapsed: 5551.02s (1h 32m)  88% completed  (88% total)
     Speed:     ev/sec=334.966   simsec/sec=1.00003   ev/simsec=334.958
     Messages:  created: 219617   present: 22   in FES: 8
** Event #1756928   t=5553.618116540976   Elapsed: 5553.43s (1h 32m)  88% completed  (88% total)
     Speed:     ev/sec=530.196   simsec/sec=0.999925   ev/simsec=530.236
     Messages:  created: 219773   present: 12   in FES: 7
** Event #1757696   t=5556.176911620189   Elapsed: 5555.99s (1h 32m)  88% completed  (88% total)
     Speed:     ev/sec=300.14   simsec/sec=0.999997   ev/simsec=300.141
     Messages:  created: 219868   present: 9   in FES: 5
** Event #1758720   t=5558.502567615581   Elapsed: 5558.32s (1h 32m)  88% completed  (88% total)
     Speed:     ev/sec=440.33   simsec/sec=1.00006   ev/simsec=440.306
     Messages:  created: 219997   present: 11   in FES: 7
** Event #1760000   t=5561.212494766951   Elapsed: 5561.03s (1h 32m)  88% completed  (88% total)
     Speed:     ev/sec=472.337   simsec/sec=0.999999   ev/simsec=472.337
     Messages:  created: 220155   present: 11   in FES: 6
** Event #1761280   t=5563.485201222707   Elapsed: 5563.3s (1h 32m)  88% completed  (88% total)
     Speed:     ev/sec=563.2   simsec/sec=0.99999   ev/simsec=563.205
     Messages:  created: 220321   present: 27   in FES: 8
** Event #1762048   t=5565.874189881382   Elapsed: 5565.69s (1h 32m)  88% completed  (88% total)
     Speed:     ev/sec=321.48   simsec/sec=1.00002   ev/simsec=321.475
     Messages:  created: 220411   present: 11   in FES: 7
** Event #1762816   t=5567.899308978694   Elapsed: 5567.71s (1h 32m)  88% completed  (88% total)
     Speed:     ev/sec=379.269   simsec/sec=1.00008   ev/simsec=379.237
     Messages:  created: 220513   present: 26   in FES: 8
** Event #1763584   t=5570.115819951686   Elapsed: 5569.93s (1h 32m)  88% completed  (88% total)
     Speed:     ev/sec=346.466   simsec/sec=0.999928   ev/simsec=346.491
     Messages:  created: 220603   present: 10   in FES: 6
** Event #1764096   t=5572.181110908706   Elapsed: 5572s (1h 32m)  88% completed  (88% total)
     Speed:     ev/sec=247.901   simsec/sec=0.999976   ev/simsec=247.907
     Messages:  created: 220667   present: 10   in FES: 6
** Event #1764608   t=5574.2296451407   Elapsed: 5574.09s (1h 32m)  88% completed  (88% total)
     Speed:     ev/sec=244.525   simsec/sec=0.978354   ev/simsec=249.935
     Messages:  created: 220730   present: 8   in FES: 4
** Event #1765376   t=5576.763912877545   Elapsed: 5576.58s (1h 32m)  88% completed  (88% total)
     Speed:     ev/sec=308.562   simsec/sec=1.0182   ev/simsec=303.046
     Messages:  created: 220827   present: 10   in FES: 6
** Event #1766400   t=5579.15568133334   Elapsed: 5578.97s (1h 32m)  88% completed  (88% total)
     Speed:     ev/sec=428.155   simsec/sec=1.00005   ev/simsec=428.135
     Messages:  created: 220955   present: 11   in FES: 7
** Event #1767680   t=5581.557151529947   Elapsed: 5581.37s (1h 33m)  88% completed  (88% total)
     Speed:     ev/sec=532.98   simsec/sec=0.99995   ev/simsec=533.007
     Messages:  created: 221116   present: 13   in FES: 8
** Event #1768960   t=5583.926348632541   Elapsed: 5583.74s (1h 33m)  88% completed  (88% total)
     Speed:     ev/sec=540.318   simsec/sec=1.00009   ev/simsec=540.267
     Messages:  created: 221279   present: 22   in FES: 8
** Event #1769984   t=5586.228210737199   Elapsed: 5586.04s (1h 33m)  88% completed  (88% total)
     Speed:     ev/sec=444.82   simsec/sec=0.999917   ev/simsec=444.857
     Messages:  created: 221406   present: 19   in FES: 8
** Event #1770752   t=5588.441409166262   Elapsed: 5588.26s (1h 33m)  88% completed  (88% total)
     Speed:     ev/sec=347.015   simsec/sec=1.00002   ev/simsec=347.009
     Messages:  created: 221499   present: 11   in FES: 6
** Event #1771520   t=5590.952120793733   Elapsed: 5590.77s (1h 33m)  88% completed  (88% total)
     Speed:     ev/sec=305.882   simsec/sec=0.999976   ev/simsec=305.889
     Messages:  created: 221594   present: 13   in FES: 8
** Event #1772288   t=5593.247729293128   Elapsed: 5593.09s (1h 33m)  88% completed  (88% total)
     Speed:     ev/sec=330.875   simsec/sec=0.98901   ev/simsec=334.552
     Messages:  created: 221689   present: 10   in FES: 6
** Event #1772800   t=5595.502336072882   Elapsed: 5595.32s (1h 33m)  88% completed  (88% total)
     Speed:     ev/sec=229.707   simsec/sec=1.01152   ev/simsec=227.091
     Messages:  created: 221755   present: 14   in FES: 7
** Event #1773568   t=5597.829248946506   Elapsed: 5597.65s (1h 33m)  88% completed  (88% total)
     Speed:     ev/sec=328.844   simsec/sec=0.996344   ev/simsec=330.051
     Messages:  created: 221849   present: 10   in FES: 6
** Event #1774336   t=5600.043210835598   Elapsed: 5599.86s (1h 33m)  88% completed  (88% total)
     Speed:     ev/sec=348.23   simsec/sec=1.00386   ev/simsec=346.889
     Messages:  created: 221946   present: 12   in FES: 8
** Event #1775360   t=5602.703020104707   Elapsed: 5602.52s (1h 33m)  88% completed  (88% total)
     Speed:     ev/sec=384.994   simsec/sec=1.00001   ev/simsec=384.99
     Messages:  created: 222074   present: 13   in FES: 8
** Event #1776128   t=5604.940691097932   Elapsed: 5604.78s (1h 33m)  88% completed  (88% total)
     Speed:     ev/sec=339.993   simsec/sec=0.990614   ev/simsec=343.214
     Messages:  created: 222169   present: 10   in FES: 6
** Event #1777152   t=5607.828835138243   Elapsed: 5607.64s (1h 33m)  89% completed  (89% total)
     Speed:     ev/sec=357.119   simsec/sec=1.00724   ev/simsec=354.553
     Messages:  created: 222297   present: 10   in FES: 6
** Event #1778176   t=5610.213153623744   Elapsed: 5610.03s (1h 33m)  89% completed  (89% total)
     Speed:     ev/sec=429.56   simsec/sec=1.0002   ev/simsec=429.473
     Messages:  created: 222433   present: 32   in FES: 8
** Event #1778944   t=5612.382140622183   Elapsed: 5612.21s (1h 33m)  89% completed  (89% total)
     Speed:     ev/sec=351.929   simsec/sec=0.993918   ev/simsec=354.082
     Messages:  created: 222521   present: 10   in FES: 6
** Event #1779968   t=5614.655871498163   Elapsed: 5614.47s (1h 33m)  89% completed  (89% total)
     Speed:     ev/sec=452.976   simsec/sec=1.00581   ev/simsec=450.361
     Messages:  created: 222661   present: 41   in FES: 8
** Event #1781248   t=5616.660091299478   Elapsed: 5616.48s (1h 33m)  89% completed  (89% total)
     Speed:     ev/sec=638.648   simsec/sec=0.999992   ev/simsec=638.653
     Messages:  created: 222827   present: 57   in FES: 8
** Event #1782528   t=5618.827174123147   Elapsed: 5618.64s (1h 33m)  89% completed  (89% total)
     Speed:     ev/sec=590.643   simsec/sec=0.999979   ev/simsec=590.656
     Messages:  created: 222983   present: 48   in FES: 8
** Event #1783552   t=5620.997785453307   Elapsed: 5620.81s (1h 33m)  89% completed  (89% total)
     Speed:     ev/sec=471.783   simsec/sec=1.00006   ev/simsec=471.756
     Messages:  created: 223098   present: 15   in FES: 8
** Event #1784576   t=5623.044991598275   Elapsed: 5622.87s (1h 33m)  89% completed  (89% total)
     Speed:     ev/sec=498.936   simsec/sec=0.997486   ev/simsec=500.194
     Messages:  created: 223224   present: 11   in FES: 7
** Event #1785600   t=5625.362315187977   Elapsed: 5625.18s (1h 33m)  89% completed  (89% total)
     Speed:     ev/sec=442.835   simsec/sec=1.00214   ev/simsec=441.889
     Messages:  created: 223353   present: 13   in FES: 7
** Event #1786624   t=5627.370574935659   Elapsed: 5627.19s (1h 33m)  89% completed  (89% total)
     Speed:     ev/sec=509.943   simsec/sec=1.0001   ev/simsec=509.894
     Messages:  created: 223485   present: 23   in FES: 7
** Event #1787648   t=5629.874710071607   Elapsed: 5629.69s (1h 33m)  89% completed  (89% total)
     Speed:     ev/sec=408.89   simsec/sec=0.999919   ev/simsec=408.924
     Messages:  created: 223608   present: 10   in FES: 6
** Event #1788416   t=5632.105958387434   Elapsed: 5631.92s (1h 33m)  89% completed  (89% total)
     Speed:     ev/sec=344.219   simsec/sec=1.00005   ev/simsec=344.202
     Messages:  created: 223705   present: 14   in FES: 8
** Event #1789184   t=5634.106516220197   Elapsed: 5633.94s (1h 33m)  89% completed  (89% total)
     Speed:     ev/sec=381.266   simsec/sec=0.993158   ev/simsec=383.893
     Messages:  created: 223800   present: 11   in FES: 7
** Event #1790464   t=5636.296899456983   Elapsed: 5636.11s (1h 33m)  89% completed  (89% total)
     Speed:     ev/sec=588.096   simsec/sec=1.00637   ev/simsec=584.373
     Messages:  created: 223974   present: 48   in FES: 8
** Event #1791488   t=5638.335308059593   Elapsed: 5638.15s (1h 33m)  89% completed  (89% total)
     Speed:     ev/sec=502.381   simsec/sec=1.00006   ev/simsec=502.353
     Messages:  created: 224090   present: 15   in FES: 8
** Event #1792256   t=5640.392099643431   Elapsed: 5640.21s (1h 34m)  89% completed  (89% total)
     Speed:     ev/sec=373.348   simsec/sec=0.99987   ev/simsec=373.397
     Messages:  created: 224184   present: 12   in FES: 6
** Event #1792768   t=5643.13358808734   Elapsed: 5642.95s (1h 34m)  89% completed  (89% total)
     Speed:     ev/sec=186.766   simsec/sec=1.00003   ev/simsec=186.76
     Messages:  created: 224249   present: 14   in FES: 8
** Event #1793536   t=5645.921816530219   Elapsed: 5645.74s (1h 34m)  89% completed  (89% total)
     Speed:     ev/sec=275.449   simsec/sec=1.00002   ev/simsec=275.444
     Messages:  created: 224343   present: 10   in FES: 6
** Event #1794048   t=5648.175574346193   Elapsed: 5647.99s (1h 34m)  89% completed  (89% total)
     Speed:     ev/sec=227.183   simsec/sec=1.00003   ev/simsec=227.176
     Messages:  created: 224409   present: 15   in FES: 8
** Event #1794816   t=5650.665840047897   Elapsed: 5650.48s (1h 34m)  89% completed  (89% total)
     Speed:     ev/sec=308.373   simsec/sec=0.999908   ev/simsec=308.401
     Messages:  created: 224502   present: 9   in FES: 5
** Event #1795584   t=5653.139974455362   Elapsed: 5652.96s (1h 34m)  89% completed  (89% total)
     Speed:     ev/sec=310.418   simsec/sec=1.00002   ev/simsec=310.412
     Messages:  created: 224598   present: 9   in FES: 5
** Event #1796096   t=5655.498342525045   Elapsed: 5655.31s (1h 34m)  89% completed  (89% total)
     Speed:     ev/sec=217.115   simsec/sec=1.00007   ev/simsec=217.099
     Messages:  created: 224662   present: 9   in FES: 5
** Event #1796608   t=5658.080820348842   Elapsed: 5657.9s (1h 34m)  89% completed  (89% total)
     Speed:     ev/sec=198.253   simsec/sec=0.999967   ev/simsec=198.259
     Messages:  created: 224726   present: 11   in FES: 7
** Event #1797376   t=5660.587934891149   Elapsed: 5660.41s (1h 34m)  89% completed  (89% total)
     Speed:     ev/sec=305.349   simsec/sec=0.996804   ev/simsec=306.328
     Messages:  created: 224823   present: 13   in FES: 7
** Event #1798656   t=5663.021383056713   Elapsed: 5662.84s (1h 34m)  89% completed  (89% total)
     Speed:     ev/sec=527.74   simsec/sec=1.0033   ev/simsec=526.003
     Messages:  created: 224985   present: 18   in FES: 7
** Event #1799424   t=5665.474119351958   Elapsed: 5665.29s (1h 34m)  89% completed  (89% total)
     Speed:     ev/sec=313.117   simsec/sec=0.99999   ev/simsec=313.12
     Messages:  created: 225079   present: 12   in FES: 7
** Event #1800448   t=5667.850469003014   Elapsed: 5667.67s (1h 34m)  89% completed  (89% total)
     Speed:     ev/sec=430.938   simsec/sec=1.00006   ev/simsec=430.913
     Messages:  created: 225208   present: 16   in FES: 8
** Event #1801216   t=5670.280784043826   Elapsed: 5670.1s (1h 34m)  90% completed  (90% total)
     Speed:     ev/sec=315.986   simsec/sec=0.999928   ev/simsec=316.008
     Messages:  created: 225303   present: 12   in FES: 8
** Event #1801728   t=5672.397940577612   Elapsed: 5672.21s (1h 34m)  90% completed  (90% total)
     Speed:     ev/sec=241.831   simsec/sec=0.99999   ev/simsec=241.834
     Messages:  created: 225366   present: 10   in FES: 6
** Event #1802496   t=5674.996144172263   Elapsed: 5674.81s (1h 34m)  90% completed  (90% total)
     Speed:     ev/sec=295.612   simsec/sec=1.00008   ev/simsec=295.589
     Messages:  created: 225462   present: 11   in FES: 7
** Event #1803264   t=5677.070480840665   Elapsed: 5676.89s (1h 34m)  90% completed  (90% total)
     Speed:     ev/sec=370.197   simsec/sec=0.999886   ev/simsec=370.239
     Messages:  created: 225558   present: 10   in FES: 6
** Event #1804032   t=5679.296640441981   Elapsed: 5679.11s (1h 34m)  90% completed  (90% total)
     Speed:     ev/sec=345.035   simsec/sec=1.00013   ev/simsec=344.989
     Messages:  created: 225657   present: 21   in FES: 8
** Event #1804800   t=5681.342434983082   Elapsed: 5681.16s (1h 34m)  90% completed  (90% total)
     Speed:     ev/sec=375.404   simsec/sec=0.999999   ev/simsec=375.404
     Messages:  created: 225749   present: 11   in FES: 7
** Event #1805312   t=5683.578581297265   Elapsed: 5683.39s (1h 34m)  90% completed  (90% total)
     Speed:     ev/sec=228.962   simsec/sec=0.999985   ev/simsec=228.965
     Messages:  created: 225812   present: 9   in FES: 5
** Event #1806080   t=5686.474478660932   Elapsed: 5686.29s (1h 34m)  90% completed  (90% total)
     Speed:     ev/sec=265.201   simsec/sec=0.999992   ev/simsec=265.203
     Messages:  created: 225909   present: 10   in FES: 6
** Event #1806848   t=5688.856874584802   Elapsed: 5688.67s (1h 34m)  90% completed  (90% total)
     Speed:     ev/sec=322.361   simsec/sec=0.99999   ev/simsec=322.365
     Messages:  created: 226005   present: 11   in FES: 6
** Event #1807872   t=5691.191732195422   Elapsed: 5691.01s (1h 34m)  90% completed  (90% total)
     Speed:     ev/sec=438.553   simsec/sec=0.99996   ev/simsec=438.571
     Messages:  created: 226137   present: 21   in FES: 8
** Event #1808640   t=5693.422335416128   Elapsed: 5693.24s (1h 34m)  90% completed  (90% total)
     Speed:     ev/sec=344.312   simsec/sec=1.00003   ev/simsec=344.301
     Messages:  created: 226229   present: 10   in FES: 6
** Event #1809408   t=5695.642592029691   Elapsed: 5695.46s (1h 34m)  90% completed  (90% total)
     Speed:     ev/sec=345.912   simsec/sec=1.00002   ev/simsec=345.906
     Messages:  created: 226328   present: 18   in FES: 8
** Event #1810432   t=5698.592716888538   Elapsed: 5698.41s (1h 34m)  90% completed  (90% total)
     Speed:     ev/sec=347.088   simsec/sec=0.999955   ev/simsec=347.104
     Messages:  created: 226452   present: 9   in FES: 5
** Event #1811200   t=5701.237996934893   Elapsed: 5701.05s (1h 35m)  90% completed  (90% total)
     Speed:     ev/sec=290.318   simsec/sec=0.999963   ev/simsec=290.328
     Messages:  created: 226549   present: 13   in FES: 8
** Event #1811968   t=5704.364846538932   Elapsed: 5704.18s (1h 35m)  90% completed  (90% total)
     Speed:     ev/sec=245.632   simsec/sec=1.00007   ev/simsec=245.615
     Messages:  created: 226644   present: 10   in FES: 6
** Event #1812736   t=5706.976588237213   Elapsed: 5706.79s (1h 35m)  90% completed  (90% total)
     Speed:     ev/sec=294.057   simsec/sec=1   ev/simsec=294.057
     Messages:  created: 226740   present: 10   in FES: 6
** Event #1813504   t=5709.487271552335   Elapsed: 5709.3s (1h 35m)  90% completed  (90% total)
     Speed:     ev/sec=305.879   simsec/sec=0.999954   ev/simsec=305.893
     Messages:  created: 226839   present: 20   in FES: 8
** Event #1814528   t=5711.646624868289   Elapsed: 5711.46s (1h 35m)  90% completed  (90% total)
     Speed:     ev/sec=474.23   simsec/sec=1.00003   ev/simsec=474.216
     Messages:  created: 226969   present: 26   in FES: 8
** Event #1816064   t=5714.166283836163   Elapsed: 5713.99s (1h 35m)  90% completed  (90% total)
     Speed:     ev/sec=607.237   simsec/sec=0.996113   ev/simsec=609.606
     Messages:  created: 227160   present: 24   in FES: 7
** Event #1816832   t=5716.972465577064   Elapsed: 5716.79s (1h 35m)  90% completed  (90% total)
     Speed:     ev/sec=274.377   simsec/sec=1.00254   ev/simsec=273.681
     Messages:  created: 227250   present: 8   in FES: 4
** Event #1817600   t=5719.624313130965   Elapsed: 5719.44s (1h 35m)  90% completed  (90% total)
     Speed:     ev/sec=289.899   simsec/sec=1.001   ev/simsec=289.609
     Messages:  created: 227347   present: 11   in FES: 7
** Event #1818368   t=5722.131192316621   Elapsed: 5721.95s (1h 35m)  90% completed  (90% total)
     Speed:     ev/sec=306.363   simsec/sec=1.00002   ev/simsec=306.357
     Messages:  created: 227443   present: 10   in FES: 6
** Event #1819392   t=5724.317528733013   Elapsed: 5724.14s (1h 35m)  90% completed  (90% total)
     Speed:     ev/sec=466.757   simsec/sec=0.996569   ev/simsec=468.363
     Messages:  created: 227576   present: 24   in FES: 7
** Event #1820672   t=5726.56638020651   Elapsed: 5726.38s (1h 35m)  90% completed  (90% total)
     Speed:     ev/sec=570.401   simsec/sec=1.00215   ev/simsec=569.179
     Messages:  created: 227733   present: 16   in FES: 7
** Event #1821696   t=5729.335050975186   Elapsed: 5729.15s (1h 35m)  90% completed  (90% total)
     Speed:     ev/sec=370.214   simsec/sec=1.00098   ev/simsec=369.853
     Messages:  created: 227859   present: 11   in FES: 7
** Event #1822208   t=5731.532052520879   Elapsed: 5731.36s (1h 35m)  90% completed  (90% total)
     Speed:     ev/sec=232.055   simsec/sec=0.995752   ev/simsec=233.045
     Messages:  created: 227922   present: 8   in FES: 4
** Event #1822976   t=5733.831925420342   Elapsed: 5733.65s (1h 35m)  91% completed  (91% total)
     Speed:     ev/sec=335.287   simsec/sec=1.00406   ev/simsec=333.931
     Messages:  created: 228024   present: 23   in FES: 8
** Event #1824000   t=5735.974266514424   Elapsed: 5735.79s (1h 35m)  91% completed  (91% total)
     Speed:     ev/sec=478.017   simsec/sec=1.00007   ev/simsec=477.982
     Messages:  created: 228148   present: 14   in FES: 7
** Event #1824768   t=5738.881536390319   Elapsed: 5738.7s (1h 35m)  91% completed  (91% total)
     Speed:     ev/sec=264.163   simsec/sec=0.999991   ev/simsec=264.165
     Messages:  created: 228243   present: 10   in FES: 6
** Event #1825792   t=5741.547918204559   Elapsed: 5741.36s (1h 35m)  91% completed  (91% total)
     Speed:     ev/sec=384.041   simsec/sec=1   ev/simsec=384.041
     Messages:  created: 228370   present: 11   in FES: 6
** Event #1826560   t=5744.284889153762   Elapsed: 5744.11s (1h 35m)  91% completed  (91% total)
     Speed:     ev/sec=279.558   simsec/sec=0.996277   ev/simsec=280.602
     Messages:  created: 228465   present: 9   in FES: 5
** Event #1827328   t=5746.503659299145   Elapsed: 5746.32s (1h 35m)  91% completed  (91% total)
     Speed:     ev/sec=347.514   simsec/sec=1.00398   ev/simsec=346.138
     Messages:  created: 228564   present: 17   in FES: 7
** Event #1828352   t=5748.674536054263   Elapsed: 5748.49s (1h 35m)  91% completed  (91% total)
     Speed:     ev/sec=472.007   simsec/sec=1.00065   ev/simsec=471.699
     Messages:  created: 228690   present: 11   in FES: 7
** Event #1829120   t=5751.74222335115   Elapsed: 5751.56s (1h 35m)  91% completed  (91% total)
     Speed:     ev/sec=250.339   simsec/sec=0.99995   ev/simsec=250.351
     Messages:  created: 228788   present: 16   in FES: 8
** Event #1829888   t=5754.43672087941   Elapsed: 5754.26s (1h 35m)  91% completed  (91% total)
     Speed:     ev/sec=284.069   simsec/sec=0.996646   ev/simsec=285.025
     Messages:  created: 228881   present: 9   in FES: 5
** Event #1830400   t=5756.519221153162   Elapsed: 5756.33s (1h 35m)  91% completed  (91% total)
     Speed:     ev/sec=246.922   simsec/sec=1.00433   ev/simsec=245.858
     Messages:  created: 228945   present: 9   in FES: 5
** Event #1831168   t=5759.509720917342   Elapsed: 5759.33s (1h 35m)  91% completed  (91% total)
     Speed:     ev/sec=256.379   simsec/sec=0.998307   ev/simsec=256.813
     Messages:  created: 229041   present: 9   in FES: 5
** Event #1831680   t=5761.730439722033   Elapsed: 5761.55s (1h 36m)  91% completed  (91% total)
     Speed:     ev/sec=231.112   simsec/sec=1.00241   ev/simsec=230.556
     Messages:  created: 229105   present: 9   in FES: 5
** Event #1832448   t=5764.001806019742   Elapsed: 5763.82s (1h 36m)  91% completed  (91% total)
     Speed:     ev/sec=338.125   simsec/sec=1.00001   ev/simsec=338.122
     Messages:  created: 229203   present: 16   in FES: 8
** Event #1833216   t=5766.432320839847   Elapsed: 5766.28s (1h 36m)  91% completed  (91% total)
     Speed:     ev/sec=311.894   simsec/sec=0.987062   ev/simsec=315.982
     Messages:  created: 229297   present: 10   in FES: 6
** Event #1834240   t=5769.225262770778   Elapsed: 5769.04s (1h 36m)  91% completed  (91% total)
     Speed:     ev/sec=370.716   simsec/sec=1.01112   ev/simsec=366.638
     Messages:  created: 229425   present: 10   in FES: 6
** Event #1835008   t=5771.584672367269   Elapsed: 5771.4s (1h 36m)  91% completed  (91% total)
     Speed:     ev/sec=325.644   simsec/sec=1.00043   ev/simsec=325.505
     Messages:  created: 229520   present: 10   in FES: 6
** Event #1836032   t=5774.239500788481   Elapsed: 5774.05s (1h 36m)  91% completed  (91% total)
     Speed:     ev/sec=385.724   simsec/sec=1.00003   ev/simsec=385.712
     Messages:  created: 229648   present: 10   in FES: 6
** Event #1836544   t=5776.386265625636   Elapsed: 5776.2s (1h 36m)  91% completed  (91% total)
     Speed:     ev/sec=238.504   simsec/sec=1.00002   ev/simsec=238.498
     Messages:  created: 229712   present: 10   in FES: 6
** Event #1837568   t=5778.44069260647   Elapsed: 5778.26s (1h 36m)  91% completed  (91% total)
     Speed:     ev/sec=498.428   simsec/sec=0.999984   ev/simsec=498.436
     Messages:  created: 229850   present: 37   in FES: 8
** Event #1838592   t=5780.719352914943   Elapsed: 5780.53s (1h 36m)  91% completed  (91% total)
     Speed:     ev/sec=449.402   simsec/sec=1.00003   ev/simsec=449.387
     Messages:  created: 229976   present: 33   in FES: 8
** Event #1839616   t=5783.192957847606   Elapsed: 5783.01s (1h 36m)  91% completed  (91% total)
     Speed:     ev/sec=413.96   simsec/sec=0.999974   ev/simsec=413.971
     Messages:  created: 230099   present: 18   in FES: 8
** Event #1840640   t=5785.256950097076   Elapsed: 5785.07s (1h 36m)  91% completed  (91% total)
     Speed:     ev/sec=496.136   simsec/sec=1.00002   ev/simsec=496.126
     Messages:  created: 230227   present: 18   in FES: 7
** Event #1841664   t=5787.355020215988   Elapsed: 5787.17s (1h 36m)  91% completed  (91% total)
     Speed:     ev/sec=488.063   simsec/sec=0.99999   ev/simsec=488.068
     Messages:  created: 230362   present: 37   in FES: 8
** Event #1842688   t=5789.577779854351   Elapsed: 5789.41s (1h 36m)  91% completed  (91% total)
     Speed:     ev/sec=456.786   simsec/sec=0.991528   ev/simsec=460.689
     Messages:  created: 230480   present: 11   in FES: 6
** Event #1843456   t=5792.238054167075   Elapsed: 5792.06s (1h 36m)  91% completed  (91% total)
     Speed:     ev/sec=290.165   simsec/sec=1.0051   ev/simsec=288.692
     Messages:  created: 230576   present: 11   in FES: 7
** Event #1843968   t=5795.056478381096   Elapsed: 5794.88s (1h 36m)  91% completed  (91% total)
     Speed:     ev/sec=181.523   simsec/sec=0.999237   ev/simsec=181.662
     Messages:  created: 230640   present: 11   in FES: 7
** Event #1844480   t=5797.314632946017   Elapsed: 5797.14s (1h 36m)  92% completed  (92% total)
     Speed:     ev/sec=226.926   simsec/sec=1.00085   ev/simsec=226.734
     Messages:  created: 230704   present: 11   in FES: 7
** Event #1844992   t=5799.421673863327   Elapsed: 5799.24s (1h 36m)  92% completed  (92% total)
     Speed:     ev/sec=243.644   simsec/sec=1.00267   ev/simsec=242.995
     Messages:  created: 230766   present: 9   in FES: 5
** Event #1846016   t=5801.914444651373   Elapsed: 5801.74s (1h 36m)  92% completed  (92% total)
     Speed:     ev/sec=409.185   simsec/sec=0.996097   ev/simsec=410.788
     Messages:  created: 230895   present: 12   in FES: 7
** Event #1846784   t=5805.123302058412   Elapsed: 5804.94s (1h 36m)  92% completed  (92% total)
     Speed:     ev/sec=240.02   simsec/sec=1.00285   ev/simsec=239.338
     Messages:  created: 230991   present: 12   in FES: 7
** Event #1847552   t=5808.026219477054   Elapsed: 5807.84s (1h 36m)  92% completed  (92% total)
     Speed:     ev/sec=264.627   simsec/sec=1.00025   ev/simsec=264.561
     Messages:  created: 231087   present: 11   in FES: 6
** Event #1848320   t=5811.082546881459   Elapsed: 5810.9s (1h 36m)  92% completed  (92% total)
     Speed:     ev/sec=251.275   simsec/sec=0.99997   ev/simsec=251.282
     Messages:  created: 231182   present: 9   in FES: 5
** Event #1849088   t=5813.590191877817   Elapsed: 5813.41s (1h 36m)  92% completed  (92% total)
     Speed:     ev/sec=306.26   simsec/sec=0.99999   ev/simsec=306.263
     Messages:  created: 231278   present: 9   in FES: 5
** Event #1849600   t=5816.00606191085   Elapsed: 5815.84s (1h 36m)  92% completed  (92% total)
     Speed:     ev/sec=210.55   simsec/sec=0.99348   ev/simsec=211.932
     Messages:  created: 231343   present: 12   in FES: 6
** Event #1850368   t=5818.452032360833   Elapsed: 5818.27s (1h 36m)  92% completed  (92% total)
     Speed:     ev/sec=316.042   simsec/sec=1.00655   ev/simsec=313.986
     Messages:  created: 231440   present: 14   in FES: 8
** Event #1851392   t=5820.983459904395   Elapsed: 5820.8s (1h 37m)  92% completed  (92% total)
     Speed:     ev/sec=404.514   simsec/sec=0.999999   ev/simsec=404.515
     Messages:  created: 231568   present: 15   in FES: 8
** Event #1852160   t=5823.154666795202   Elapsed: 5822.97s (1h 37m)  92% completed  (92% total)
     Speed:     ev/sec=353.739   simsec/sec=1.00005   ev/simsec=353.72
     Messages:  created: 231663   present: 12   in FES: 8
** Event #1853184   t=5825.81749229708   Elapsed: 5825.63s (1h 37m)  92% completed  (92% total)
     Speed:     ev/sec=384.548   simsec/sec=0.999984   ev/simsec=384.554
     Messages:  created: 231790   present: 10   in FES: 6
** Event #1854208   t=5828.441912726842   Elapsed: 5828.26s (1h 37m)  92% completed  (92% total)
     Speed:     ev/sec=390.187   simsec/sec=1.00001   ev/simsec=390.181
     Messages:  created: 231918   present: 9   in FES: 5
** Event #1854976   t=5830.788000418295   Elapsed: 5830.6s (1h 37m)  92% completed  (92% total)
     Speed:     ev/sec=327.342   simsec/sec=0.999964   ev/simsec=327.353
     Messages:  created: 232014   present: 13   in FES: 7
** Event #1856256   t=5833.136291613336   Elapsed: 5832.95s (1h 37m)  92% completed  (92% total)
     Speed:     ev/sec=545.07   simsec/sec=0.999987   ev/simsec=545.077
     Messages:  created: 232173   present: 10   in FES: 6
** Event #1857024   t=5835.466190365149   Elapsed: 5835.28s (1h 37m)  92% completed  (92% total)
     Speed:     ev/sec=329.433   simsec/sec=0.999408   ev/simsec=329.628
     Messages:  created: 232270   present: 14   in FES: 7
** Event #1858304   t=5838.208344795557   Elapsed: 5838.02s (1h 37m)  92% completed  (92% total)
     Speed:     ev/sec=467.045   simsec/sec=1.00055   ev/simsec=466.786
     Messages:  created: 232429   present: 12   in FES: 7
** Event #1859584   t=5840.504640367221   Elapsed: 5840.32s (1h 37m)  92% completed  (92% total)
     Speed:     ev/sec=557.388   simsec/sec=0.999944   ev/simsec=557.42
     Messages:  created: 232589   present: 11   in FES: 7
** Event #1860352   t=5843.050848410574   Elapsed: 5842.87s (1h 37m)  92% completed  (92% total)
     Speed:     ev/sec=301.637   simsec/sec=1.00004   ev/simsec=301.625
     Messages:  created: 232685   present: 11   in FES: 7
** Event #1861120   t=5845.665783671765   Elapsed: 5845.48s (1h 37m)  92% completed  (92% total)
     Speed:     ev/sec=293.701   simsec/sec=1.00001   ev/simsec=293.698
     Messages:  created: 232782   present: 13   in FES: 7
** Event #1861888   t=5847.789884189873   Elapsed: 5847.61s (1h 37m)  92% completed  (92% total)
     Speed:     ev/sec=361.528   simsec/sec=0.999899   ev/simsec=361.565
     Messages:  created: 232877   present: 10   in FES: 6
** Event #1862656   t=5850.027274019846   Elapsed: 5849.84s (1h 37m)  92% completed  (92% total)
     Speed:     ev/sec=342.935   simsec/sec=0.99906   ev/simsec=343.257
     Messages:  created: 232974   present: 14   in FES: 7
** Event #1863680   t=5852.891983683014   Elapsed: 5852.71s (1h 37m)  92% completed  (92% total)
     Speed:     ev/sec=357.729   simsec/sec=1.00077   ev/simsec=357.453
     Messages:  created: 233101   present: 10   in FES: 6
** Event #1864192   t=5855.268727470424   Elapsed: 5855.08s (1h 37m)  92% completed  (92% total)
     Speed:     ev/sec=215.411   simsec/sec=0.999954   ev/simsec=215.421
     Messages:  created: 233164   present: 9   in FES: 5
** Event #1865216   t=5857.270574136326   Elapsed: 5857.09s (1h 37m)  92% completed  (92% total)
     Speed:     ev/sec=510.035   simsec/sec=0.997081   ev/simsec=511.528
     Messages:  created: 233300   present: 30   in FES: 7
** Event #1866240   t=5859.586714672185   Elapsed: 5859.4s (1h 37m)  93% completed  (93% total)
     Speed:     ev/sec=443.266   simsec/sec=1.0026   ev/simsec=442.115
     Messages:  created: 233422   present: 17   in FES: 8
** Event #1867520   t=5862.071534106295   Elapsed: 5861.89s (1h 37m)  93% completed  (93% total)
     Speed:     ev/sec=515.122   simsec/sec=0.999989   ev/simsec=515.128
     Messages:  created: 233581   present: 15   in FES: 7
** Event #1868544   t=5864.285279727863   Elapsed: 5864.1s (1h 37m)  93% completed  (93% total)
     Speed:     ev/sec=462.578   simsec/sec=1.00003   ev/simsec=462.564
     Messages:  created: 233707   present: 9   in FES: 5
** Event #1869312   t=5866.740380569985   Elapsed: 5866.56s (1h 37m)  93% completed  (93% total)
     Speed:     ev/sec=312.823   simsec/sec=1.00002   ev/simsec=312.818
     Messages:  created: 233804   present: 11   in FES: 7
** Event #1870080   t=5868.770166164062   Elapsed: 5868.59s (1h 37m)  93% completed  (93% total)
     Speed:     ev/sec=378.341   simsec/sec=0.999937   ev/simsec=378.365
     Messages:  created: 233900   present: 12   in FES: 8
** Event #1871104   t=5870.857003165735   Elapsed: 5870.67s (1h 37m)  93% completed  (93% total)
     Speed:     ev/sec=490.707   simsec/sec=1.00003   ev/simsec=490.695
     Messages:  created: 234028   present: 13   in FES: 8
** Event #1872128   t=5872.943172652154   Elapsed: 5872.77s (1h 37m)  93% completed  (93% total)
     Speed:     ev/sec=488.454   simsec/sec=0.995114   ev/simsec=490.852
     Messages:  created: 234166   present: 39   in FES: 7
** Event #1873152   t=5875.481021837472   Elapsed: 5875.3s (1h 37m)  93% completed  (93% total)
     Speed:     ev/sec=405.106   simsec/sec=1.004   ev/simsec=403.491
     Messages:  created: 234283   present: 10   in FES: 6
** Event #1873664   t=5878.360762698224   Elapsed: 5878.18s (1h 37m)  93% completed  (93% total)
     Speed:     ev/sec=177.798   simsec/sec=1.00002   ev/simsec=177.794
     Messages:  created: 234348   present: 11   in FES: 7
** Event #1874432   t=5881.693337814182   Elapsed: 5881.51s (1h 38m)  93% completed  (93% total)
     Speed:     ev/sec=230.446   simsec/sec=0.999974   ev/simsec=230.452
     Messages:  created: 234443   present: 11   in FES: 7
** Event #1875200   t=5883.93439310298   Elapsed: 5883.75s (1h 38m)  93% completed  (93% total)
     Speed:     ev/sec=342.725   simsec/sec=1.00008   ev/simsec=342.696
     Messages:  created: 234540   present: 14   in FES: 7
** Event #1876224   t=5886.337354232195   Elapsed: 5886.15s (1h 38m)  93% completed  (93% total)
     Speed:     ev/sec=426.127   simsec/sec=0.999967   ev/simsec=426.141
     Messages:  created: 234669   present: 15   in FES: 8
** Event #1876992   t=5888.372245672815   Elapsed: 5888.19s (1h 38m)  93% completed  (93% total)
     Speed:     ev/sec=377.443   simsec/sec=1.00007   ev/simsec=377.416
     Messages:  created: 234763   present: 10   in FES: 6
** Event #1877760   t=5890.767861064599   Elapsed: 5890.6s (1h 38m)  93% completed  (93% total)
     Speed:     ev/sec=317.884   simsec/sec=0.991574   ev/simsec=320.586
     Messages:  created: 234857   present: 9   in FES: 5
** Event #1878528   t=5893.132942966087   Elapsed: 5892.96s (1h 38m)  93% completed  (93% total)
     Speed:     ev/sec=325.587   simsec/sec=1.00265   ev/simsec=324.724
     Messages:  created: 234953   present: 9   in FES: 5
** Event #1879296   t=5895.288262840272   Elapsed: 5895.1s (1h 38m)  93% completed  (93% total)
     Speed:     ev/sec=358.658   simsec/sec=1.00654   ev/simsec=356.328
     Messages:  created: 235051   present: 13   in FES: 8
** Event #1880064   t=5897.774064767699   Elapsed: 5897.6s (1h 38m)  93% completed  (93% total)
     Speed:     ev/sec=308.257   simsec/sec=0.997743   ev/simsec=308.955
     Messages:  created: 235145   present: 9   in FES: 5
** Event #1880832   t=5900.435728131328   Elapsed: 5900.27s (1h 38m)  93% completed  (93% total)
     Speed:     ev/sec=286.981   simsec/sec=0.994591   ev/simsec=288.541
     Messages:  created: 235241   present: 9   in FES: 5
** Event #1881600   t=5903.774524549277   Elapsed: 5903.6s (1h 38m)  93% completed  (93% total)
     Speed:     ev/sec=230.671   simsec/sec=1.00282   ev/simsec=230.023
     Messages:  created: 235337   present: 9   in FES: 5
** Event #1882112   t=5906.632283296954   Elapsed: 5906.45s (1h 38m)  93% completed  (93% total)
     Speed:     ev/sec=179.82   simsec/sec=1.00368   ev/simsec=179.161
     Messages:  created: 235402   present: 12   in FES: 7
** Event #1882624   t=5908.660187320774   Elapsed: 5908.53s (1h 38m)  93% completed  (93% total)
     Speed:     ev/sec=245.449   simsec/sec=0.972161   ev/simsec=252.477
     Messages:  created: 235465   present: 9   in FES: 5
** Event #1883136   t=5911.873738403772   Elapsed: 5911.73s (1h 38m)  93% completed  (93% total)
     Speed:     ev/sec=160.191   simsec/sec=1.00544   ev/simsec=159.325
     Messages:  created: 235529   present: 9   in FES: 5
** Event #1883648   t=5914.131581165183   Elapsed: 5913.95s (1h 38m)  93% completed  (93% total)
     Speed:     ev/sec=230.955   simsec/sec=1.01847   ev/simsec=226.765
     Messages:  created: 235594   present: 11   in FES: 7
** Event #1884416   t=5916.111770005301   Elapsed: 5915.96s (1h 38m)  93% completed  (93% total)
     Speed:     ev/sec=382.439   simsec/sec=0.98607   ev/simsec=387.842
     Messages:  created: 235689   present: 9   in FES: 5
** Event #1885184   t=5918.591250450337   Elapsed: 5918.44s (1h 38m)  93% completed  (93% total)
     Speed:     ev/sec=309.467   simsec/sec=0.999112   ev/simsec=309.742
     Messages:  created: 235785   present: 9   in FES: 5
** Event #1885696   t=5920.964015373974   Elapsed: 5920.78s (1h 38m)  93% completed  (93% total)
     Speed:     ev/sec=218.557   simsec/sec=1.01286   ev/simsec=215.782
     Messages:  created: 235850   present: 14   in FES: 7
** Event #1886720   t=5923.433531855086   Elapsed: 5923.25s (1h 38m)  94% completed  (94% total)
     Speed:     ev/sec=414.659   simsec/sec=1.00001   ev/simsec=414.656
     Messages:  created: 235977   present: 13   in FES: 8
** Event #1887232   t=5925.541551748607   Elapsed: 5925.38s (1h 38m)  94% completed  (94% total)
     Speed:     ev/sec=239.865   simsec/sec=0.987578   ev/simsec=242.882
     Messages:  created: 236040   present: 10   in FES: 6
** Event #1888000   t=5927.977561611927   Elapsed: 5927.8s (1h 38m)  94% completed  (94% total)
     Speed:     ev/sec=317.875   simsec/sec=1.00826   ev/simsec=315.27
     Messages:  created: 236136   present: 10   in FES: 6
** Event #1888512   t=5930.149844920657   Elapsed: 5929.97s (1h 38m)  94% completed  (94% total)
     Speed:     ev/sec=236.368   simsec/sec=1.00285   ev/simsec=235.697
     Messages:  created: 236200   present: 9   in FES: 5
** Event #1889024   t=5932.208540152592   Elapsed: 5932.02s (1h 38m)  94% completed  (94% total)
     Speed:     ev/sec=248.743   simsec/sec=1.00017   ev/simsec=248.701
     Messages:  created: 236266   present: 15   in FES: 8
** Event #1890048   t=5934.556009859138   Elapsed: 5934.37s (1h 38m)  94% completed  (94% total)
     Speed:     ev/sec=436.235   simsec/sec=1.00005   ev/simsec=436.214
     Messages:  created: 236392   present: 9   in FES: 5
** Event #1890816   t=5937.311160917644   Elapsed: 5937.13s (1h 38m)  94% completed  (94% total)
     Speed:     ev/sec=278.75   simsec/sec=0.999999   ev/simsec=278.751
     Messages:  created: 236488   present: 9   in FES: 5
** Event #1891328   t=5939.684217291578   Elapsed: 5939.5s (1h 38m)  94% completed  (94% total)
     Speed:     ev/sec=215.621   simsec/sec=0.999379   ev/simsec=215.756
     Messages:  created: 236552   present: 10   in FES: 6
** Event #1892096   t=5942.13587967488   Elapsed: 5941.95s (1h 39m)  94% completed  (94% total)
     Speed:     ev/sec=313.43   simsec/sec=1.00055   ev/simsec=313.257
     Messages:  created: 236647   present: 9   in FES: 5
** Event #1892864   t=5945.030976930406   Elapsed: 5944.85s (1h 39m)  94% completed  (94% total)
     Speed:     ev/sec=265.279   simsec/sec=1.00001   ev/simsec=265.276
     Messages:  created: 236744   present: 10   in FES: 6
** Event #1893632   t=5947.41633879974   Elapsed: 5947.23s (1h 39m)  94% completed  (94% total)
     Speed:     ev/sec=321.955   simsec/sec=0.999974   ev/simsec=321.964
     Messages:  created: 236839   present: 9   in FES: 5
** Event #1894656   t=5949.942688973069   Elapsed: 5949.78s (1h 39m)  94% completed  (94% total)
     Speed:     ev/sec=402.495   simsec/sec=0.99301   ev/simsec=405.328
     Messages:  created: 236967   present: 12   in FES: 6
** Event #1895424   t=5952.335690040134   Elapsed: 5952.15s (1h 39m)  94% completed  (94% total)
     Speed:     ev/sec=323.358   simsec/sec=1.00755   ev/simsec=320.936
     Messages:  created: 237063   present: 11   in FES: 7
** Event #1896192   t=5955.208224362436   Elapsed: 5955.02s (1h 39m)  94% completed  (94% total)
     Speed:     ev/sec=267.353   simsec/sec=0.999975   ev/simsec=267.36
     Messages:  created: 237158   present: 9   in FES: 5
** Event #1897216   t=5958.137131717556   Elapsed: 5957.95s (1h 39m)  94% completed  (94% total)
     Speed:     ev/sec=349.613   simsec/sec=0.999985   ev/simsec=349.618
     Messages:  created: 237287   present: 11   in FES: 7
** Event #1897984   t=5960.100951088221   Elapsed: 5959.95s (1h 39m)  94% completed  (94% total)
     Speed:     ev/sec=383.83   simsec/sec=0.981475   ev/simsec=391.075
     Messages:  created: 237383   present: 12   in FES: 6
** Event #1899264   t=5962.324804687791   Elapsed: 5962.14s (1h 39m)  94% completed  (94% total)
     Speed:     ev/sec=585.339   simsec/sec=1.01696   ev/simsec=575.577
     Messages:  created: 237564   present: 67   in FES: 8
** Event #1900544   t=5965.096896079278   Elapsed: 5964.92s (1h 39m)  94% completed  (94% total)
     Speed:     ev/sec=461.069   simsec/sec=0.998536   ev/simsec=461.745
     Messages:  created: 237703   present: 12   in FES: 7
** Event #1901312   t=5967.662984140918   Elapsed: 5967.48s (1h 39m)  94% completed  (94% total)
     Speed:     ev/sec=299.389   simsec/sec=1.00034   ev/simsec=299.288
     Messages:  created: 237799   present: 12   in FES: 7
** Event #1902336   t=5970.131109097554   Elapsed: 5969.95s (1h 39m)  94% completed  (94% total)
     Speed:     ev/sec=415.439   simsec/sec=1.00132   ev/simsec=414.89
     Messages:  created: 237928   present: 15   in FES: 8
** Event #1903360   t=5972.437558427117   Elapsed: 5972.25s (1h 39m)  94% completed  (94% total)
     Speed:     ev/sec=443.947   simsec/sec=0.999943   ev/simsec=443.972
     Messages:  created: 238055   present: 11   in FES: 6
** Event #1904128   t=5974.825580869659   Elapsed: 5974.65s (1h 39m)  94% completed  (94% total)
     Speed:     ev/sec=320.218   simsec/sec=0.995687   ev/simsec=321.605
     Messages:  created: 238151   present: 12   in FES: 7
** Event #1904896   t=5977.115389355674   Elapsed: 5976.93s (1h 39m)  94% completed  (94% total)
     Speed:     ev/sec=336.936   simsec/sec=1.00458   ev/simsec=335.399
     Messages:  created: 238248   present: 15   in FES: 7
** Event #1905664   t=5980.509239234986   Elapsed: 5980.32s (1h 39m)  94% completed  (94% total)
     Speed:     ev/sec=226.293   simsec/sec=1   ev/simsec=226.292
     Messages:  created: 238341   present: 9   in FES: 5
** Event #1906432   t=5983.090635663509   Elapsed: 5982.91s (1h 39m)  94% completed  (94% total)
     Speed:     ev/sec=297.513   simsec/sec=0.999997   ev/simsec=297.513
     Messages:  created: 238437   present: 11   in FES: 7
** Event #1907200   t=5986.267020980696   Elapsed: 5986.08s (1h 39m)  95% completed  (95% total)
     Speed:     ev/sec=241.764   simsec/sec=0.999914   ev/simsec=241.784
     Messages:  created: 238533   present: 10   in FES: 6
** Event #1907712   t=5988.468948347732   Elapsed: 5988.28s (1h 39m)  95% completed  (95% total)
     Speed:     ev/sec=232.557   simsec/sec=1.00014   ev/simsec=232.524
     Messages:  created: 238597   present: 11   in FES: 7
** Event #1908224   t=5990.643286766038   Elapsed: 5990.46s (1h 39m)  95% completed  (95% total)
     Speed:     ev/sec=235.45   simsec/sec=0.9999   ev/simsec=235.474
     Messages:  created: 238661   present: 11   in FES: 7
** Event #1908992   t=5993.258191007744   Elapsed: 5993.08s (1h 39m)  95% completed  (95% total)
     Speed:     ev/sec=293.467   simsec/sec=0.999205   ev/simsec=293.701
     Messages:  created: 238758   present: 13   in FES: 7
** Event #1909760   t=5995.356060124621   Elapsed: 5995.17s (1h 39m)  95% completed  (95% total)
     Speed:     ev/sec=365.962   simsec/sec=0.999663   ev/simsec=366.086
     Messages:  created: 238854   present: 13   in FES: 7
** Event #1910528   t=5997.907711869008   Elapsed: 5997.72s (1h 39m)  95% completed  (95% total)
     Speed:     ev/sec=301.321   simsec/sec=1.00113   ev/simsec=300.982
     Messages:  created: 238952   present: 17   in FES: 8
** Event #1911552   t=6000.223319179071   Elapsed: 6000.04s (1h 40m)  95% completed  (95% total)
     Speed:     ev/sec=442.227   simsec/sec=1.00002   ev/simsec=442.217
     Messages:  created: 239077   present: 11   in FES: 7
** Event #1912320   t=6002.804835460106   Elapsed: 6002.62s (1h 40m)  95% completed  (95% total)
     Speed:     ev/sec=297.5   simsec/sec=1   ev/simsec=297.5
     Messages:  created: 239174   present: 13   in FES: 8
** Event #1913088   t=6005.135879142994   Elapsed: 6004.95s (1h 40m)  95% completed  (95% total)
     Speed:     ev/sec=329.48   simsec/sec=1.00004   ev/simsec=329.466
     Messages:  created: 239270   present: 13   in FES: 7
** Event #1913856   t=6007.2708485137   Elapsed: 6007.09s (1h 40m)  95% completed  (95% total)
     Speed:     ev/sec=359.688   simsec/sec=0.999901   ev/simsec=359.724
     Messages:  created: 239365   present: 11   in FES: 7
** Event #1914624   t=6009.801035362495   Elapsed: 6009.62s (1h 40m)  95% completed  (95% total)
     Speed:     ev/sec=303.539   simsec/sec=1.00001   ev/simsec=303.535
     Messages:  created: 239459   present: 9   in FES: 5
** Event #1915392   t=6012.43397717846   Elapsed: 6012.25s (1h 40m)  95% completed  (95% total)
     Speed:     ev/sec=291.685   simsec/sec=0.999987   ev/simsec=291.689
     Messages:  created: 239556   present: 11   in FES: 7
** Event #1916160   t=6015.011216602959   Elapsed: 6014.83s (1h 40m)  95% completed  (95% total)
     Speed:     ev/sec=298.011   simsec/sec=1.00006   ev/simsec=297.993
     Messages:  created: 239652   present: 11   in FES: 7
** Event #1916672   t=6017.101768790778   Elapsed: 6016.92s (1h 40m)  95% completed  (95% total)
     Speed:     ev/sec=244.911   simsec/sec=1   ev/simsec=244.911
     Messages:  created: 239715   present: 10   in FES: 6
** Event #1917184   t=6019.558951121073   Elapsed: 6019.37s (1h 40m)  95% completed  (95% total)
     Speed:     ev/sec=208.349   simsec/sec=0.999904   ev/simsec=208.369
     Messages:  created: 239780   present: 11   in FES: 7
** Event #1917952   t=6022.179793881357   Elapsed: 6022s (1h 40m)  95% completed  (95% total)
     Speed:     ev/sec=293.069   simsec/sec=1.00011   ev/simsec=293.036
     Messages:  created: 239876   present: 11   in FES: 7
** Event #1918720   t=6024.548112683693   Elapsed: 6024.36s (1h 40m)  95% completed  (95% total)
     Speed:     ev/sec=324.283   simsec/sec=1.00001   ev/simsec=324.281
     Messages:  created: 239971   present: 10   in FES: 6
** Event #1919744   t=6027.101422432691   Elapsed: 6026.92s (1h 40m)  95% completed  (95% total)
     Speed:     ev/sec=401.052   simsec/sec=1.00001   ev/simsec=401.048
     Messages:  created: 240100   present: 11   in FES: 7
** Event #1920512   t=6029.144890365834   Elapsed: 6028.96s (1h 40m)  95% completed  (95% total)
     Speed:     ev/sec=375.806   simsec/sec=0.999931   ev/simsec=375.832
     Messages:  created: 240195   present: 10   in FES: 6
** Event #1921536   t=6031.3273610683   Elapsed: 6031.14s (1h 40m)  95% completed  (95% total)
     Speed:     ev/sec=469.216   simsec/sec=1.00005   ev/simsec=469.193
     Messages:  created: 240326   present: 18   in FES: 8
** Event #1922048   t=6033.338806100547   Elapsed: 6033.15s (1h 40m)  95% completed  (95% total)
     Speed:     ev/sec=254.537   simsec/sec=0.999974   ev/simsec=254.543
     Messages:  created: 240387   present: 10   in FES: 6
** Event #1922816   t=6035.836206357486   Elapsed: 6035.65s (1h 40m)  95% completed  (95% total)
     Speed:     ev/sec=307.505   simsec/sec=0.999952   ev/simsec=307.52
     Messages:  created: 240484   present: 12   in FES: 7
** Event #1923584   t=6038.551996862714   Elapsed: 6038.37s (1h 40m)  95% completed  (95% total)
     Speed:     ev/sec=282.799   simsec/sec=1.00003   ev/simsec=282.791
     Messages:  created: 240579   present: 9   in FES: 5
** Event #1924352   t=6041.152804324457   Elapsed: 6040.97s (1h 40m)  95% completed  (95% total)
     Speed:     ev/sec=295.288   simsec/sec=0.999983   ev/simsec=295.293
     Messages:  created: 240677   present: 14   in FES: 8
** Event #1925376   t=6043.762571015065   Elapsed: 6043.58s (1h 40m)  95% completed  (95% total)
     Speed:     ev/sec=392.393   simsec/sec=1.00005   ev/simsec=392.372
     Messages:  created: 240804   present: 11   in FES: 7
** Event #1926144   t=6045.848678087592   Elapsed: 6045.67s (1h 40m)  95% completed  (95% total)
     Speed:     ev/sec=367.516   simsec/sec=0.998278   ev/simsec=368.15
     Messages:  created: 240901   present: 15   in FES: 7
** Event #1927168   t=6048.47142871574   Elapsed: 6048.29s (1h 40m)  96% completed  (96% total)
     Speed:     ev/sec=390.957   simsec/sec=1.00135   ev/simsec=390.43
     Messages:  created: 241028   present: 11   in FES: 7
** Event #1927936   t=6050.754400140011   Elapsed: 6050.57s (1h 40m)  96% completed  (96% total)
     Speed:     ev/sec=336.403   simsec/sec=0.999998   ev/simsec=336.404
     Messages:  created: 241123   present: 9   in FES: 5
** Event #1928704   t=6052.864954542452   Elapsed: 6052.68s (1h 40m)  96% completed  (96% total)
     Speed:     ev/sec=363.89   simsec/sec=1.00001   ev/simsec=363.885
     Messages:  created: 241223   present: 19   in FES: 8
** Event #1929472   t=6055.114398401656   Elapsed: 6054.93s (1h 40m)  96% completed  (96% total)
     Speed:     ev/sec=341.411   simsec/sec=0.99998   ev/simsec=341.418
     Messages:  created: 241317   present: 14   in FES: 8
** Event #1930240   t=6058.060774585005   Elapsed: 6057.88s (1h 40m)  96% completed  (96% total)
     Speed:     ev/sec=260.653   simsec/sec=0.999978   ev/simsec=260.659
     Messages:  created: 241411   present: 9   in FES: 5
** Event #1930752   t=6060.58860909969   Elapsed: 6060.4s (1h 41m)  96% completed  (96% total)
     Speed:     ev/sec=202.552   simsec/sec=1.00003   ev/simsec=202.545
     Messages:  created: 241475   present: 10   in FES: 6
** Event #1931520   t=6063.027116798065   Elapsed: 6062.86s (1h 41m)  96% completed  (96% total)
     Speed:     ev/sec=312.981   simsec/sec=0.993757   ev/simsec=314.947
     Messages:  created: 241570   present: 8   in FES: 4
** Event #1932032   t=6065.634202734142   Elapsed: 6065.47s (1h 41m)  96% completed  (96% total)
     Speed:     ev/sec=196.066   simsec/sec=0.998359   ev/simsec=196.388
     Messages:  created: 241634   present: 8   in FES: 4
** Event #1932800   t=6068.716317905985   Elapsed: 6068.53s (1h 41m)  96% completed  (96% total)
     Speed:     ev/sec=250.769   simsec/sec=1.00638   ev/simsec=249.18
     Messages:  created: 241734   present: 18   in FES: 8
** Event #1933568   t=6071.155924813227   Elapsed: 6070.99s (1h 41m)  96% completed  (96% total)
     Speed:     ev/sec=311.916   simsec/sec=0.990824   ev/simsec=314.805
     Messages:  created: 241826   present: 8   in FES: 4
** Event #1934336   t=6073.728282866276   Elapsed: 6073.54s (1h 41m)  96% completed  (96% total)
     Speed:     ev/sec=301.194   simsec/sec=1.00883   ev/simsec=298.559
     Messages:  created: 241923   present: 11   in FES: 6
** Event #1935104   t=6076.433997136329   Elapsed: 6076.26s (1h 41m)  96% completed  (96% total)
     Speed:     ev/sec=283.14   simsec/sec=0.99752   ev/simsec=283.844
     Messages:  created: 242018   present: 8   in FES: 4
** Event #1935616   t=6078.706548113245   Elapsed: 6078.52s (1h 41m)  96% completed  (96% total)
     Speed:     ev/sec=225.98   simsec/sec=1.00303   ev/simsec=225.297
     Messages:  created: 242085   present: 15   in FES: 8
** Event #1936128   t=6081.204642621627   Elapsed: 6081.02s (1h 41m)  96% completed  (96% total)
     Speed:     ev/sec=204.951   simsec/sec=0.999974   ev/simsec=204.956
     Messages:  created: 242147   present: 11   in FES: 7
** Event #1936640   t=6083.219242040009   Elapsed: 6083.03s (1h 41m)  96% completed  (96% total)
     Speed:     ev/sec=254.139   simsec/sec=0.999979   ev/simsec=254.145
     Messages:  created: 242211   present: 10   in FES: 6
** Event #1937152   t=6085.313682117994   Elapsed: 6085.13s (1h 41m)  96% completed  (96% total)
     Speed:     ev/sec=244.466   simsec/sec=1.00004   ev/simsec=244.457
     Messages:  created: 242275   present: 10   in FES: 6
** Event #1937664   t=6087.462847933226   Elapsed: 6087.28s (1h 41m)  96% completed  (96% total)
     Speed:     ev/sec=238.214   simsec/sec=0.999924   ev/simsec=238.232
     Messages:  created: 242339   present: 11   in FES: 7
** Event #1938176   t=6089.614245021052   Elapsed: 6089.43s (1h 41m)  96% completed  (96% total)
     Speed:     ev/sec=237.989   simsec/sec=1.00002   ev/simsec=237.985
     Messages:  created: 242403   present: 10   in FES: 6
** Event #1939456   t=6091.753299702919   Elapsed: 6091.57s (1h 41m)  96% completed  (96% total)
     Speed:     ev/sec=598.471   simsec/sec=1.00013   ev/simsec=598.395
     Messages:  created: 242575   present: 43   in FES: 8
** Event #1940480   t=6093.779112490994   Elapsed: 6093.59s (1h 41m)  96% completed  (96% total)
     Speed:     ev/sec=505.368   simsec/sec=0.999786   ev/simsec=505.476
     Messages:  created: 242693   present: 16   in FES: 6
** Event #1941248   t=6095.832211488427   Elapsed: 6095.65s (1h 41m)  96% completed  (96% total)
     Speed:     ev/sec=374.11   simsec/sec=1.00011   ev/simsec=374.069
     Messages:  created: 242788   present: 12   in FES: 7
** Event #1942272   t=6097.910765796708   Elapsed: 6097.73s (1h 41m)  96% completed  (96% total)
     Speed:     ev/sec=492.673   simsec/sec=1.00005   ev/simsec=492.65
     Messages:  created: 242915   present: 11   in FES: 6
** Event #1943296   t=6100.482699210467   Elapsed: 6100.3s (1h 41m)  96% completed  (96% total)
     Speed:     ev/sec=398.138   simsec/sec=0.999984   ev/simsec=398.144
     Messages:  created: 243043   present: 11   in FES: 6
** Event #1944064   t=6102.741006281467   Elapsed: 6102.56s (1h 41m)  96% completed  (96% total)
     Speed:     ev/sec=340.102   simsec/sec=1.00007   ev/simsec=340.078
     Messages:  created: 243140   present: 13   in FES: 8
** Event #1944576   t=6104.968093810028   Elapsed: 6104.78s (1h 41m)  96% completed  (96% total)
     Speed:     ev/sec=229.883   simsec/sec=0.999941   ev/simsec=229.897
     Messages:  created: 243203   present: 11   in FES: 7
** Event #1945344   t=6107.504361074116   Elapsed: 6107.32s (1h 41m)  96% completed  (96% total)
     Speed:     ev/sec=302.803   simsec/sec=0.999986   ev/simsec=302.807
     Messages:  created: 243299   present: 10   in FES: 6
** Event #1945856   t=6109.588068736813   Elapsed: 6109.4s (1h 41m)  96% completed  (96% total)
     Speed:     ev/sec=245.713   simsec/sec=0.99999   ev/simsec=245.716
     Messages:  created: 243364   present: 14   in FES: 8
** Event #1946368   t=6111.991231278493   Elapsed: 6111.85s (1h 41m)  97% completed  (97% total)
     Speed:     ev/sec=208.906   simsec/sec=0.980535   ev/simsec=213.053
     Messages:  created: 243426   present: 8   in FES: 4
** Event #1946880   t=6114.785364043975   Elapsed: 6114.6s (1h 41m)  97% completed  (97% total)
     Speed:     ev/sec=186.43   simsec/sec=1.0174   ev/simsec=183.241
     Messages:  created: 243491   present: 10   in FES: 6
** Event #1947648   t=6118.167571322689   Elapsed: 6117.98s (1h 41m)  97% completed  (97% total)
     Speed:     ev/sec=227.068   simsec/sec=0.999989   ev/simsec=227.071
     Messages:  created: 243587   present: 10   in FES: 6
** Event #1948416   t=6120.690542316337   Elapsed: 6120.51s (1h 42m)  97% completed  (97% total)
     Speed:     ev/sec=303.405   simsec/sec=0.996722   ev/simsec=304.403
     Messages:  created: 243682   present: 9   in FES: 5
** Event #1948928   t=6122.682519472942   Elapsed: 6122.53s (1h 42m)  97% completed  (97% total)
     Speed:     ev/sec=253.731   simsec/sec=0.987162   ev/simsec=257.031
     Messages:  created: 243746   present: 9   in FES: 5
** Event #1949696   t=6125.428195317408   Elapsed: 6125.24s (1h 42m)  97% completed  (97% total)
     Speed:     ev/sec=283.228   simsec/sec=1.01257   ev/simsec=279.713
     Messages:  created: 243843   present: 12   in FES: 7
** Event #1950464   t=6127.969773627547   Elapsed: 6127.79s (1h 42m)  97% completed  (97% total)
     Speed:     ev/sec=301.779   simsec/sec=0.99869   ev/simsec=302.174
     Messages:  created: 243938   present: 9   in FES: 5
** Event #1951744   t=6130.260268851075   Elapsed: 6130.08s (1h 42m)  97% completed  (97% total)
     Speed:     ev/sec=559.696   simsec/sec=1.00155   ev/simsec=558.831
     Messages:  created: 244115   present: 53   in FES: 8
** Event #1952768   t=6132.289473656509   Elapsed: 6132.1s (1h 42m)  97% completed  (97% total)
     Speed:     ev/sec=504.625   simsec/sec=0.999989   ev/simsec=504.631
     Messages:  created: 244231   present: 23   in FES: 8
** Event #1953536   t=6134.525213494874   Elapsed: 6134.36s (1h 42m)  97% completed  (97% total)
     Speed:     ev/sec=341.08   simsec/sec=0.992926   ev/simsec=343.51
     Messages:  created: 244322   present: 9   in FES: 5
** Event #1954560   t=6136.637143491286   Elapsed: 6136.45s (1h 42m)  97% completed  (97% total)
     Speed:     ev/sec=488.523   simsec/sec=1.00755   ev/simsec=484.865
     Messages:  created: 244452   present: 15   in FES: 7
** Event #1955584   t=6138.921890578844   Elapsed: 6138.74s (1h 42m)  97% completed  (97% total)
     Speed:     ev/sec=448.193   simsec/sec=1.00001   ev/simsec=448.19
     Messages:  created: 244579   present: 11   in FES: 7
** Event #1956608   t=6140.995665789088   Elapsed: 6140.81s (1h 42m)  97% completed  (97% total)
     Speed:     ev/sec=493.807   simsec/sec=1.00004   ev/simsec=493.785
     Messages:  created: 244708   present: 15   in FES: 8
** Event #1957632   t=6143.348913938533   Elapsed: 6143.21s (1h 42m)  97% completed  (97% total)
     Speed:     ev/sec=426.38   simsec/sec=0.979861   ev/simsec=435.143
     Messages:  created: 244834   present: 9   in FES: 5
** Event #1958400   t=6145.432564295932   Elapsed: 6145.27s (1h 42m)  97% completed  (97% total)
     Speed:     ev/sec=372.436   simsec/sec=1.01045   ev/simsec=368.584
     Messages:  created: 244930   present: 9   in FES: 5
** Event #1959424   t=6147.910512168867   Elapsed: 6147.73s (1h 42m)  97% completed  (97% total)
     Speed:     ev/sec=417.772   simsec/sec=1.01095   ev/simsec=413.245
     Messages:  created: 245062   present: 20   in FES: 8
** Event #1960192   t=6150.184271464926   Elapsed: 6150s (1h 42m)  97% completed  (97% total)
     Speed:     ev/sec=337.057   simsec/sec=0.9979   ev/simsec=337.767
     Messages:  created: 245154   present: 9   in FES: 5
** Event #1961216   t=6153.004518694393   Elapsed: 6152.84s (1h 42m)  97% completed  (97% total)
     Speed:     ev/sec=361.459   simsec/sec=0.995511   ev/simsec=363.089
     Messages:  created: 245282   present: 9   in FES: 5
** Event #1961984   t=6155.3803248168   Elapsed: 6155.2s (1h 42m)  97% completed  (97% total)
     Speed:     ev/sec=325.665   simsec/sec=1.00744   ev/simsec=323.259
     Messages:  created: 245379   present: 12   in FES: 7
** Event #1963008   t=6158.227331516682   Elapsed: 6158.04s (1h 42m)  97% completed  (97% total)
     Speed:     ev/sec=359.662   simsec/sec=0.999962   ev/simsec=359.676
     Messages:  created: 245507   present: 11   in FES: 7
** Event #1964032   t=6160.658994845987   Elapsed: 6160.47s (1h 42m)  97% completed  (97% total)
     Speed:     ev/sec=421.125   simsec/sec=1.00003   ev/simsec=421.111
     Messages:  created: 245636   present: 13   in FES: 8
** Event #1965056   t=6162.724844373807   Elapsed: 6162.55s (1h 42m)  97% completed  (97% total)
     Speed:     ev/sec=493.167   simsec/sec=0.99493   ev/simsec=495.68
     Messages:  created: 245762   present: 9   in FES: 5
** Event #1965568   t=6164.947860584447   Elapsed: 6164.77s (1h 42m)  97% completed  (97% total)
     Speed:     ev/sec=230.482   simsec/sec=1.00071   ev/simsec=230.318
     Messages:  created: 245826   present: 9   in FES: 5
** Event #1966336   t=6168.349843712253   Elapsed: 6168.17s (1h 42m)  97% completed  (97% total)
     Speed:     ev/sec=225.846   simsec/sec=1.00042   ev/simsec=225.751
     Messages:  created: 245922   present: 9   in FES: 5
** Event #1967104   t=6171.138208211463   Elapsed: 6170.95s (1h 42m)  97% completed  (97% total)
     Speed:     ev/sec=276.168   simsec/sec=1.00268   ev/simsec=275.43
     Messages:  created: 246019   present: 11   in FES: 7
** Event #1967872   t=6173.350454338357   Elapsed: 6173.17s (1h 42m)  97% completed  (97% total)
     Speed:     ev/sec=347.164   simsec/sec=1.00001   ev/simsec=347.158
     Messages:  created: 246116   present: 15   in FES: 8
** Event #1968640   t=6175.874116037713   Elapsed: 6175.69s (1h 42m)  98% completed  (98% total)
     Speed:     ev/sec=304.315   simsec/sec=0.999986   ev/simsec=304.32
     Messages:  created: 246212   present: 13   in FES: 7
** Event #1969408   t=6177.997587550855   Elapsed: 6177.82s (1h 42m)  98% completed  (98% total)
     Speed:     ev/sec=360.421   simsec/sec=0.996541   ev/simsec=361.672
     Messages:  created: 246309   present: 17   in FES: 7
** Event #1970432   t=6180.119305541816   Elapsed: 6179.93s (1h 42m)  98% completed  (98% total)
     Speed:     ev/sec=484.299   simsec/sec=1.00346   ev/simsec=482.628
     Messages:  created: 246435   present: 13   in FES: 8
** Event #1971712   t=6182.921155471351   Elapsed: 6182.74s (1h 43m)  98% completed  (98% total)
     Speed:     ev/sec=456.463   simsec/sec=0.999173   ev/simsec=456.841
     Messages:  created: 246594   present: 10   in FES: 6
** Event #1972480   t=6185.089743763596   Elapsed: 6184.91s (1h 43m)  98% completed  (98% total)
     Speed:     ev/sec=354.527   simsec/sec=1.00107   ev/simsec=354.147
     Messages:  created: 246691   present: 12   in FES: 8
** Event #1973504   t=6187.122473165662   Elapsed: 6186.94s (1h 43m)  98% completed  (98% total)
     Speed:     ev/sec=503.778   simsec/sec=1.00004   ev/simsec=503.756
     Messages:  created: 246822   present: 21   in FES: 8
** Event #1974528   t=6189.726811107781   Elapsed: 6189.56s (1h 43m)  98% completed  (98% total)
     Speed:     ev/sec=390.175   simsec/sec=0.992332   ev/simsec=393.19
     Messages:  created: 246946   present: 10   in FES: 6
** Event #1975552   t=6191.750040227264   Elapsed: 6191.57s (1h 43m)  98% completed  (98% total)
     Speed:     ev/sec=511.147   simsec/sec=1.00993   ev/simsec=506.122
     Messages:  created: 247079   present: 22   in FES: 8
** Event #1976832   t=6194.488712804428   Elapsed: 6194.3s (1h 43m)  98% completed  (98% total)
     Speed:     ev/sec=467.414   simsec/sec=1.00007   ev/simsec=467.38
     Messages:  created: 247235   present: 13   in FES: 7
** Event #1977600   t=6196.697331593119   Elapsed: 6196.51s (1h 43m)  98% completed  (98% total)
     Speed:     ev/sec=347.422   simsec/sec=0.999117   ev/simsec=347.729
     Messages:  created: 247330   present: 10   in FES: 6
** Event #1978624   t=6198.880914721145   Elapsed: 6198.71s (1h 43m)  98% completed  (98% total)
     Speed:     ev/sec=466.526   simsec/sec=0.994823   ev/simsec=468.954
     Messages:  created: 247458   present: 10   in FES: 5
** Event #1979392   t=6200.930148160426   Elapsed: 6200.75s (1h 43m)  98% completed  (98% total)
     Speed:     ev/sec=377.229   simsec/sec=1.00655   ev/simsec=374.774
     Messages:  created: 247556   present: 16   in FES: 8
** Event #1980160   t=6203.283336554782   Elapsed: 6203.1s (1h 43m)  98% completed  (98% total)
     Speed:     ev/sec=326.358   simsec/sec=0.999978   ev/simsec=326.366
     Messages:  created: 247651   present: 13   in FES: 7
** Event #1981184   t=6205.866932860862   Elapsed: 6205.68s (1h 43m)  98% completed  (98% total)
     Speed:     ev/sec=396.167   simsec/sec=0.999546   ev/simsec=396.347
     Messages:  created: 247778   present: 10   in FES: 6
** Event #1982208   t=6208.045190312967   Elapsed: 6207.86s (1h 43m)  98% completed  (98% total)
     Speed:     ev/sec=470.359   simsec/sec=1.00055   ev/simsec=470.101
     Messages:  created: 247906   present: 9   in FES: 5
** Event #1983232   t=6211.325692869758   Elapsed: 6211.17s (1h 43m)  98% completed  (98% total)
     Speed:     ev/sec=309.693   simsec/sec=0.992138   ev/simsec=312.147
     Messages:  created: 248034   present: 10   in FES: 6
** Event #1983744   t=6213.396529080614   Elapsed: 6213.22s (1h 43m)  98% completed  (98% total)
     Speed:     ev/sec=248.802   simsec/sec=1.00631   ev/simsec=247.243
     Messages:  created: 248098   present: 10   in FES: 6
** Event #1984512   t=6216.709355285074   Elapsed: 6216.52s (1h 43m)  98% completed  (98% total)
     Speed:     ev/sec=232.74   simsec/sec=1.00394   ev/simsec=231.826
     Messages:  created: 248194   present: 9   in FES: 5
** Event #1985280   t=6219.288118088455   Elapsed: 6219.1s (1h 43m)  98% completed  (98% total)
     Speed:     ev/sec=297.797   simsec/sec=0.999931   ev/simsec=297.817
     Messages:  created: 248292   present: 15   in FES: 8
** Event #1986048   t=6221.310872948494   Elapsed: 6221.14s (1h 43m)  98% completed  (98% total)
     Speed:     ev/sec=376.613   simsec/sec=0.99192   ev/simsec=379.68
     Messages:  created: 248386   present: 10   in FES: 6
** Event #1987072   t=6223.615007026438   Elapsed: 6223.43s (1h 43m)  98% completed  (98% total)
     Speed:     ev/sec=447.646   simsec/sec=1.00726   ev/simsec=444.419
     Messages:  created: 248515   present: 12   in FES: 7
** Event #1987840   t=6225.873291046617   Elapsed: 6225.69s (1h 43m)  98% completed  (98% total)
     Speed:     ev/sec=340.093   simsec/sec=1.00003   ev/simsec=340.081
     Messages:  created: 248615   present: 23   in FES: 8
** Event #1988608   t=6228.690920848827   Elapsed: 6228.51s (1h 43m)  98% completed  (98% total)
     Speed:     ev/sec=272.562   simsec/sec=0.999974   ev/simsec=272.57
     Messages:  created: 248706   present: 9   in FES: 5
** Event #1989376   t=6231.165455445253   Elapsed: 6231.01s (1h 43m)  98% completed  (98% total)
     Speed:     ev/sec=307.056   simsec/sec=0.989351   ev/simsec=310.361
     Messages:  created: 248802   present: 10   in FES: 6
** Event #1990144   t=6233.584764285523   Elapsed: 6233.4s (1h 43m)  98% completed  (98% total)
     Speed:     ev/sec=320.571   simsec/sec=1.00985   ev/simsec=317.446
     Messages:  created: 248898   present: 10   in FES: 6
** Event #1990912   t=6236.052012910864   Elapsed: 6235.87s (1h 43m)  98% completed  (98% total)
     Speed:     ev/sec=311.152   simsec/sec=0.999594   ev/simsec=311.278
     Messages:  created: 248994   present: 10   in FES: 6
** Event #1991424   t=6238.07471049696   Elapsed: 6237.89s (1h 43m)  99% completed  (99% total)
     Speed:     ev/sec=253.637   simsec/sec=1.00202   ev/simsec=253.127
     Messages:  created: 249059   present: 12   in FES: 8
** Event #1992704   t=6240.454108314185   Elapsed: 6240.28s (1h 44m)  99% completed  (99% total)
     Speed:     ev/sec=535.462   simsec/sec=0.995373   ev/simsec=537.951
     Messages:  created: 249218   present: 11   in FES: 6
** Event #1993472   t=6242.697899571409   Elapsed: 6242.51s (1h 44m)  99% completed  (99% total)
     Speed:     ev/sec=343.801   simsec/sec=1.00445   ev/simsec=342.278
     Messages:  created: 249314   present: 11   in FES: 5
** Event #1994240   t=6244.704776006388   Elapsed: 6244.52s (1h 44m)  99% completed  (99% total)
     Speed:     ev/sec=382.847   simsec/sec=1.00043   ev/simsec=382.684
     Messages:  created: 249410   present: 10   in FES: 6
** Event #1995264   t=6246.765599099426   Elapsed: 6246.58s (1h 44m)  99% completed  (99% total)
     Speed:     ev/sec=496.973   simsec/sec=1.00017   ev/simsec=496.889
     Messages:  created: 249539   present: 14   in FES: 8
** Event #1996032   t=6248.928065140482   Elapsed: 6248.74s (1h 44m)  99% completed  (99% total)
     Speed:     ev/sec=355.131   simsec/sec=0.999945   ev/simsec=355.15
     Messages:  created: 249633   present: 9   in FES: 5
** Event #1996544   t=6251.343026586069   Elapsed: 6251.16s (1h 44m)  99% completed  (99% total)
     Speed:     ev/sec=212.018   simsec/sec=1.00003   ev/simsec=212.012
     Messages:  created: 249698   present: 10   in FES: 6
** Event #1997312   t=6253.62853064131   Elapsed: 6253.44s (1h 44m)  99% completed  (99% total)
     Speed:     ev/sec=336.029   simsec/sec=0.999996   ev/simsec=336.031
     Messages:  created: 249796   present: 15   in FES: 8
** Event #1998336   t=6256.186415338519   Elapsed: 6256s (1h 44m)  99% completed  (99% total)
     Speed:     ev/sec=400.317   simsec/sec=0.999966   ev/simsec=400.331
     Messages:  created: 249921   present: 9   in FES: 5
** Event #1998848   t=6258.323150759219   Elapsed: 6258.14s (1h 44m)  99% completed  (99% total)
     Speed:     ev/sec=239.629   simsec/sec=1.00005   ev/simsec=239.618
     Messages:  created: 249985   present: 9   in FES: 5
** Event #1999360   t=6260.507207428586   Elapsed: 6260.32s (1h 44m)  99% completed  (99% total)
     Speed:     ev/sec=234.42   simsec/sec=0.999974   ev/simsec=234.426
     Messages:  created: 250050   present: 10   in FES: 6
** Event #2000128   t=6263.160029627919   Elapsed: 6262.99s (1h 44m)  99% completed  (99% total)
     Speed:     ev/sec=287.654   simsec/sec=0.993612   ev/simsec=289.503
     Messages:  created: 250146   present: 11   in FES: 6
** Event #2000640   t=6265.42015893969   Elapsed: 6265.25s (1h 44m)  99% completed  (99% total)
     Speed:     ev/sec=227.195   simsec/sec=1.00291   ev/simsec=226.536
     Messages:  created: 250210   present: 11   in FES: 6
** Event #2001408   t=6267.915007967025   Elapsed: 6267.73s (1h 44m)  99% completed  (99% total)
     Speed:     ev/sec=309.128   simsec/sec=1.0042   ev/simsec=307.834
     Messages:  created: 250305   present: 9   in FES: 5
** Event #2002176   t=6270.276520617591   Elapsed: 6270.1s (1h 44m)  99% completed  (99% total)
     Speed:     ev/sec=324.105   simsec/sec=0.996585   ev/simsec=325.215
     Messages:  created: 250402   present: 11   in FES: 6
** Event #2002688   t=6272.776663697696   Elapsed: 6272.6s (1h 44m)  99% completed  (99% total)
     Speed:     ev/sec=204.41   simsec/sec=0.998153   ev/simsec=204.788
     Messages:  created: 250466   present: 11   in FES: 7
** Event #2003456   t=6274.955608341403   Elapsed: 6274.77s (1h 44m)  99% completed  (99% total)
     Speed:     ev/sec=354.549   simsec/sec=1.00592   ev/simsec=352.464
     Messages:  created: 250563   present: 13   in FES: 8
** Event #2003968   t=6277.020773954644   Elapsed: 6276.84s (1h 44m)  99% completed  (99% total)
     Speed:     ev/sec=247.914   simsec/sec=0.999966   ev/simsec=247.922
     Messages:  created: 250626   present: 10   in FES: 6
** Event #2004736   t=6279.166515343969   Elapsed: 6278.98s (1h 44m)  99% completed  (99% total)
     Speed:     ev/sec=357.925   simsec/sec=1.00002   ev/simsec=357.918
     Messages:  created: 250721   present: 9   in FES: 5
** Event #2005504   t=6281.209439345381   Elapsed: 6281.03s (1h 44m)  99% completed  (99% total)
     Speed:     ev/sec=374.602   simsec/sec=0.996463   ev/simsec=375.932
     Messages:  created: 250818   present: 11   in FES: 6
** Event #2006272   t=6283.810993761865   Elapsed: 6283.63s (1h 44m)  99% completed  (99% total)
     Speed:     ev/sec=296.023   simsec/sec=1.00276   ev/simsec=295.208
     Messages:  created: 250914   present: 10   in FES: 6
** Event #2007040   t=6286.735986830111   Elapsed: 6286.55s (1h 44m)  99% completed  (99% total)
     Speed:     ev/sec=262.572   simsec/sec=1.00003   ev/simsec=262.565
     Messages:  created: 251009   present: 9   in FES: 5
** Event #2007808   t=6288.851648924999   Elapsed: 6288.67s (1h 44m)  99% completed  (99% total)
     Speed:     ev/sec=363.019   simsec/sec=1.00003   ev/simsec=363.007
     Messages:  created: 251107   present: 14   in FES: 8
** Event #2008320   t=6290.873995302611   Elapsed: 6290.69s (1h 44m)  99% completed  (99% total)
     Speed:     ev/sec=253.167   simsec/sec=0.999982   ev/simsec=253.171
     Messages:  created: 251169   present: 9   in FES: 5
** Event #2008832   t=6293.33777864035   Elapsed: 6293.15s (1h 44m)  99% completed  (99% total)
     Speed:     ev/sec=207.814   simsec/sec=1.00002   ev/simsec=207.81
     Messages:  created: 251234   present: 10   in FES: 6
** Event #2009344   t=6295.759288155174   Elapsed: 6295.57s (1h 44m)  99% completed  (99% total)
     Speed:     ev/sec=211.434   simsec/sec=0.999982   ev/simsec=211.438
     Messages:  created: 251297   present: 9   in FES: 5
** Event #2010112   t=6297.847039677508   Elapsed: 6297.66s (1h 44m)  99% completed  (99% total)
     Speed:     ev/sec=367.467   simsec/sec=0.998933   ev/simsec=367.86
     Messages:  created: 251394   present: 11   in FES: 7
** Event #2010695   t=6300   Elapsed: 6299.82s (1h 44m)  100% completed  (100% total)
     Speed:     ev/sec=270.551   simsec/sec=1.00083   ev/simsec=270.325
     Messages:  created: 251466   present: 10   in FES: 6

<!> Simulation time limit reached -- at t=6300s, event #2010695
