{
  "confidence_per_time": 6.994487856313536,
  "utility_per_time": -15458.875391630492,
  "utility_per_cpu": -30.035197096496987
}